MSG_ID,SYMBOL,ENUM_NAME,DEF_LOCALE,REGION_ID,CATEGORY,SEVERITY,FACILITY,STATUS,HELP_TOPIC,CMDHELPCHK,SHORT_TXT,IMPL_STAT,VIS_TIER,OWNER,SRC_AUTH,SRC_FILE,PUB_SURF,USED_RUN,ACTIVE,VER_AT,SUG_ACT,NOTES
MSG_HELP_HINT_COMMAND_A503E887,HELP_HINT_COMMAND,HelpHintCommand,en-US,GLOBAL,HINT,INFO,HELP,active,,,Type HELP {command} for more information.,implemented,core,GLOBAL,compiled_registry_v1,src/help/helpdata_messages.cpp,true,true,true,,,"owner_scope=GLOBAL ; facility_derived=HELP ; default_text_shape=singleline ; source=all_messages() ; enrichment_pending=HELP_TOPIC,CMDHELPCHK"
MSG_MESSAGE_ROUTING_PRO_79D2CEEB,MESSAGE_ROUTING_PROOF_LINE,MessageRoutingProofLine,en-US,GLOBAL,STATUS,INFO,MESSAGING,active,,,Message routing proof: {provider} {symbol},implemented,core,SUBSYSTEM:MESSAGING,compiled_registry_v1,src/help/helpdata_messages.cpp,true,true,true,,,"owner_scope=SUBSYSTEM:MESSAGING ; facility_derived=MESSAGING ; default_text_shape=singleline ; source=all_messages() ; enrichment_pending=HELP_TOPIC,CMDHELPCHK"
MSG_MESSAGE_LOCALE_SET_F483C356,MESSAGE_LOCALE_SET,MessageLocaleSet,en-US,GLOBAL,STATUS,INFO,MESSAGING,active,,,Message locale is {locale},implemented,core,SUBSYSTEM:MESSAGING,compiled_registry_v1,src/help/helpdata_messages.cpp,true,true,true,,,"owner_scope=SUBSYSTEM:MESSAGING ; facility_derived=MESSAGING ; default_text_shape=singleline ; source=all_messages() ; enrichment_pending=HELP_TOPIC,CMDHELPCHK"
MSG_SET_MESSAGE_CATALOG_643A3D89,SET_MESSAGE_CATALOG_VALIDATION_GREEN_LABEL,SetMessageCatalogValidationGreenLabel,en-US,GLOBAL,STATUS,INFO,SET,active,,,green,implemented,core,COMMAND:SET,compiled_registry_v1,src/help/helpdata_messages.cpp,true,true,true,,,"owner_scope=COMMAND:SET ; facility_derived=SET ; default_text_shape=singleline ; source=all_messages() ; enrichment_pending=HELP_TOPIC,CMDHELPCHK"
MSG_SET_MESSAGE_CATALOG_421716BD,SET_MESSAGE_CATALOG_VALIDATION_ISSUES_FOUND_LABEL,SetMessageCatalogValidationIssuesFoundLabel,en-US,GLOBAL,STATUS,WARNING,SET,active,,,issues found,implemented,core,COMMAND:SET,compiled_registry_v1,src/help/helpdata_messages.cpp,true,true,true,,,"owner_scope=COMMAND:SET ; facility_derived=SET ; default_text_shape=singleline ; source=all_messages() ; enrichment_pending=HELP_TOPIC,CMDHELPCHK"
MSG_SET_MESSAGE_CATALOG_39116EAC,SET_MESSAGE_CATALOG_VALIDATION_STATUS_TEXT,SetMessageCatalogValidationStatusText,en-US,GLOBAL,STATUS,INFO,SET,active,,,"Message catalog validation: {status} / messages: {message_count} / text rows: {text_row_count} / locales: {locales} / issues: {issue_count} / boundary: report-only; no DBF, HELP DA",implemented,core,COMMAND:SET,compiled_registry_v1,src/help/helpdata_messages.cpp,true,true,true,,,"owner_scope=COMMAND:SET ; facility_derived=SET ; default_text_shape=multiline ; source=all_messages() ; enrichment_pending=HELP_TOPIC,CMDHELPCHK"
MSG_SET_LANGUAGE_STATUS_14CC61BD,SET_LANGUAGE_STATUS_TEXT,SetLanguageStatusText,en-US,GLOBAL,STATUS,INFO,SET,active,,,"Message locale: {locale} / Supported message locales: en-US, es, fr, de, it / Usage: SET LANGUAGE [TO] <en-US|es|fr|de|it|DEFAULT> / SET LOCALE [TO] <en-US|es|fr|de|it|DEFAULT> / S",implemented,core,COMMAND:SET,compiled_registry_v1,src/help/helpdata_messages.cpp,true,true,true,,,"owner_scope=COMMAND:SET ; facility_derived=SET ; default_text_shape=multiline ; source=all_messages() ; enrichment_pending=HELP_TOPIC,CMDHELPCHK"
MSG_SET_MESSAGE_CATALOG_F2098569,SET_MESSAGE_CATALOG_PROVIDER_STATUS_TEXT,SetMessageCatalogProviderStatusText,en-US,GLOBAL,STATUS,INFO,SET,active,,,Message catalog provider status: / mode: {mode} / active catalog present: {present} / active catalog loaded: {loaded} / message count: {message_count} / text row count: {text_row_c,implemented,core,COMMAND:SET,compiled_registry_v1,src/help/helpdata_messages.cpp,true,true,true,,,"owner_scope=COMMAND:SET ; facility_derived=SET ; default_text_shape=multiline ; source=all_messages() ; enrichment_pending=HELP_TOPIC,CMDHELPCHK"
MSG_SET_LANGUAGE_ACTIVE_754594E4,SET_LANGUAGE_ACTIVE_MESSAGE_EMISSION_TEXT,SetLanguageActiveMessageEmissionText,en-US,GLOBAL,STATUS,INFO,SET,active,,,SET LANGUAGE active message emission: / current locale: {locale} / provider mode: {mode} / active catalog loaded: {loaded} / symbol: HELP_HINT_COMMAND / fallback locale: en-US / te,implemented,core,COMMAND:SET,compiled_registry_v1,src/help/helpdata_messages.cpp,true,true,true,,,"owner_scope=COMMAND:SET ; facility_derived=SET ; default_text_shape=multiline ; source=all_messages() ; enrichment_pending=HELP_TOPIC,CMDHELPCHK"
MSG_SET_LANGUAGE_ACTIVE_4065D000,SET_LANGUAGE_ACTIVE_CATALOG_CHECK_TEXT,SetLanguageActiveCatalogCheckText,en-US,GLOBAL,STATUS,INFO,SET,active,,,SET LANGUAGE active catalog check: / current language: {locale} / message catalog mode: {mode} / active catalog present: {present} / active catalog loaded: {loaded} / message count,implemented,core,COMMAND:SET,compiled_registry_v1,src/help/helpdata_messages.cpp,true,true,true,,,"owner_scope=COMMAND:SET ; facility_derived=SET ; default_text_shape=multiline ; source=all_messages() ; enrichment_pending=HELP_TOPIC,CMDHELPCHK"
MSG_SET_MESSAGE_PROOF_U_F17CB551,SET_MESSAGE_PROOF_USAGE_TEXT,SetMessageProofUsageText,en-US,GLOBAL,USAGE,INFO,SET,active,,,Usage: / SET MESSAGE PROOF ON / SET MESSAGE PROOF OFF / SET MESSAGE PROOF CHECK,implemented,core,COMMAND:SET,compiled_registry_v1,src/help/helpdata_messages.cpp,true,true,true,,,"owner_scope=COMMAND:SET ; facility_derived=SET ; default_text_shape=multiline ; source=all_messages() ; enrichment_pending=HELP_TOPIC,CMDHELPCHK"
MSG_SET_MESSAGE_EMIT_US_4AD59784,SET_MESSAGE_EMIT_USAGE_TEXT,SetMessageEmitUsageText,en-US,GLOBAL,USAGE,INFO,SET,active,,,Usage: / SET MESSAGE CATALOG CHECK / SET MESSAGE PROOF ON|OFF|CHECK / SET MESSAGE EMIT <symbol> [LOCALE <locale>] [ARG <name> <value>],implemented,core,COMMAND:SET,compiled_registry_v1,src/help/helpdata_messages.cpp,true,true,true,,,"owner_scope=COMMAND:SET ; facility_derived=SET ; default_text_shape=multiline ; source=all_messages() ; enrichment_pending=HELP_TOPIC,CMDHELPCHK"
MSG_SET_MESSAGE_EMIT_ST_31D36CE0,SET_MESSAGE_EMIT_STATUS_TEXT,SetMessageEmitStatusText,en-US,GLOBAL,STATUS,INFO,SET,active,,,SET MESSAGE EMIT: / current locale: {current_locale} / provider mode: {mode} / active catalog present: {present} / active catalog loaded: {loaded} / message count: {message_count} ,implemented,core,COMMAND:SET,compiled_registry_v1,src/help/helpdata_messages.cpp,true,true,true,,,"owner_scope=COMMAND:SET ; facility_derived=SET ; default_text_shape=multiline ; source=all_messages() ; enrichment_pending=HELP_TOPIC,CMDHELPCHK"
MSG_SET_MESSAGE_CATALOG_EA0438F9,SET_MESSAGE_CATALOG_REPORT_HEADER_TEXT,SetMessageCatalogReportHeaderText,en-US,GLOBAL,STATUS,INFO,SET,active,,,Message catalog report: report-only / schema intent: SYSTEM_MESSAGES + SYSTEM_MESSAGE_TEXT / messages: {message_count} / text rows: {text_row_count} / locales: {locales} / validati,implemented,core,COMMAND:SET,compiled_registry_v1,src/help/helpdata_messages.cpp,true,true,true,,,"owner_scope=COMMAND:SET ; facility_derived=SET ; default_text_shape=multiline ; source=all_messages() ; enrichment_pending=HELP_TOPIC,CMDHELPCHK"
MSG_SET_MESSAGE_CATALOG_B18748D7,SET_MESSAGE_CATALOG_REPORT_LOCALE_FILTER_LINE,SetMessageCatalogReportLocaleFilterLine,en-US,GLOBAL,STATUS,INFO,SET,active,,,locale filter: {locale},implemented,core,COMMAND:SET,compiled_registry_v1,src/help/helpdata_messages.cpp,true,true,true,,,"owner_scope=COMMAND:SET ; facility_derived=SET ; default_text_shape=singleline ; source=all_messages() ; enrichment_pending=HELP_TOPIC,CMDHELPCHK"
MSG_SET_MESSAGE_CATALOG_BF408D6B,SET_MESSAGE_CATALOG_REPORT_SYSTEM_MESSAGES_TITLE,SetMessageCatalogReportSystemMessagesTitle,en-US,GLOBAL,STATUS,INFO,SET,active,,,SYSTEM_MESSAGES preview:,implemented,core,COMMAND:SET,compiled_registry_v1,src/help/helpdata_messages.cpp,true,true,true,,,"owner_scope=COMMAND:SET ; facility_derived=SET ; default_text_shape=singleline ; source=all_messages() ; enrichment_pending=HELP_TOPIC,CMDHELPCHK"
MSG_SET_MESSAGE_CATALOG_39DA9997,SET_MESSAGE_CATALOG_REPORT_MESSAGE_ROW,SetMessageCatalogReportMessageRow,en-US,GLOBAL,STATUS,INFO,SET,active,,,{key} | owner={owner} | category={category} | severity={severity},implemented,core,COMMAND:SET,compiled_registry_v1,src/help/helpdata_messages.cpp,true,true,true,,,"owner_scope=COMMAND:SET ; facility_derived=SET ; default_text_shape=singleline ; source=all_messages() ; enrichment_pending=HELP_TOPIC,CMDHELPCHK"
MSG_SET_MESSAGE_CATALOG_3A53AD33,SET_MESSAGE_CATALOG_REPORT_SYSTEM_MESSAGE_TEXT_TITLE,SetMessageCatalogReportSystemMessageTextTitle,en-US,GLOBAL,STATUS,INFO,SET,active,,,SYSTEM_MESSAGE_TEXT preview:,implemented,core,COMMAND:SET,compiled_registry_v1,src/help/helpdata_messages.cpp,true,true,true,,,"owner_scope=COMMAND:SET ; facility_derived=SET ; default_text_shape=singleline ; source=all_messages() ; enrichment_pending=HELP_TOPIC,CMDHELPCHK"
MSG_SET_MESSAGE_CATALOG_27799331,SET_MESSAGE_CATALOG_REPORT_NO_MATCHING_TEXT_ROWS,SetMessageCatalogReportNoMatchingTextRows,en-US,GLOBAL,STATUS,INFO,SET,active,,,<no matching text rows>,implemented,core,COMMAND:SET,compiled_registry_v1,src/help/helpdata_messages.cpp,true,true,true,,,"owner_scope=COMMAND:SET ; facility_derived=SET ; default_text_shape=singleline ; source=all_messages() ; enrichment_pending=HELP_TOPIC,CMDHELPCHK"
MSG_SET_MESSAGE_CATALOG_309A3A90,SET_MESSAGE_CATALOG_REPORT_TEXT_ROW,SetMessageCatalogReportTextRow,en-US,GLOBAL,STATUS,INFO,SET,active,,,{key}:{value},implemented,core,COMMAND:SET,compiled_registry_v1,src/help/helpdata_messages.cpp,true,true,true,,,"owner_scope=COMMAND:SET ; facility_derived=SET ; default_text_shape=singleline ; source=all_messages() ; enrichment_pending=HELP_TOPIC,CMDHELPCHK"
MSG_SET_MESSAGE_CATALOG_B4726F33,SET_MESSAGE_CATALOG_VALIDATION_ISSUE_ROW_TEXT,SetMessageCatalogValidationIssueRowText,en-US,GLOBAL,STATUS,INFO,SET,active,,,{code} key={key} locale={locale} detail={detail},implemented,core,COMMAND:SET,compiled_registry_v1,src/help/helpdata_messages.cpp,true,true,true,,,"owner_scope=COMMAND:SET ; facility_derived=SET ; default_text_shape=singleline ; source=all_messages() ; enrichment_pending=HELP_TOPIC,CMDHELPCHK"
MSG_SET_USAGE_TEXT_A19C3F9E,SET_USAGE_TEXT,SetUsageText,en-US,GLOBAL,USAGE,INFO,SET,active,,,Usage: / SET / SET USAGE / SET <option> [args] / Public options: / SET TABLE BUFFER ON|OFF [ALL] / SET CONSOLE ON|OFF / SET PRINT ON|OFF / SET PRINT TO <file> / SET DEVICE TO SCREE,implemented,core,COMMAND:SET,compiled_registry_v1,src/help/helpdata_messages.cpp,true,true,true,,,"owner_scope=COMMAND:SET ; facility_derived=SET ; default_text_shape=multiline ; source=all_messages() ; enrichment_pending=HELP_TOPIC,CMDHELPCHK"
MSG_SET_TABLE_BUFFER_US_8F4832EF,SET_TABLE_BUFFER_USAGE_TEXT,SetTableBufferUsageText,en-US,GLOBAL,USAGE,INFO,SET TABLE BUFFER,active,,,Usage: SET TABLE BUFFER ON|OFF [ALL],implemented,core,COMMAND:SET TABLE BUFFER,compiled_registry_v1,src/help/helpdata_messages.cpp,true,true,true,,,"owner_scope=COMMAND:SET TABLE BUFFER ; facility_derived=SET TABLE BUFFER ; default_text_shape=singleline ; source=all_messages() ; enrichment_pending=HELP_TOPIC,CMDHELPCHK"
MSG_SET_TABLE_BUFFER_EN_9ABE7AA8,SET_TABLE_BUFFER_ENGINE_UNAVAILABLE_TEXT,SetTableBufferEngineUnavailableText,en-US,GLOBAL,ERROR,ERROR,SET TABLE BUFFER,active,,,TABLE BUFFER: engine not available.,implemented,core,COMMAND:SET TABLE BUFFER,compiled_registry_v1,src/help/helpdata_messages.cpp,true,true,true,,,"owner_scope=COMMAND:SET TABLE BUFFER ; facility_derived=SET TABLE BUFFER ; default_text_shape=singleline ; source=all_messages() ; enrichment_pending=HELP_TOPIC,CMDHELPCHK"
MSG_SET_TABLE_BUFFER_AL_2E803E7F,SET_TABLE_BUFFER_ALL_STATUS_TEXT,SetTableBufferAllStatusText,en-US,GLOBAL,STATUS,INFO,SET TABLE BUFFER,active,,,TABLE BUFFER: {state} for {count} open area(s).,implemented,core,COMMAND:SET TABLE BUFFER,compiled_registry_v1,src/help/helpdata_messages.cpp,true,true,true,,,"owner_scope=COMMAND:SET TABLE BUFFER ; facility_derived=SET TABLE BUFFER ; default_text_shape=singleline ; source=all_messages() ; enrichment_pending=HELP_TOPIC,CMDHELPCHK"
MSG_SET_TABLE_BUFFER_CA_7E279ACF,SET_TABLE_BUFFER_CANNOT_DETERMINE_CURRENT_AREA_TEXT,SetTableBufferCannotDetermineCurrentAreaText,en-US,GLOBAL,ERROR,ERROR,SET TABLE BUFFER,active,,,TABLE BUFFER: cannot determine current area.,implemented,core,COMMAND:SET TABLE BUFFER,compiled_registry_v1,src/help/helpdata_messages.cpp,true,true,true,,,"owner_scope=COMMAND:SET TABLE BUFFER ; facility_derived=SET TABLE BUFFER ; default_text_shape=singleline ; source=all_messages() ; enrichment_pending=HELP_TOPIC,CMDHELPCHK"
MSG_SET_TABLE_BUFFER_AR_50811399,SET_TABLE_BUFFER_AREA_STATUS_TEXT,SetTableBufferAreaStatusText,en-US,GLOBAL,STATUS,INFO,SET TABLE BUFFER,active,,,TABLE BUFFER: {state} (area {area}),implemented,core,COMMAND:SET TABLE BUFFER,compiled_registry_v1,src/help/helpdata_messages.cpp,true,true,true,,,"owner_scope=COMMAND:SET TABLE BUFFER ; facility_derived=SET TABLE BUFFER ; default_text_shape=singleline ; source=all_messages() ; enrichment_pending=HELP_TOPIC,CMDHELPCHK"
MSG_TABLE_BUFFER_USAGE__C8FB9B03,TABLE_BUFFER_USAGE_TEXT,TableBufferUsageText,en-US,GLOBAL,USAGE,INFO,TABLE BUFFER,active,,,"Usage: / TABLE / TABLE ALL / TABLE STATUS [ALL] / TABLE BUFFER ON [PERSISTENT|RAM] [<n>|ALL|n,m,...] / TABLE BUFFER OFF [<n>|ALL|n,m,...] / TABLE BUFFER PERSISTENT [ON|OFF] [<n>|AL",implemented,core,COMMAND:TABLE BUFFER,compiled_registry_v1,src/help/helpdata_messages.cpp,true,true,true,,,"owner_scope=COMMAND:TABLE BUFFER ; facility_derived=TABLE BUFFER ; default_text_shape=multiline ; source=all_messages() ; enrichment_pending=HELP_TOPIC,CMDHELPCHK"
MSG_TABLE_BUFFER_TESTAD_BEFDEF5F,TABLE_BUFFER_TESTADD_USAGE_TEXT,TableBufferTestAddUsageText,en-US,GLOBAL,USAGE,INFO,TABLE BUFFER,active,,,Usage: TABLE BUFFER TESTADD <recno> [flags] [field1] [value],implemented,core,COMMAND:TABLE BUFFER,compiled_registry_v1,src/help/helpdata_messages.cpp,true,true,true,,,"owner_scope=COMMAND:TABLE BUFFER ; facility_derived=TABLE BUFFER ; default_text_shape=singleline ; source=all_messages() ; enrichment_pending=HELP_TOPIC,CMDHELPCHK"
MSG_TABLE_BUFFER_AREAS__C87B8639,TABLE_BUFFER_AREAS_ALL_TITLE_TEXT,TableBufferAreasAllTitleText,en-US,GLOBAL,STATUS,INFO,TABLE BUFFER,active,,,areas 0..{last},implemented,core,COMMAND:TABLE BUFFER,compiled_registry_v1,src/help/helpdata_messages.cpp,true,true,true,,,"owner_scope=COMMAND:TABLE BUFFER ; facility_derived=TABLE BUFFER ; default_text_shape=singleline ; source=all_messages() ; enrichment_pending=HELP_TOPIC,CMDHELPCHK"
MSG_TABLE_BUFFER_OCCUPI_98F14DD0,TABLE_BUFFER_OCCUPIED_AREAS_TITLE_TEXT,TableBufferOccupiedAreasTitleText,en-US,GLOBAL,STATUS,INFO,TABLE BUFFER,active,,,occupied areas only,implemented,core,COMMAND:TABLE BUFFER,compiled_registry_v1,src/help/helpdata_messages.cpp,true,true,true,,,"owner_scope=COMMAND:TABLE BUFFER ; facility_derived=TABLE BUFFER ; default_text_shape=singleline ; source=all_messages() ; enrichment_pending=HELP_TOPIC,CMDHELPCHK"
MSG_TABLE_BUFFER_AREAS__21D9CA47,TABLE_BUFFER_AREAS_UPDATED_TEXT,TableBufferAreasUpdatedText,en-US,GLOBAL,STATUS,INFO,TABLE BUFFER,active,,,{count} area(s) updated.,implemented,core,COMMAND:TABLE BUFFER,compiled_registry_v1,src/help/helpdata_messages.cpp,true,true,true,,,"owner_scope=COMMAND:TABLE BUFFER ; facility_derived=TABLE BUFFER ; default_text_shape=singleline ; source=all_messages() ; enrichment_pending=HELP_TOPIC,CMDHELPCHK"
MSG_TABLE_BUFFER_PERSIS_6D200A3F,TABLE_BUFFER_PERSISTENCE_UPDATED_TEXT,TableBufferPersistenceUpdatedText,en-US,GLOBAL,STATUS,INFO,TABLE BUFFER,active,,,{count} area(s) persistence updated.,implemented,core,COMMAND:TABLE BUFFER,compiled_registry_v1,src/help/helpdata_messages.cpp,true,true,true,,,"owner_scope=COMMAND:TABLE BUFFER ; facility_derived=TABLE BUFFER ; default_text_shape=singleline ; source=all_messages() ; enrichment_pending=HELP_TOPIC,CMDHELPCHK"
MSG_TABLE_BUFFER_INVALI_A7F84E24,TABLE_BUFFER_INVALID_AREA_TEXT,TableBufferInvalidAreaText,en-US,GLOBAL,ERROR,ERROR,TABLE BUFFER,active,,,invalid area.,implemented,core,COMMAND:TABLE BUFFER,compiled_registry_v1,src/help/helpdata_messages.cpp,true,true,true,,,"owner_scope=COMMAND:TABLE BUFFER ; facility_derived=TABLE BUFFER ; default_text_shape=singleline ; source=all_messages() ; enrichment_pending=HELP_TOPIC,CMDHELPCHK"
MSG_TABLE_BUFFER_STATUS_85D8070C,TABLE_BUFFER_STATUS_HEADER_TEXT,TableBufferStatusHeaderText,en-US,GLOBAL,STATUS,INFO,TABLE BUFFER,active,,,Area {area} buffer:,implemented,core,COMMAND:TABLE BUFFER,compiled_registry_v1,src/help/helpdata_messages.cpp,true,true,true,,,"owner_scope=COMMAND:TABLE BUFFER ; facility_derived=TABLE BUFFER ; default_text_shape=singleline ; source=all_messages() ; enrichment_pending=HELP_TOPIC,CMDHELPCHK"
MSG_TABLE_BUFFER_DUMP_H_C66CB70C,TABLE_BUFFER_DUMP_HEADER_TEXT,TableBufferDumpHeaderText,en-US,GLOBAL,STATUS,INFO,TABLE BUFFER,active,,,Area {area} buffer dump:,implemented,core,COMMAND:TABLE BUFFER,compiled_registry_v1,src/help/helpdata_messages.cpp,true,true,true,,,"owner_scope=COMMAND:TABLE BUFFER ; facility_derived=TABLE BUFFER ; default_text_shape=singleline ; source=all_messages() ; enrichment_pending=HELP_TOPIC,CMDHELPCHK"
MSG_TABLE_BUFFER_EMPTY__15C5F635,TABLE_BUFFER_EMPTY_BUFFER_TEXT,TableBufferEmptyBufferText,en-US,GLOBAL,STATUS,INFO,TABLE BUFFER,active,,,Area {area} buffer: empty,implemented,core,COMMAND:TABLE BUFFER,compiled_registry_v1,src/help/helpdata_messages.cpp,true,true,true,,,"owner_scope=COMMAND:TABLE BUFFER ; facility_derived=TABLE BUFFER ; default_text_shape=singleline ; source=all_messages() ; enrichment_pending=HELP_TOPIC,CMDHELPCHK"
MSG_TABLE_BUFFER_NO_CUR_3391465E,TABLE_BUFFER_NO_CURRENT_ENABLED_AREA_TEXT,TableBufferNoCurrentEnabledAreaText,en-US,GLOBAL,ERROR,ERROR,TABLE BUFFER,active,,,no current enabled area.,implemented,core,COMMAND:TABLE BUFFER,compiled_registry_v1,src/help/helpdata_messages.cpp,true,true,true,,,"owner_scope=COMMAND:TABLE BUFFER ; facility_derived=TABLE BUFFER ; default_text_shape=singleline ; source=all_messages() ; enrichment_pending=HELP_TOPIC,CMDHELPCHK"
MSG_TABLE_BUFFER_NO_CUR_54812267,TABLE_BUFFER_NO_CURRENT_AREA_SELECTED_OR_ENABLED_TEXT,TableBufferNoCurrentAreaSelectedOrEnabledText,en-US,GLOBAL,ERROR,ERROR,TABLE BUFFER,active,,,no current area selected or not enabled.,implemented,core,COMMAND:TABLE BUFFER,compiled_registry_v1,src/help/helpdata_messages.cpp,true,true,true,,,"owner_scope=COMMAND:TABLE BUFFER ; facility_derived=TABLE BUFFER ; default_text_shape=singleline ; source=all_messages() ; enrichment_pending=HELP_TOPIC,CMDHELPCHK"
MSG_TABLE_BUFFER_INVALI_960B0960,TABLE_BUFFER_INVALID_RECNO_TEXT,TableBufferInvalidRecnoText,en-US,GLOBAL,ERROR,ERROR,TABLE BUFFER,active,,,invalid recno.,implemented,core,COMMAND:TABLE BUFFER,compiled_registry_v1,src/help/helpdata_messages.cpp,true,true,true,,,"owner_scope=COMMAND:TABLE BUFFER ; facility_derived=TABLE BUFFER ; default_text_shape=singleline ; source=all_messages() ; enrichment_pending=HELP_TOPIC,CMDHELPCHK"
MSG_TABLE_BUFFER_CANNOT_3C368B02,TABLE_BUFFER_CANNOT_DETERMINE_CURRENT_AREA_SPECIFY_TEXT,TableBufferCannotDetermineCurrentAreaSpecifyText,en-US,GLOBAL,ERROR,ERROR,TABLE BUFFER,active,,,cannot determine current area; specify an area number.,implemented,core,COMMAND:TABLE BUFFER,compiled_registry_v1,src/help/helpdata_messages.cpp,true,true,true,,,"owner_scope=COMMAND:TABLE BUFFER ; facility_derived=TABLE BUFFER ; default_text_shape=singleline ; source=all_messages() ; enrichment_pending=HELP_TOPIC,CMDHELPCHK"
MSG_TABLE_BUFFER_RESET__250B30E4,TABLE_BUFFER_RESET_ALL_TEXT,TableBufferResetAllText,en-US,GLOBAL,STATUS,INFO,TABLE BUFFER,active,,,reset all areas.,implemented,core,COMMAND:TABLE BUFFER,compiled_registry_v1,src/help/helpdata_messages.cpp,true,true,true,,,"owner_scope=COMMAND:TABLE BUFFER ; facility_derived=TABLE BUFFER ; default_text_shape=singleline ; source=all_messages() ; enrichment_pending=HELP_TOPIC,CMDHELPCHK"
MSG_TABLE_BUFFER_UNKNOW_684D9F8A,TABLE_BUFFER_UNKNOWN_SUBCOMMAND_TEXT,TableBufferUnknownSubcommandText,en-US,GLOBAL,ERROR,ERROR,TABLE BUFFER,active,,,unknown subcommand '{subcommand}'.,implemented,core,COMMAND:TABLE BUFFER,compiled_registry_v1,src/help/helpdata_messages.cpp,true,true,true,,,"owner_scope=COMMAND:TABLE BUFFER ; facility_derived=TABLE BUFFER ; default_text_shape=singleline ; source=all_messages() ; enrichment_pending=HELP_TOPIC,CMDHELPCHK"
MSG_SET_CONSOLE_USAGE_T_A6F334AA,SET_CONSOLE_USAGE_TEXT,SetConsoleUsageText,en-US,GLOBAL,USAGE,INFO,SET CONSOLE,active,,,Usage: SET CONSOLE ON|OFF,implemented,core,COMMAND:SET CONSOLE,compiled_registry_v1,src/help/helpdata_messages.cpp,true,true,true,,,"owner_scope=COMMAND:SET CONSOLE ; facility_derived=SET CONSOLE ; default_text_shape=singleline ; source=all_messages() ; enrichment_pending=HELP_TOPIC,CMDHELPCHK"
MSG_SET_PRINT_USAGE_TEX_7E31DC6F,SET_PRINT_USAGE_TEXT,SetPrintUsageText,en-US,GLOBAL,USAGE,INFO,SET PRINT,active,,,Usage: SET PRINT ON|OFF | SET PRINT TO <file>,implemented,core,COMMAND:SET PRINT,compiled_registry_v1,src/help/helpdata_messages.cpp,true,true,true,,,"owner_scope=COMMAND:SET PRINT ; facility_derived=SET PRINT ; default_text_shape=singleline ; source=all_messages() ; enrichment_pending=HELP_TOPIC,CMDHELPCHK"
MSG_SET_PRINT_TO_USAGE__37672A13,SET_PRINT_TO_USAGE_TEXT,SetPrintToUsageText,en-US,GLOBAL,USAGE,INFO,SET PRINT,active,,,Usage: SET PRINT TO <file>,implemented,core,COMMAND:SET PRINT,compiled_registry_v1,src/help/helpdata_messages.cpp,true,true,true,,,"owner_scope=COMMAND:SET PRINT ; facility_derived=SET PRINT ; default_text_shape=singleline ; source=all_messages() ; enrichment_pending=HELP_TOPIC,CMDHELPCHK"
MSG_SET_PRINT_TO_FAILED_9D4916DD,SET_PRINT_TO_FAILED_TEXT,SetPrintToFailedText,en-US,GLOBAL,ERROR,ERROR,SET PRINT,active,,,PRINT TO failed: {path},implemented,core,COMMAND:SET PRINT,compiled_registry_v1,src/help/helpdata_messages.cpp,true,true,true,,,"owner_scope=COMMAND:SET PRINT ; facility_derived=SET PRINT ; default_text_shape=singleline ; source=all_messages() ; enrichment_pending=HELP_TOPIC,CMDHELPCHK"
MSG_SET_PRINT_ON_REQUIR_53075362,SET_PRINT_ON_REQUIRES_FILE_TEXT,SetPrintOnRequiresFileText,en-US,GLOBAL,ERROR,ERROR,SET PRINT,active,,,SET PRINT ON requires a file. Use: SET PRINT TO <file>,implemented,core,COMMAND:SET PRINT,compiled_registry_v1,src/help/helpdata_messages.cpp,true,true,true,,,"owner_scope=COMMAND:SET PRINT ; facility_derived=SET PRINT ; default_text_shape=singleline ; source=all_messages() ; enrichment_pending=HELP_TOPIC,CMDHELPCHK"
MSG_SET_ALTERNATE_USAGE_D6F6C5A0,SET_ALTERNATE_USAGE_TEXT,SetAlternateUsageText,en-US,GLOBAL,USAGE,INFO,SET ALTERNATE,active,,,Usage: SET ALTERNATE ON|OFF | SET ALTERNATE TO <file>,implemented,core,COMMAND:SET ALTERNATE,compiled_registry_v1,src/help/helpdata_messages.cpp,true,true,true,,,"owner_scope=COMMAND:SET ALTERNATE ; facility_derived=SET ALTERNATE ; default_text_shape=singleline ; source=all_messages() ; enrichment_pending=HELP_TOPIC,CMDHELPCHK"
MSG_SET_ALTERNATE_TO_US_BA93FFD5,SET_ALTERNATE_TO_USAGE_TEXT,SetAlternateToUsageText,en-US,GLOBAL,USAGE,INFO,SET ALTERNATE,active,,,Usage: SET ALTERNATE TO <file>,implemented,core,COMMAND:SET ALTERNATE,compiled_registry_v1,src/help/helpdata_messages.cpp,true,true,true,,,"owner_scope=COMMAND:SET ALTERNATE ; facility_derived=SET ALTERNATE ; default_text_shape=singleline ; source=all_messages() ; enrichment_pending=HELP_TOPIC,CMDHELPCHK"
MSG_SET_ALTERNATE_TO_FA_65697D29,SET_ALTERNATE_TO_FAILED_TEXT,SetAlternateToFailedText,en-US,GLOBAL,ERROR,ERROR,SET ALTERNATE,active,,,ALTERNATE TO failed: {path},implemented,core,COMMAND:SET ALTERNATE,compiled_registry_v1,src/help/helpdata_messages.cpp,true,true,true,,,"owner_scope=COMMAND:SET ALTERNATE ; facility_derived=SET ALTERNATE ; default_text_shape=singleline ; source=all_messages() ; enrichment_pending=HELP_TOPIC,CMDHELPCHK"
MSG_SET_ALTERNATE_TO_ST_72E92046,SET_ALTERNATE_TO_STATUS_TEXT,SetAlternateToStatusText,en-US,GLOBAL,STATUS,INFO,SET ALTERNATE,active,,,ALTERNATE TO: {path},implemented,core,COMMAND:SET ALTERNATE,compiled_registry_v1,src/help/helpdata_messages.cpp,true,true,true,,,"owner_scope=COMMAND:SET ALTERNATE ; facility_derived=SET ALTERNATE ; default_text_shape=singleline ; source=all_messages() ; enrichment_pending=HELP_TOPIC,CMDHELPCHK"
MSG_SET_ALTERNATE_STATU_411256C5,SET_ALTERNATE_STATUS_TEXT,SetAlternateStatusText,en-US,GLOBAL,STATUS,INFO,SET ALTERNATE,active,,,Alternate is {state},implemented,core,COMMAND:SET ALTERNATE,compiled_registry_v1,src/help/helpdata_messages.cpp,true,true,true,,,"owner_scope=COMMAND:SET ALTERNATE ; facility_derived=SET ALTERNATE ; default_text_shape=singleline ; source=all_messages() ; enrichment_pending=HELP_TOPIC,CMDHELPCHK"
MSG_SET_TALK_USAGE_TEXT_A6D93063,SET_TALK_USAGE_TEXT,SetTalkUsageText,en-US,GLOBAL,USAGE,INFO,SET TALK,active,,,Usage: SET TALK ON|OFF,implemented,core,COMMAND:SET TALK,compiled_registry_v1,src/help/helpdata_messages.cpp,true,true,true,,,"owner_scope=COMMAND:SET TALK ; facility_derived=SET TALK ; default_text_shape=singleline ; source=all_messages() ; enrichment_pending=HELP_TOPIC,CMDHELPCHK"
MSG_SET_TALK_STATUS_TEX_50D10CE6,SET_TALK_STATUS_TEXT,SetTalkStatusText,en-US,GLOBAL,STATUS,INFO,SET TALK,active,,,Talk is {state},implemented,core,COMMAND:SET TALK,compiled_registry_v1,src/help/helpdata_messages.cpp,true,true,true,,,"owner_scope=COMMAND:SET TALK ; facility_derived=SET TALK ; default_text_shape=singleline ; source=all_messages() ; enrichment_pending=HELP_TOPIC,CMDHELPCHK"
MSG_SET_ECHO_USAGE_TEXT_A83BC9C6,SET_ECHO_USAGE_TEXT,SetEchoUsageText,en-US,GLOBAL,USAGE,INFO,SET ECHO,active,,,Usage: SET ECHO ON|OFF,implemented,core,COMMAND:SET ECHO,compiled_registry_v1,src/help/helpdata_messages.cpp,true,true,true,,,"owner_scope=COMMAND:SET ECHO ; facility_derived=SET ECHO ; default_text_shape=singleline ; source=all_messages() ; enrichment_pending=HELP_TOPIC,CMDHELPCHK"
MSG_SET_ECHO_STATUS_TEX_7F447970,SET_ECHO_STATUS_TEXT,SetEchoStatusText,en-US,GLOBAL,STATUS,INFO,SET ECHO,active,,,Echo is {state},implemented,core,COMMAND:SET ECHO,compiled_registry_v1,src/help/helpdata_messages.cpp,true,true,true,,,"owner_scope=COMMAND:SET ECHO ; facility_derived=SET ECHO ; default_text_shape=singleline ; source=all_messages() ; enrichment_pending=HELP_TOPIC,CMDHELPCHK"
MSG_ECHO_USAGE_TEXT_D8B6F953,ECHO_USAGE_TEXT,EchoUsageText,en-US,GLOBAL,USAGE,INFO,ECHO,active,,,Usage: / ECHO / ECHO USAGE / ECHO <text> / Notes: / - ECHO ON is not the toggle command; use SET ECHO ON or SET ECHO OFF.,implemented,core,COMMAND:ECHO,compiled_registry_v1,src/help/helpdata_messages.cpp,true,true,true,,,"owner_scope=COMMAND:ECHO ; facility_derived=ECHO ; default_text_shape=multiline ; source=all_messages() ; enrichment_pending=HELP_TOPIC,CMDHELPCHK"
MSG_SET_PAGING_USAGE_TE_F27F7797,SET_PAGING_USAGE_TEXT,SetPagingUsageText,en-US,GLOBAL,USAGE,INFO,SET PAGING,active,,,Usage: SET PAGING ON|OFF,implemented,core,COMMAND:SET PAGING,compiled_registry_v1,src/help/helpdata_messages.cpp,true,true,true,,,"owner_scope=COMMAND:SET PAGING ; facility_derived=SET PAGING ; default_text_shape=singleline ; source=all_messages() ; enrichment_pending=HELP_TOPIC,CMDHELPCHK"
MSG_SET_PAGING_STATUS_T_0F793155,SET_PAGING_STATUS_TEXT,SetPagingStatusText,en-US,GLOBAL,STATUS,INFO,SET PAGING,active,,,Paging is {state},implemented,core,COMMAND:SET PAGING,compiled_registry_v1,src/help/helpdata_messages.cpp,true,true,true,,,"owner_scope=COMMAND:SET PAGING ; facility_derived=SET PAGING ; default_text_shape=singleline ; source=all_messages() ; enrichment_pending=HELP_TOPIC,CMDHELPCHK"
MSG_SET_WRAP_USAGE_TEXT_6991290E,SET_WRAP_USAGE_TEXT,SetWrapUsageText,en-US,GLOBAL,USAGE,INFO,SET WRAP,active,,,Usage: SET WRAP ON|OFF,implemented,core,COMMAND:SET WRAP,compiled_registry_v1,src/help/helpdata_messages.cpp,true,true,true,,,"owner_scope=COMMAND:SET WRAP ; facility_derived=SET WRAP ; default_text_shape=singleline ; source=all_messages() ; enrichment_pending=HELP_TOPIC,CMDHELPCHK"
MSG_SET_WRAP_STATUS_TEX_1622DE08,SET_WRAP_STATUS_TEXT,SetWrapStatusText,en-US,GLOBAL,STATUS,INFO,SET WRAP,active,,,Wrap is {state},implemented,core,COMMAND:SET WRAP,compiled_registry_v1,src/help/helpdata_messages.cpp,true,true,true,,,"owner_scope=COMMAND:SET WRAP ; facility_derived=SET WRAP ; default_text_shape=singleline ; source=all_messages() ; enrichment_pending=HELP_TOPIC,CMDHELPCHK"
MSG_SET_DEVDIAG_USAGE_T_B3942175,SET_DEVDIAG_USAGE_TEXT,SetDevdiagUsageText,en-US,GLOBAL,USAGE,INFO,SET DEVDIAG,active,,,Usage: SET DEVDIAG ON|OFF|STATUS,implemented,core,COMMAND:SET DEVDIAG,compiled_registry_v1,src/help/helpdata_messages.cpp,true,true,true,,,"owner_scope=COMMAND:SET DEVDIAG ; facility_derived=SET DEVDIAG ; default_text_shape=singleline ; source=all_messages() ; enrichment_pending=HELP_TOPIC,CMDHELPCHK"
MSG_SET_DEVDIAG_STATUS__F050D11C,SET_DEVDIAG_STATUS_TEXT,SetDevdiagStatusText,en-US,GLOBAL,STATUS,INFO,SET DEVDIAG,active,,,Passive dev diagnostics are {state},implemented,core,COMMAND:SET DEVDIAG,compiled_registry_v1,src/help/helpdata_messages.cpp,true,true,true,,,"owner_scope=COMMAND:SET DEVDIAG ; facility_derived=SET DEVDIAG ; default_text_shape=singleline ; source=all_messages() ; enrichment_pending=HELP_TOPIC,CMDHELPCHK"
MSG_SET_TIMER_USAGE_TEX_481B931D,SET_TIMER_USAGE_TEXT,SetTimerUsageText,en-US,GLOBAL,USAGE,INFO,SET TIMER,active,,,Usage: SET TIMER ON|OFF,implemented,core,COMMAND:SET TIMER,compiled_registry_v1,src/help/helpdata_messages.cpp,true,true,true,,,"owner_scope=COMMAND:SET TIMER ; facility_derived=SET TIMER ; default_text_shape=singleline ; source=all_messages() ; enrichment_pending=HELP_TOPIC,CMDHELPCHK"
MSG_SET_TIMER_STATUS_TE_A528B154,SET_TIMER_STATUS_TEXT,SetTimerStatusText,en-US,GLOBAL,STATUS,INFO,SET TIMER,active,,,Timer is {state},implemented,core,COMMAND:SET TIMER,compiled_registry_v1,src/help/helpdata_messages.cpp,true,true,true,,,"owner_scope=COMMAND:SET TIMER ; facility_derived=SET TIMER ; default_text_shape=singleline ; source=all_messages() ; enrichment_pending=HELP_TOPIC,CMDHELPCHK"
MSG_SET_POLLING_USAGE_T_FDDBD4ED,SET_POLLING_USAGE_TEXT,SetPollingUsageText,en-US,GLOBAL,USAGE,INFO,SET POLLING,active,,,Usage: SET POLLING ON|OFF,implemented,core,COMMAND:SET POLLING,compiled_registry_v1,src/help/helpdata_messages.cpp,true,true,true,,,"owner_scope=COMMAND:SET POLLING ; facility_derived=SET POLLING ; default_text_shape=singleline ; source=all_messages() ; enrichment_pending=HELP_TOPIC,CMDHELPCHK"
MSG_SET_POLLING_STATUS__DFDA91BE,SET_POLLING_STATUS_TEXT,SetPollingStatusText,en-US,GLOBAL,STATUS,INFO,SET POLLING,active,,,Polling is {state},implemented,core,COMMAND:SET POLLING,compiled_registry_v1,src/help/helpdata_messages.cpp,true,true,true,,,"owner_scope=COMMAND:SET POLLING ; facility_derived=SET POLLING ; default_text_shape=singleline ; source=all_messages() ; enrichment_pending=HELP_TOPIC,CMDHELPCHK"
MSG_SET_DELETED_USAGE_T_49FB6307,SET_DELETED_USAGE_TEXT,SetDeletedUsageText,en-US,GLOBAL,USAGE,INFO,SET DELETED,active,,,Usage: SET DELETED ON|OFF,implemented,core,COMMAND:SET DELETED,compiled_registry_v1,src/help/helpdata_messages.cpp,true,true,true,,,"owner_scope=COMMAND:SET DELETED ; facility_derived=SET DELETED ; default_text_shape=singleline ; source=all_messages() ; enrichment_pending=HELP_TOPIC,CMDHELPCHK"
MSG_SET_DELETED_STATUS__9BE2F0C9,SET_DELETED_STATUS_TEXT,SetDeletedStatusText,en-US,GLOBAL,STATUS,INFO,SET DELETED,active,,,Deleted visibility: {state},implemented,core,COMMAND:SET DELETED,compiled_registry_v1,src/help/helpdata_messages.cpp,true,true,true,,,"owner_scope=COMMAND:SET DELETED ; facility_derived=SET DELETED ; default_text_shape=singleline ; source=all_messages() ; enrichment_pending=HELP_TOPIC,CMDHELPCHK"
MSG_SET_EDITOR_USAGE_TE_2B47DE04,SET_EDITOR_USAGE_TEXT,SetEditorUsageText,en-US,GLOBAL,USAGE,INFO,SET EDITOR,active,,,Usage: SET EDITOR TO <value|DEFAULT|OFF>,implemented,core,COMMAND:SET EDITOR,compiled_registry_v1,src/help/helpdata_messages.cpp,true,true,true,,,"owner_scope=COMMAND:SET EDITOR ; facility_derived=SET EDITOR ; default_text_shape=singleline ; source=all_messages() ; enrichment_pending=HELP_TOPIC,CMDHELPCHK"
MSG_SET_EDITOR_OFF_STAT_86DF4D3C,SET_EDITOR_OFF_STATUS_TEXT,SetEditorOffStatusText,en-US,GLOBAL,STATUS,INFO,SET EDITOR,active,,,EDITOR is OFF,implemented,core,COMMAND:SET EDITOR,compiled_registry_v1,src/help/helpdata_messages.cpp,true,true,true,,,"owner_scope=COMMAND:SET EDITOR ; facility_derived=SET EDITOR ; default_text_shape=singleline ; source=all_messages() ; enrichment_pending=HELP_TOPIC,CMDHELPCHK"
MSG_SET_EDITOR_DEFAULT__0CE93763,SET_EDITOR_DEFAULT_STATUS_TEXT,SetEditorDefaultStatusText,en-US,GLOBAL,STATUS,INFO,SET EDITOR,active,,,EDITOR set to DEFAULT,implemented,core,COMMAND:SET EDITOR,compiled_registry_v1,src/help/helpdata_messages.cpp,true,true,true,,,"owner_scope=COMMAND:SET EDITOR ; facility_derived=SET EDITOR ; default_text_shape=singleline ; source=all_messages() ; enrichment_pending=HELP_TOPIC,CMDHELPCHK"
MSG_SET_EDITOR_CUSTOM_S_16AA638D,SET_EDITOR_CUSTOM_STATUS_TEXT,SetEditorCustomStatusText,en-US,GLOBAL,STATUS,INFO,SET EDITOR,active,,,EDITOR set to: {value},implemented,core,COMMAND:SET EDITOR,compiled_registry_v1,src/help/helpdata_messages.cpp,true,true,true,,,"owner_scope=COMMAND:SET EDITOR ; facility_derived=SET EDITOR ; default_text_shape=singleline ; source=all_messages() ; enrichment_pending=HELP_TOPIC,CMDHELPCHK"
MSG_SET_DEVICE_USAGE_TE_D80A1111,SET_DEVICE_USAGE_TEXT,SetDeviceUsageText,en-US,GLOBAL,USAGE,INFO,SET DEVICE,active,,,Usage: SET DEVICE TO SCREEN|FILE <path>|PRINTER [name]|NULL,implemented,core,COMMAND:SET DEVICE,compiled_registry_v1,src/help/helpdata_messages.cpp,true,true,true,,,"owner_scope=COMMAND:SET DEVICE ; facility_derived=SET DEVICE ; default_text_shape=singleline ; source=all_messages() ; enrichment_pending=HELP_TOPIC,CMDHELPCHK"
MSG_SET_DEVICE_FILE_USA_D52883BE,SET_DEVICE_FILE_USAGE_TEXT,SetDeviceFileUsageText,en-US,GLOBAL,USAGE,INFO,SET DEVICE,active,,,Usage: SET DEVICE TO FILE <path>,implemented,core,COMMAND:SET DEVICE,compiled_registry_v1,src/help/helpdata_messages.cpp,true,true,true,,,"owner_scope=COMMAND:SET DEVICE ; facility_derived=SET DEVICE ; default_text_shape=singleline ; source=all_messages() ; enrichment_pending=HELP_TOPIC,CMDHELPCHK"
MSG_SET_DEVICE_FILE_FAI_113775EE,SET_DEVICE_FILE_FAILED_TEXT,SetDeviceFileFailedText,en-US,GLOBAL,ERROR,ERROR,SET DEVICE,active,,,SET DEVICE TO FILE failed: {path},implemented,core,COMMAND:SET DEVICE,compiled_registry_v1,src/help/helpdata_messages.cpp,true,true,true,,,"owner_scope=COMMAND:SET DEVICE ; facility_derived=SET DEVICE ; default_text_shape=singleline ; source=all_messages() ; enrichment_pending=HELP_TOPIC,CMDHELPCHK"
MSG_SET_DEVICE_PRINTER__820016C6,SET_DEVICE_PRINTER_FAILED_TEXT,SetDevicePrinterFailedText,en-US,GLOBAL,ERROR,ERROR,SET DEVICE,active,,,SET DEVICE TO PRINTER failed.,implemented,core,COMMAND:SET DEVICE,compiled_registry_v1,src/help/helpdata_messages.cpp,true,true,true,,,"owner_scope=COMMAND:SET DEVICE ; facility_derived=SET DEVICE ; default_text_shape=singleline ; source=all_messages() ; enrichment_pending=HELP_TOPIC,CMDHELPCHK"
MSG_SET_PRN_CONSOLE_NOT_238EC246,SET_PRN_CONSOLE_NOTE_TEXT,SetPrnConsoleNoteText,en-US,GLOBAL,STATUS,INFO,SET,active,,,PRN: CONSOLE,implemented,core,COMMAND:SET,compiled_registry_v1,src/help/helpdata_messages.cpp,true,true,true,,,"owner_scope=COMMAND:SET ; facility_derived=SET ; default_text_shape=singleline ; source=all_messages() ; enrichment_pending=HELP_TOPIC,CMDHELPCHK"
MSG_SET_PRN_NULL_NOTE_T_DDAD4C62,SET_PRN_NULL_NOTE_TEXT,SetPrnNullNoteText,en-US,GLOBAL,STATUS,INFO,SET,active,,,PRN: NULL,implemented,core,COMMAND:SET,compiled_registry_v1,src/help/helpdata_messages.cpp,true,true,true,,,"owner_scope=COMMAND:SET ; facility_derived=SET ; default_text_shape=singleline ; source=all_messages() ; enrichment_pending=HELP_TOPIC,CMDHELPCHK"
MSG_SET_PRN_FILE_NOTE_T_BE4CBD37,SET_PRN_FILE_NOTE_TEXT,SetPrnFileNoteText,en-US,GLOBAL,STATUS,INFO,SET,active,,,PRN: FILE -> {path},implemented,core,COMMAND:SET,compiled_registry_v1,src/help/helpdata_messages.cpp,true,true,true,,,"owner_scope=COMMAND:SET ; facility_derived=SET ; default_text_shape=singleline ; source=all_messages() ; enrichment_pending=HELP_TOPIC,CMDHELPCHK"
MSG_SET_PRN_PRINTER_DEF_B548022E,SET_PRN_PRINTER_DEFAULT_STAGED_NOTE_TEXT,SetPrnPrinterDefaultStagedNoteText,en-US,GLOBAL,STATUS,INFO,SET,active,,,PRN: PRINTER -> (system default) [staged only],implemented,core,COMMAND:SET,compiled_registry_v1,src/help/helpdata_messages.cpp,true,true,true,,,"owner_scope=COMMAND:SET ; facility_derived=SET ; default_text_shape=singleline ; source=all_messages() ; enrichment_pending=HELP_TOPIC,CMDHELPCHK"
MSG_SET_PRN_PRINTER_NAM_33C22E97,SET_PRN_PRINTER_NAMED_STAGED_NOTE_TEXT,SetPrnPrinterNamedStagedNoteText,en-US,GLOBAL,STATUS,INFO,SET,active,,,PRN: PRINTER -> {name} [staged only],implemented,core,COMMAND:SET,compiled_registry_v1,src/help/helpdata_messages.cpp,true,true,true,,,"owner_scope=COMMAND:SET ; facility_derived=SET ; default_text_shape=singleline ; source=all_messages() ; enrichment_pending=HELP_TOPIC,CMDHELPCHK"
MSG_AREA_USAGE_TEXT_8ED0D937,AREA_USAGE_TEXT,AreaUsageText,en-US,GLOBAL,USAGE,INFO,AREA,active,,,Usage: / AREA (Report current work-area state) / AREA USAGE (Show this usage) / Notes: / - AREA is read-only; it reports the current area slot/file/order state.,implemented,core,COMMAND:AREA,compiled_registry_v1,src/help/helpdata_messages.cpp,true,true,true,,,"owner_scope=COMMAND:AREA ; facility_derived=AREA ; default_text_shape=multiline ; source=all_messages() ; enrichment_pending=HELP_TOPIC,CMDHELPCHK"
MSG_DISPLAY_USAGE_TEXT_604A9ECA,DISPLAY_USAGE_TEXT,DisplayUsageText,en-US,GLOBAL,USAGE,INFO,DISPLAY,active,,,Usage: / DISPLAY / DISPLAY USAGE / DISPLAY <recno>,implemented,core,COMMAND:DISPLAY,compiled_registry_v1,src/help/helpdata_messages.cpp,true,true,true,,,"owner_scope=COMMAND:DISPLAY ; facility_derived=DISPLAY ; default_text_shape=multiline ; source=all_messages() ; enrichment_pending=HELP_TOPIC,CMDHELPCHK"
MSG_DISPLAY_RECORD_HEAD_8A2917DC,DISPLAY_RECORD_HEADER_TEXT,DisplayRecordHeaderText,en-US,GLOBAL,STATUS,INFO,DISPLAY,active,,,Record {recno}{deleted_suffix},implemented,core,COMMAND:DISPLAY,compiled_registry_v1,src/help/helpdata_messages.cpp,true,true,true,,,"owner_scope=COMMAND:DISPLAY ; facility_derived=DISPLAY ; default_text_shape=singleline ; source=all_messages() ; enrichment_pending=HELP_TOPIC,CMDHELPCHK"
MSG_DISPLAY_RECORD_DELE_46DF7BF7,DISPLAY_RECORD_DELETED_SUFFIX_TEXT,DisplayRecordDeletedSuffixText,en-US,GLOBAL,STATUS,INFO,DISPLAY,active,,,[DELETED],implemented,core,COMMAND:DISPLAY,compiled_registry_v1,src/help/helpdata_messages.cpp,true,true,true,,,"owner_scope=COMMAND:DISPLAY ; facility_derived=DISPLAY ; default_text_shape=singleline ; source=all_messages() ; enrichment_pending=HELP_TOPIC,CMDHELPCHK"
MSG_DISPLAY_FIELD_LINE__945D2185,DISPLAY_FIELD_LINE_TEXT,DisplayFieldLineText,en-US,GLOBAL,STATUS,INFO,DISPLAY,active,,,{field} = {value},implemented,core,COMMAND:DISPLAY,compiled_registry_v1,src/help/helpdata_messages.cpp,true,true,true,,,"owner_scope=COMMAND:DISPLAY ; facility_derived=DISPLAY ; default_text_shape=singleline ; source=all_messages() ; enrichment_pending=HELP_TOPIC,CMDHELPCHK"
MSG_SET_PATH_USAGE_TEXT_776CA625,SET_PATH_USAGE_TEXT,SetPathUsageText,en-US,GLOBAL,USAGE,INFO,SET PATH,active,,,Usage: / SETPATH / SETPATH USAGE / SETPATH RESET / SETPATH <slot> [TO|=] <path> / SET PATH <slot> [TO|=] <path> / Slots: / DATA DBF XDBF INDEXES LMDB WORKSPACES SCHEMAS PROJECTS SC,implemented,core,COMMAND:SET PATH,compiled_registry_v1,src/help/helpdata_messages.cpp,true,true,true,,,"owner_scope=COMMAND:SET PATH ; facility_derived=SET PATH ; default_text_shape=multiline ; source=all_messages() ; enrichment_pending=HELP_TOPIC,CMDHELPCHK"
MSG_SET_PATH_RESET_TEXT_198D41E0,SET_PATH_RESET_TEXT,SetPathResetText,en-US,GLOBAL,STATUS,INFO,SET PATH,active,,,reset to defaults.,implemented,core,COMMAND:SET PATH,compiled_registry_v1,src/help/helpdata_messages.cpp,true,true,true,,,"owner_scope=COMMAND:SET PATH ; facility_derived=SET PATH ; default_text_shape=singleline ; source=all_messages() ; enrichment_pending=HELP_TOPIC,CMDHELPCHK"
MSG_SET_PATH_UNKNOWN_SL_0086F60A,SET_PATH_UNKNOWN_SLOT_TEXT,SetPathUnknownSlotText,en-US,GLOBAL,ERROR,ERROR,SET PATH,active,,,unknown slot: {slot},implemented,core,COMMAND:SET PATH,compiled_registry_v1,src/help/helpdata_messages.cpp,true,true,true,,,"owner_scope=COMMAND:SET PATH ; facility_derived=SET PATH ; default_text_shape=singleline ; source=all_messages() ; enrichment_pending=HELP_TOPIC,CMDHELPCHK"
MSG_SET_PATH_ASSIGNED_T_8F19A5CF,SET_PATH_ASSIGNED_TEXT,SetPathAssignedText,en-US,GLOBAL,STATUS,INFO,SET PATH,active,,,{slot} = {path},implemented,core,COMMAND:SET PATH,compiled_registry_v1,src/help/helpdata_messages.cpp,true,true,true,,,"owner_scope=COMMAND:SET PATH ; facility_derived=SET PATH ; default_text_shape=singleline ; source=all_messages() ; enrichment_pending=HELP_TOPIC,CMDHELPCHK"
MSG_SET_PATH_WARN_MISSI_6C756291,SET_PATH_WARN_MISSING_TEXT,SetPathWarnMissingText,en-US,GLOBAL,WARNING,WARNING,SET PATH,active,,,warning: path does not exist,implemented,core,COMMAND:SET PATH,compiled_registry_v1,src/help/helpdata_messages.cpp,true,true,true,,,"owner_scope=COMMAND:SET PATH ; facility_derived=SET PATH ; default_text_shape=singleline ; source=all_messages() ; enrichment_pending=HELP_TOPIC,CMDHELPCHK"
MSG_SET_PATH_WARN_EXPEC_857CDCA4,SET_PATH_WARN_EXPECTED_DIRECTORY_TEXT,SetPathWarnExpectedDirectoryText,en-US,GLOBAL,WARNING,WARNING,SET PATH,active,,,"warning: expected directory, found file",implemented,core,COMMAND:SET PATH,compiled_registry_v1,src/help/helpdata_messages.cpp,true,true,true,,,"owner_scope=COMMAND:SET PATH ; facility_derived=SET PATH ; default_text_shape=singleline ; source=all_messages() ; enrichment_pending=HELP_TOPIC,CMDHELPCHK"
MSG_SET_INDEX_USAGE_TEX_580AEB85,SET_INDEX_USAGE_TEXT,SetIndexUsageText,en-US,GLOBAL,USAGE,INFO,SET INDEX,active,,,Usage: / SET INDEX USAGE / SET INDEX TO <container> / SET INDEX TO <container> TAG <tag> / SET INDEX TO <container> <tag> / SETINDEX USAGE / SETINDEX TO <container> / SETINDEX TO <,implemented,core,COMMAND:SET INDEX,compiled_registry_v1,src/help/helpdata_messages.cpp,true,true,true,,,"owner_scope=COMMAND:SET INDEX ; facility_derived=SET INDEX ; default_text_shape=multiline ; source=all_messages() ; enrichment_pending=HELP_TOPIC,CMDHELPCHK"
MSG_SET_INDEX_NO_TABLE__7FDF45B6,SET_INDEX_NO_TABLE_OPEN_TEXT,SetIndexNoTableOpenText,en-US,GLOBAL,ERROR,ERROR,SET INDEX,active,,,no table open.,implemented,core,COMMAND:SET INDEX,compiled_registry_v1,src/help/helpdata_messages.cpp,true,true,true,,,"owner_scope=COMMAND:SET INDEX ; facility_derived=SET INDEX ; default_text_shape=singleline ; source=all_messages() ; enrichment_pending=HELP_TOPIC,CMDHELPCHK"
MSG_SET_INDEX_MISSING_F_7ED9A0B4,SET_INDEX_MISSING_FILENAME_TEXT,SetIndexMissingFilenameText,en-US,GLOBAL,ERROR,ERROR,SET INDEX,active,,,missing filename.,implemented,core,COMMAND:SET INDEX,compiled_registry_v1,src/help/helpdata_messages.cpp,true,true,true,,,"owner_scope=COMMAND:SET INDEX ; facility_derived=SET INDEX ; default_text_shape=singleline ; source=all_messages() ; enrichment_pending=HELP_TOPIC,CMDHELPCHK"
MSG_SET_INDEX_TAG_REQUI_3C8486CC,SET_INDEX_TAG_REQUIRES_NAME_TEXT,SetIndexTagRequiresNameText,en-US,GLOBAL,ERROR,ERROR,SET INDEX,active,,,TAG requires a name.,implemented,core,COMMAND:SET INDEX,compiled_registry_v1,src/help/helpdata_messages.cpp,true,true,true,,,"owner_scope=COMMAND:SET INDEX ; facility_derived=SET INDEX ; default_text_shape=singleline ; source=all_messages() ; enrichment_pending=HELP_TOPIC,CMDHELPCHK"
MSG_SET_INDEX_UNEXPECTE_1D2EC4A5,SET_INDEX_UNEXPECTED_TRAILING_TOKEN_TEXT,SetIndexUnexpectedTrailingTokenText,en-US,GLOBAL,ERROR,ERROR,SET INDEX,active,,,unexpected trailing token '{token}'.,implemented,core,COMMAND:SET INDEX,compiled_registry_v1,src/help/helpdata_messages.cpp,true,true,true,,,"owner_scope=COMMAND:SET INDEX ; facility_derived=SET INDEX ; default_text_shape=singleline ; source=all_messages() ; enrichment_pending=HELP_TOPIC,CMDHELPCHK"
MSG_SET_INDEX_UNSUPPORT_4B496A67,SET_INDEX_UNSUPPORTED_CONTAINER_TEXT,SetIndexUnsupportedContainerText,en-US,GLOBAL,ERROR,ERROR,SET INDEX,active,,,"unsupported index container: {path} / Supported: .inx, .cnx, .cdx",implemented,core,COMMAND:SET INDEX,compiled_registry_v1,src/help/helpdata_messages.cpp,true,true,true,,,"owner_scope=COMMAND:SET INDEX ; facility_derived=SET INDEX ; default_text_shape=multiline ; source=all_messages() ; enrichment_pending=HELP_TOPIC,CMDHELPCHK"
MSG_SET_INDEX_V32_ACCEP_37974BFB,SET_INDEX_V32_ACCEPTS_INX_OR_CNX_TEXT,SetIndexV32AcceptsInxOrCnxText,en-US,GLOBAL,ERROR,ERROR,SET INDEX,active,,,"v32 tables accept INX or CNX, not CDX. / Use .inx or .cnx for this table.",implemented,core,COMMAND:SET INDEX,compiled_registry_v1,src/help/helpdata_messages.cpp,true,true,true,,,"owner_scope=COMMAND:SET INDEX ; facility_derived=SET INDEX ; default_text_shape=multiline ; source=all_messages() ; enrichment_pending=HELP_TOPIC,CMDHELPCHK"
MSG_SET_INDEX_V64_REQUI_2366B378,SET_INDEX_V64_REQUIRES_CDX_TEXT,SetIndexV64RequiresCdxText,en-US,GLOBAL,ERROR,ERROR,SET INDEX,active,,,v64 tables require CDX (LMDB-backed). / Use .cdx for this table.,implemented,core,COMMAND:SET INDEX,compiled_registry_v1,src/help/helpdata_messages.cpp,true,true,true,,,"owner_scope=COMMAND:SET INDEX ; facility_derived=SET INDEX ; default_text_shape=multiline ; source=all_messages() ; enrichment_pending=HELP_TOPIC,CMDHELPCHK"
MSG_SET_INDEX_UNKNOWN_F_DC0021F4,SET_INDEX_UNKNOWN_FLAVOR_TEXT,SetIndexUnknownFlavorText,en-US,GLOBAL,ERROR,ERROR,SET INDEX,active,,,unknown/unsupported table flavor for current area.,implemented,core,COMMAND:SET INDEX,compiled_registry_v1,src/help/helpdata_messages.cpp,true,true,true,,,"owner_scope=COMMAND:SET INDEX ; facility_derived=SET INDEX ; default_text_shape=singleline ; source=all_messages() ; enrichment_pending=HELP_TOPIC,CMDHELPCHK"
MSG_SET_INDEX_NO_VALID__D6450D54,SET_INDEX_NO_VALID_V32_INDEX_TEXT,SetIndexNoValidV32IndexText,en-US,GLOBAL,ERROR,ERROR,SET INDEX,active,,,"no valid v32 index found for '{token}'. / Looked for .cnx, then .inx.",implemented,core,COMMAND:SET INDEX,compiled_registry_v1,src/help/helpdata_messages.cpp,true,true,true,,,"owner_scope=COMMAND:SET INDEX ; facility_derived=SET INDEX ; default_text_shape=multiline ; source=all_messages() ; enrichment_pending=HELP_TOPIC,CMDHELPCHK"
MSG_SET_INDEX_UNABLE_OP_E258F481,SET_INDEX_UNABLE_OPEN_CDX_CONTAINER_TEXT,SetIndexUnableOpenCdxContainerText,en-US,GLOBAL,ERROR,ERROR,SET INDEX,active,,,unable to open CDX container.,implemented,core,COMMAND:SET INDEX,compiled_registry_v1,src/help/helpdata_messages.cpp,true,true,true,,,"owner_scope=COMMAND:SET INDEX ; facility_derived=SET INDEX ; default_text_shape=singleline ; source=all_messages() ; enrichment_pending=HELP_TOPIC,CMDHELPCHK"
MSG_SET_INDEX_UNABLE_RE_31858AE2,SET_INDEX_UNABLE_READ_CDX_TAG_DIRECTORY_TEXT,SetIndexUnableReadCdxTagDirectoryText,en-US,GLOBAL,ERROR,ERROR,SET INDEX,active,,,unable to read CDX tag directory.,implemented,core,COMMAND:SET INDEX,compiled_registry_v1,src/help/helpdata_messages.cpp,true,true,true,,,"owner_scope=COMMAND:SET INDEX ; facility_derived=SET INDEX ; default_text_shape=singleline ; source=all_messages() ; enrichment_pending=HELP_TOPIC,CMDHELPCHK"
MSG_SET_INDEX_TAG_NOT_F_2DC89771,SET_INDEX_TAG_NOT_FOUND_IN_CONTAINER_TEXT,SetIndexTagNotFoundInContainerText,en-US,GLOBAL,ERROR,ERROR,SET INDEX,active,,,tag '{tag}' not found in {container},implemented,core,COMMAND:SET INDEX,compiled_registry_v1,src/help/helpdata_messages.cpp,true,true,true,,,"owner_scope=COMMAND:SET INDEX ; facility_derived=SET INDEX ; default_text_shape=singleline ; source=all_messages() ; enrichment_pending=HELP_TOPIC,CMDHELPCHK"
MSG_SET_INDEX_OPEN_CDX__BBD6591D,SET_INDEX_OPEN_CDX_CONTAINER_NOT_FOUND_TEXT,SetIndexOpenCdxContainerNotFoundText,en-US,GLOBAL,ERROR,ERROR,SET INDEX,active,,,openCdx: container not found: {container},implemented,core,COMMAND:SET INDEX,compiled_registry_v1,src/help/helpdata_messages.cpp,true,true,true,,,"owner_scope=COMMAND:SET INDEX ; facility_derived=SET INDEX ; default_text_shape=singleline ; source=all_messages() ; enrichment_pending=HELP_TOPIC,CMDHELPCHK"
MSG_SET_INDEX_OPEN_CDX__0A95C64B,SET_INDEX_OPEN_CDX_ENV_MISSING_TEXT,SetIndexOpenCdxEnvMissingText,en-US,GLOBAL,ERROR,ERROR,SET INDEX,active,,,openCdx: LMDB env missing: {env},implemented,core,COMMAND:SET INDEX,compiled_registry_v1,src/help/helpdata_messages.cpp,true,true,true,,,"owner_scope=COMMAND:SET INDEX ; facility_derived=SET INDEX ; default_text_shape=singleline ; source=all_messages() ; enrichment_pending=HELP_TOPIC,CMDHELPCHK"
MSG_SET_INDEX_OPEN_CDX__32043357,SET_INDEX_OPEN_CDX_BACKEND_OPEN_FAILED_TEXT,SetIndexOpenCdxBackendOpenFailedText,en-US,GLOBAL,ERROR,ERROR,SET INDEX,active,,,"openCdx: backend open() failed [container={container}, env={env}]",implemented,core,COMMAND:SET INDEX,compiled_registry_v1,src/help/helpdata_messages.cpp,true,true,true,,,"owner_scope=COMMAND:SET INDEX ; facility_derived=SET INDEX ; default_text_shape=singleline ; source=all_messages() ; enrichment_pending=HELP_TOPIC,CMDHELPCHK"
MSG_SET_INDEX_OPEN_CDX__E484C9A3,SET_INDEX_OPEN_CDX_BACKEND_OPEN_FAILED_DETAIL_TEXT,SetIndexOpenCdxBackendOpenFailedDetailText,en-US,GLOBAL,ERROR,ERROR,SET INDEX,active,,,"{detail} [container={container}, env={env}]",implemented,core,COMMAND:SET INDEX,compiled_registry_v1,src/help/helpdata_messages.cpp,true,true,true,,,"owner_scope=COMMAND:SET INDEX ; facility_derived=SET INDEX ; default_text_shape=singleline ; source=all_messages() ; enrichment_pending=HELP_TOPIC,CMDHELPCHK"
MSG_SET_INDEX_OPEN_CNX__0DD44D40,SET_INDEX_OPEN_CNX_CONTAINER_NOT_FOUND_TEXT,SetIndexOpenCnxContainerNotFoundText,en-US,GLOBAL,ERROR,ERROR,SET INDEX,active,,,openCnx: container not found: {container},implemented,core,COMMAND:SET INDEX,compiled_registry_v1,src/help/helpdata_messages.cpp,true,true,true,,,"owner_scope=COMMAND:SET INDEX ; facility_derived=SET INDEX ; default_text_shape=singleline ; source=all_messages() ; enrichment_pending=HELP_TOPIC,CMDHELPCHK"
MSG_SET_INDEX_OPEN_CNX__C86FB76B,SET_INDEX_OPEN_CNX_BACKEND_OPEN_FAILED_TEXT,SetIndexOpenCnxBackendOpenFailedText,en-US,GLOBAL,ERROR,ERROR,SET INDEX,active,,,openCnx: backend open failed,implemented,core,COMMAND:SET INDEX,compiled_registry_v1,src/help/helpdata_messages.cpp,true,true,true,,,"owner_scope=COMMAND:SET INDEX ; facility_derived=SET INDEX ; default_text_shape=singleline ; source=all_messages() ; enrichment_pending=HELP_TOPIC,CMDHELPCHK"
MSG_SET_INDEX_FILE_NOT__DD6CF6B2,SET_INDEX_FILE_NOT_FOUND_TEXT,SetIndexFileNotFoundText,en-US,GLOBAL,ERROR,ERROR,SET INDEX,active,,,file not found: {path},implemented,core,COMMAND:SET INDEX,compiled_registry_v1,src/help/helpdata_messages.cpp,true,true,true,,,"owner_scope=COMMAND:SET INDEX ; facility_derived=SET INDEX ; default_text_shape=singleline ; source=all_messages() ; enrichment_pending=HELP_TOPIC,CMDHELPCHK"
MSG_SET_INDEX_CDX_ENV_M_539CB9A9,SET_INDEX_CDX_ENV_MISSING_TEXT,SetIndexCdxEnvMissingText,en-US,GLOBAL,ERROR,ERROR,SET INDEX,active,,,CDX container found but LMDB env missing,implemented,core,COMMAND:SET INDEX,compiled_registry_v1,src/help/helpdata_messages.cpp,true,true,true,,,"owner_scope=COMMAND:SET INDEX ; facility_derived=SET INDEX ; default_text_shape=singleline ; source=all_messages() ; enrichment_pending=HELP_TOPIC,CMDHELPCHK"
MSG_SET_INDEX_CONTAINER_F826C34C,SET_INDEX_CONTAINER_LINE,SetIndexContainerLine,en-US,GLOBAL,STATUS,INFO,SET INDEX,active,,,Container: {path},implemented,core,COMMAND:SET INDEX,compiled_registry_v1,src/help/helpdata_messages.cpp,true,true,true,,,"owner_scope=COMMAND:SET INDEX ; facility_derived=SET INDEX ; default_text_shape=singleline ; source=all_messages() ; enrichment_pending=HELP_TOPIC,CMDHELPCHK"
MSG_SET_INDEX_EXPECTED__6D95B43D,SET_INDEX_EXPECTED_ENV_LINE,SetIndexExpectedEnvLine,en-US,GLOBAL,STATUS,INFO,SET INDEX,active,,,Expected : {path},implemented,core,COMMAND:SET INDEX,compiled_registry_v1,src/help/helpdata_messages.cpp,true,true,true,,,"owner_scope=COMMAND:SET INDEX ; facility_derived=SET INDEX ; default_text_shape=singleline ; source=all_messages() ; enrichment_pending=HELP_TOPIC,CMDHELPCHK"
MSG_SET_INDEX_LMDB_ENV__F558454B,SET_INDEX_LMDB_ENV_LINE,SetIndexLmdbEnvLine,en-US,GLOBAL,STATUS,INFO,SET INDEX,active,,,LMDB env : {path},implemented,core,COMMAND:SET INDEX,compiled_registry_v1,src/help/helpdata_messages.cpp,true,true,true,,,"owner_scope=COMMAND:SET INDEX ; facility_derived=SET INDEX ; default_text_shape=singleline ; source=all_messages() ; enrichment_pending=HELP_TOPIC,CMDHELPCHK"
MSG_SET_INDEX_HINT_REIN_A6E6FFED,SET_INDEX_HINT_REINDEX_BUILDLMDB_TEXT,SetIndexHintReindexBuildLmdbText,en-US,GLOBAL,HINT,INFO,SET INDEX,active,,,Hint: run REINDEX CDX or BUILDLMDB,implemented,core,COMMAND:SET INDEX,compiled_registry_v1,src/help/helpdata_messages.cpp,true,true,true,,,"owner_scope=COMMAND:SET INDEX ; facility_derived=SET INDEX ; default_text_shape=singleline ; source=all_messages() ; enrichment_pending=HELP_TOPIC,CMDHELPCHK"
MSG_SET_INDEX_CDX_ATTAC_4FEBC958,SET_INDEX_CDX_ATTACHED_TEXT,SetIndexCdxAttachedText,en-US,GLOBAL,STATUS,INFO,SET INDEX,active,,,CDX attached,implemented,core,COMMAND:SET INDEX,compiled_registry_v1,src/help/helpdata_messages.cpp,true,true,true,,,"owner_scope=COMMAND:SET INDEX ; facility_derived=SET INDEX ; default_text_shape=singleline ; source=all_messages() ; enrichment_pending=HELP_TOPIC,CMDHELPCHK"
MSG_SET_INDEX_CNX_ATTAC_D5F64E3D,SET_INDEX_CNX_ATTACHED_TEXT,SetIndexCnxAttachedText,en-US,GLOBAL,STATUS,INFO,SET INDEX,active,,,CNX attached,implemented,core,COMMAND:SET INDEX,compiled_registry_v1,src/help/helpdata_messages.cpp,true,true,true,,,"owner_scope=COMMAND:SET INDEX ; facility_derived=SET INDEX ; default_text_shape=singleline ; source=all_messages() ; enrichment_pending=HELP_TOPIC,CMDHELPCHK"
MSG_SET_INDEX_INX_ATTAC_573C674F,SET_INDEX_INX_ATTACHED_TEXT,SetIndexInxAttachedText,en-US,GLOBAL,STATUS,INFO,SET INDEX,active,,,INX attached,implemented,core,COMMAND:SET INDEX,compiled_registry_v1,src/help/helpdata_messages.cpp,true,true,true,,,"owner_scope=COMMAND:SET INDEX ; facility_derived=SET INDEX ; default_text_shape=singleline ; source=all_messages() ; enrichment_pending=HELP_TOPIC,CMDHELPCHK"
MSG_SET_INDEX_USE_SET_O_4067CF19,SET_INDEX_USE_SET_ORDER_HINT_TEXT,SetIndexUseSetOrderHintText,en-US,GLOBAL,HINT,INFO,SET INDEX,active,,,Use SET ORDER TO TAG <tag>,implemented,core,COMMAND:SET INDEX,compiled_registry_v1,src/help/helpdata_messages.cpp,true,true,true,,,"owner_scope=COMMAND:SET INDEX ; facility_derived=SET INDEX ; default_text_shape=singleline ; source=all_messages() ; enrichment_pending=HELP_TOPIC,CMDHELPCHK"
MSG_SET_INDEX_TAG_NOT_F_0321FB91,SET_INDEX_TAG_NOT_FOUND_TEXT,SetIndexTagNotFoundText,en-US,GLOBAL,ERROR,ERROR,SET INDEX,active,,,Tag '{tag}' not found.,implemented,core,COMMAND:SET INDEX,compiled_registry_v1,src/help/helpdata_messages.cpp,true,true,true,,,"owner_scope=COMMAND:SET INDEX ; facility_derived=SET INDEX ; default_text_shape=singleline ; source=all_messages() ; enrichment_pending=HELP_TOPIC,CMDHELPCHK"
MSG_SET_INDEX_TAG_INVAL_0BBC4807,SET_INDEX_TAG_INVALID_FOR_TABLE_TEXT,SetIndexTagInvalidForTableText,en-US,GLOBAL,ERROR,ERROR,SET INDEX,active,,,Tag '{tag}' not valid for this table.,implemented,core,COMMAND:SET INDEX,compiled_registry_v1,src/help/helpdata_messages.cpp,true,true,true,,,"owner_scope=COMMAND:SET INDEX ; facility_derived=SET INDEX ; default_text_shape=singleline ; source=all_messages() ; enrichment_pending=HELP_TOPIC,CMDHELPCHK"
MSG_SET_INDEX_INX_TAG_I_1DC1EF16,SET_INDEX_INX_TAG_IGNORED_TEXT,SetIndexInxTagIgnoredText,en-US,GLOBAL,STATUS,INFO,SET INDEX,active,,,Note: INX is single-order; tag ignored.,implemented,core,COMMAND:SET INDEX,compiled_registry_v1,src/help/helpdata_messages.cpp,true,true,true,,,"owner_scope=COMMAND:SET INDEX ; facility_derived=SET INDEX ; default_text_shape=singleline ; source=all_messages() ; enrichment_pending=HELP_TOPIC,CMDHELPCHK"
MSG_SET_INDEX_UNSUPPORT_2867E772,SET_INDEX_UNSUPPORTED_RESOLVED_EXTENSION_TEXT,SetIndexUnsupportedResolvedExtensionText,en-US,GLOBAL,ERROR,ERROR,SET INDEX,active,,,unsupported resolved extension: {path},implemented,core,COMMAND:SET INDEX,compiled_registry_v1,src/help/helpdata_messages.cpp,true,true,true,,,"owner_scope=COMMAND:SET INDEX ; facility_derived=SET INDEX ; default_text_shape=singleline ; source=all_messages() ; enrichment_pending=HELP_TOPIC,CMDHELPCHK"
MSG_SET_INDEX_UNABLE_AC_05BD062B,SET_INDEX_UNABLE_ACTIVATE_TAG_TEXT,SetIndexUnableActivateTagText,en-US,GLOBAL,ERROR,ERROR,SET INDEX,active,,,unable to activate tag.,implemented,core,COMMAND:SET INDEX,compiled_registry_v1,src/help/helpdata_messages.cpp,true,true,true,,,"owner_scope=COMMAND:SET INDEX ; facility_derived=SET INDEX ; default_text_shape=singleline ; source=all_messages() ; enrichment_pending=HELP_TOPIC,CMDHELPCHK"
MSG_SET_INDEX_ATTACHED__17B91D1A,SET_INDEX_ATTACHED_ACTIVATED_TEXT,SetIndexAttachedActivatedText,en-US,GLOBAL,STATUS,INFO,SET INDEX,active,,,attached + activated,implemented,core,COMMAND:SET INDEX,compiled_registry_v1,src/help/helpdata_messages.cpp,true,true,true,,,"owner_scope=COMMAND:SET INDEX ; facility_derived=SET INDEX ; default_text_shape=singleline ; source=all_messages() ; enrichment_pending=HELP_TOPIC,CMDHELPCHK"
MSG_SET_INDEX_TAG_ASC_L_8DC4C9D9,SET_INDEX_TAG_ASC_LINE,SetIndexTagAscLine,en-US,GLOBAL,STATUS,INFO,SET INDEX,active,,,TAG: '{tag}' (ASC),implemented,core,COMMAND:SET INDEX,compiled_registry_v1,src/help/helpdata_messages.cpp,true,true,true,,,"owner_scope=COMMAND:SET INDEX ; facility_derived=SET INDEX ; default_text_shape=singleline ; source=all_messages() ; enrichment_pending=HELP_TOPIC,CMDHELPCHK"
MSG_SET_ORDER_USAGE_TEX_156A9C9D,SET_ORDER_USAGE_TEXT,SetOrderUsageText,en-US,GLOBAL,USAGE,INFO,SET ORDER,active,,,Usage: / SET ORDER / SET ORDER USAGE / SET ORDER 0 / SET ORDER PHYSICAL / SET ORDER NATURAL / SET ORDER <tag> / SET ORDER TAG <tag> / SET ORDER TAG <tag> IN <alias> / SET ORDER <co,implemented,core,COMMAND:SET ORDER,compiled_registry_v1,src/help/helpdata_messages.cpp,true,true,true,,,"owner_scope=COMMAND:SET ORDER ; facility_derived=SET ORDER ; default_text_shape=multiline ; source=all_messages() ; enrichment_pending=HELP_TOPIC,CMDHELPCHK"
MSG_SET_ORDER_NONE_PHYS_BCA50DB6,SET_ORDER_NONE_PHYSICAL_TEXT,SetOrderNonePhysicalText,en-US,GLOBAL,STATUS,INFO,SET ORDER,active,,,none (physical order).,implemented,core,COMMAND:SET ORDER,compiled_registry_v1,src/help/helpdata_messages.cpp,true,true,true,,,"owner_scope=COMMAND:SET ORDER ; facility_derived=SET ORDER ; default_text_shape=singleline ; source=all_messages() ; enrichment_pending=HELP_TOPIC,CMDHELPCHK"
MSG_SET_ORDER_STATUS_TE_CD6C23FE,SET_ORDER_STATUS_TEXT,SetOrderStatusText,en-US,GLOBAL,STATUS,INFO,SET ORDER,active,,,{type} '{name}'{tag_clause} ({direction}),implemented,core,COMMAND:SET ORDER,compiled_registry_v1,src/help/helpdata_messages.cpp,true,true,true,,,"owner_scope=COMMAND:SET ORDER ; facility_derived=SET ORDER ; default_text_shape=singleline ; source=all_messages() ; enrichment_pending=HELP_TOPIC,CMDHELPCHK"
MSG_SET_ORDER_TAG_CLAUS_28B90143,SET_ORDER_TAG_CLAUSE_TEXT,SetOrderTagClauseText,en-US,GLOBAL,STATUS,INFO,SET ORDER,active,,,TAG '{tag}',implemented,core,COMMAND:SET ORDER,compiled_registry_v1,src/help/helpdata_messages.cpp,true,true,true,,,"owner_scope=COMMAND:SET ORDER ; facility_derived=SET ORDER ; default_text_shape=singleline ; source=all_messages() ; enrichment_pending=HELP_TOPIC,CMDHELPCHK"
MSG_SET_ORDER_MISSING_T_C8C574AF,SET_ORDER_MISSING_TARGET_TEXT,SetOrderMissingTargetText,en-US,GLOBAL,ERROR,ERROR,SET ORDER,active,,,missing target.,implemented,core,COMMAND:SET ORDER,compiled_registry_v1,src/help/helpdata_messages.cpp,true,true,true,,,"owner_scope=COMMAND:SET ORDER ; facility_derived=SET ORDER ; default_text_shape=singleline ; source=all_messages() ; enrichment_pending=HELP_TOPIC,CMDHELPCHK"
MSG_SET_ORDER_ENGINE_UN_5B845069,SET_ORDER_ENGINE_UNAVAILABLE_TEXT,SetOrderEngineUnavailableText,en-US,GLOBAL,ERROR,ERROR,SET ORDER,active,,,engine not available.,implemented,core,COMMAND:SET ORDER,compiled_registry_v1,src/help/helpdata_messages.cpp,true,true,true,,,"owner_scope=COMMAND:SET ORDER ; facility_derived=SET ORDER ; default_text_shape=singleline ; source=all_messages() ; enrichment_pending=HELP_TOPIC,CMDHELPCHK"
MSG_SET_ORDER_UNKNOWN_A_018F299F,SET_ORDER_UNKNOWN_AREA_ALIAS_TEXT,SetOrderUnknownAreaAliasText,en-US,GLOBAL,ERROR,ERROR,SET ORDER,active,,,unknown area/alias: {alias},implemented,core,COMMAND:SET ORDER,compiled_registry_v1,src/help/helpdata_messages.cpp,true,true,true,,,"owner_scope=COMMAND:SET ORDER ; facility_derived=SET ORDER ; default_text_shape=singleline ; source=all_messages() ; enrichment_pending=HELP_TOPIC,CMDHELPCHK"
MSG_SET_ORDER_NO_TABLE__0DAF4E86,SET_ORDER_NO_TABLE_OPEN_TARGET_AREA_TEXT,SetOrderNoTableOpenTargetAreaText,en-US,GLOBAL,ERROR,ERROR,SET ORDER,active,,,no table open in target area.,implemented,core,COMMAND:SET ORDER,compiled_registry_v1,src/help/helpdata_messages.cpp,true,true,true,,,"owner_scope=COMMAND:SET ORDER ; facility_derived=SET ORDER ; default_text_shape=singleline ; source=all_messages() ; enrichment_pending=HELP_TOPIC,CMDHELPCHK"
MSG_SET_ORDER_CLEARED_P_6AB3878E,SET_ORDER_CLEARED_PHYSICAL_TEXT,SetOrderClearedPhysicalText,en-US,GLOBAL,STATUS,INFO,SET ORDER,active,,,cleared (physical order).,implemented,core,COMMAND:SET ORDER,compiled_registry_v1,src/help/helpdata_messages.cpp,true,true,true,,,"owner_scope=COMMAND:SET ORDER ; facility_derived=SET ORDER ; default_text_shape=singleline ; source=all_messages() ; enrichment_pending=HELP_TOPIC,CMDHELPCHK"
MSG_SET_ORDER_NUMERIC_N_1A209003,SET_ORDER_NUMERIC_NOT_IMPLEMENTED_TEXT,SetOrderNumericNotImplementedText,en-US,GLOBAL,ERROR,ERROR,SET ORDER,active,,,numeric tag orders not yet implemented (requested {number}).,implemented,core,COMMAND:SET ORDER,compiled_registry_v1,src/help/helpdata_messages.cpp,true,true,true,,,"owner_scope=COMMAND:SET ORDER ; facility_derived=SET ORDER ; default_text_shape=singleline ; source=all_messages() ; enrichment_pending=HELP_TOPIC,CMDHELPCHK"
MSG_SET_ORDER_MISSING_T_A5D38EF9,SET_ORDER_MISSING_TAG_NAME_AFTER_TAG_TEXT,SetOrderMissingTagNameAfterTagText,en-US,GLOBAL,ERROR,ERROR,SET ORDER,active,,,missing tag name after TAG.,implemented,core,COMMAND:SET ORDER,compiled_registry_v1,src/help/helpdata_messages.cpp,true,true,true,,,"owner_scope=COMMAND:SET ORDER ; facility_derived=SET ORDER ; default_text_shape=singleline ; source=all_messages() ; enrichment_pending=HELP_TOPIC,CMDHELPCHK"
MSG_SET_ORDER_EXPECTS_T_CEF0E6E3,SET_ORDER_EXPECTS_TAG_NOT_CONTAINER_TEXT,SetOrderExpectsTagNotContainerText,en-US,GLOBAL,ERROR,ERROR,SET ORDER,active,,,"expects a tag name, not a container filename.",implemented,core,COMMAND:SET ORDER,compiled_registry_v1,src/help/helpdata_messages.cpp,true,true,true,,,"owner_scope=COMMAND:SET ORDER ; facility_derived=SET ORDER ; default_text_shape=singleline ; source=all_messages() ; enrichment_pending=HELP_TOPIC,CMDHELPCHK"
MSG_SET_ORDER_USE_TITLE_83172B07,SET_ORDER_USE_TITLE_TEXT,SetOrderUseTitleText,en-US,GLOBAL,HINT,INFO,SET ORDER,active,,,Use:,implemented,core,COMMAND:SET ORDER,compiled_registry_v1,src/help/helpdata_messages.cpp,true,true,true,,,"owner_scope=COMMAND:SET ORDER ; facility_derived=SET ORDER ; default_text_shape=singleline ; source=all_messages() ; enrichment_pending=HELP_TOPIC,CMDHELPCHK"
MSG_SET_ORDER_UNABLE_RE_609333F7,SET_ORDER_UNABLE_RESOLVE_CONTAINER_TEXT,SetOrderUnableResolveContainerText,en-US,GLOBAL,ERROR,ERROR,SET ORDER,active,,,unable to resolve container.,implemented,core,COMMAND:SET ORDER,compiled_registry_v1,src/help/helpdata_messages.cpp,true,true,true,,,"owner_scope=COMMAND:SET ORDER ; facility_derived=SET ORDER ; default_text_shape=singleline ; source=all_messages() ; enrichment_pending=HELP_TOPIC,CMDHELPCHK"
MSG_SET_ORDER_MISSING_T_BF5664FB,SET_ORDER_MISSING_TAG_TEXT,SetOrderMissingTagText,en-US,GLOBAL,ERROR,ERROR,SET ORDER,active,,,missing tag.,implemented,core,COMMAND:SET ORDER,compiled_registry_v1,src/help/helpdata_messages.cpp,true,true,true,,,"owner_scope=COMMAND:SET ORDER ; facility_derived=SET ORDER ; default_text_shape=singleline ; source=all_messages() ; enrichment_pending=HELP_TOPIC,CMDHELPCHK"
MSG_SET_ORDER_FILE_NOT__20E3746C,SET_ORDER_FILE_NOT_FOUND_TEXT,SetOrderFileNotFoundText,en-US,GLOBAL,ERROR,ERROR,SET ORDER,active,,,file not found: {path},implemented,core,COMMAND:SET ORDER,compiled_registry_v1,src/help/helpdata_messages.cpp,true,true,true,,,"owner_scope=COMMAND:SET ORDER ; facility_derived=SET ORDER ; default_text_shape=singleline ; source=all_messages() ; enrichment_pending=HELP_TOPIC,CMDHELPCHK"
MSG_SET_ORDER_INX_NOT_I_2BF99D3C,SET_ORDER_INX_NOT_IMPLEMENTED_TEXT,SetOrderInxNotImplementedText,en-US,GLOBAL,ERROR,ERROR,SET ORDER,active,,,.INX activation is not implemented here.,implemented,core,COMMAND:SET ORDER,compiled_registry_v1,src/help/helpdata_messages.cpp,true,true,true,,,"owner_scope=COMMAND:SET ORDER ; facility_derived=SET ORDER ; default_text_shape=singleline ; source=all_messages() ; enrichment_pending=HELP_TOPIC,CMDHELPCHK"
MSG_SET_ORDER_TAG_NOT_A_9EB439CC,SET_ORDER_TAG_NOT_AVAILABLE_FOR_CNX_TEXT,SetOrderTagNotAvailableForCnxText,en-US,GLOBAL,ERROR,ERROR,SET ORDER,active,,,tag '{tag}' not available for CNX on current table.,implemented,core,COMMAND:SET ORDER,compiled_registry_v1,src/help/helpdata_messages.cpp,true,true,true,,,"owner_scope=COMMAND:SET ORDER ; facility_derived=SET ORDER ; default_text_shape=singleline ; source=all_messages() ; enrichment_pending=HELP_TOPIC,CMDHELPCHK"
MSG_SET_ORDER_UNSUPPORT_B278F87A,SET_ORDER_UNSUPPORTED_INDEX_CONTAINER_TEXT,SetOrderUnsupportedIndexContainerText,en-US,GLOBAL,ERROR,ERROR,SET ORDER,active,,,unsupported index container: {container},implemented,core,COMMAND:SET ORDER,compiled_registry_v1,src/help/helpdata_messages.cpp,true,true,true,,,"owner_scope=COMMAND:SET ORDER ; facility_derived=SET ORDER ; default_text_shape=singleline ; source=all_messages() ; enrichment_pending=HELP_TOPIC,CMDHELPCHK"
MSG_SET_ORDER_UNABLE_AC_9231E228,SET_ORDER_UNABLE_ACTIVATE_ORDER_TEXT,SetOrderUnableActivateOrderText,en-US,GLOBAL,ERROR,ERROR,SET ORDER,active,,,unable to activate order.,implemented,core,COMMAND:SET ORDER,compiled_registry_v1,src/help/helpdata_messages.cpp,true,true,true,,,"owner_scope=COMMAND:SET ORDER ; facility_derived=SET ORDER ; default_text_shape=singleline ; source=all_messages() ; enrichment_pending=HELP_TOPIC,CMDHELPCHK"
MSG_SET_ORDER_ACTIVATED_43938906,SET_ORDER_ACTIVATED_TEXT,SetOrderActivatedText,en-US,GLOBAL,STATUS,INFO,SET ORDER,active,,,{kind} TAG '{tag}' ({direction}),implemented,core,COMMAND:SET ORDER,compiled_registry_v1,src/help/helpdata_messages.cpp,true,true,true,,,"owner_scope=COMMAND:SET ORDER ; facility_derived=SET ORDER ; default_text_shape=singleline ; source=all_messages() ; enrichment_pending=HELP_TOPIC,CMDHELPCHK"
MSG_SET_ORDER_UNABLE_OP_FFFF0CCD,SET_ORDER_UNABLE_OPEN_CDX_CONTAINER_TEXT,SetOrderUnableOpenCdxContainerText,en-US,GLOBAL,ERROR,ERROR,SET ORDER,active,,,unable to open CDX container.,implemented,core,COMMAND:SET ORDER,compiled_registry_v1,src/help/helpdata_messages.cpp,true,true,true,,,"owner_scope=COMMAND:SET ORDER ; facility_derived=SET ORDER ; default_text_shape=singleline ; source=all_messages() ; enrichment_pending=HELP_TOPIC,CMDHELPCHK"
MSG_SET_ORDER_UNABLE_RE_8D9C437B,SET_ORDER_UNABLE_READ_CDX_TAG_DIRECTORY_TEXT,SetOrderUnableReadCdxTagDirectoryText,en-US,GLOBAL,ERROR,ERROR,SET ORDER,active,,,unable to read CDX tag directory.,implemented,core,COMMAND:SET ORDER,compiled_registry_v1,src/help/helpdata_messages.cpp,true,true,true,,,"owner_scope=COMMAND:SET ORDER ; facility_derived=SET ORDER ; default_text_shape=singleline ; source=all_messages() ; enrichment_pending=HELP_TOPIC,CMDHELPCHK"
MSG_SET_ORDER_TAG_NOT_F_944959A8,SET_ORDER_TAG_NOT_FOUND_IN_CONTAINER_TEXT,SetOrderTagNotFoundInContainerText,en-US,GLOBAL,ERROR,ERROR,SET ORDER,active,,,tag '{tag}' not found in {container},implemented,core,COMMAND:SET ORDER,compiled_registry_v1,src/help/helpdata_messages.cpp,true,true,true,,,"owner_scope=COMMAND:SET ORDER ; facility_derived=SET ORDER ; default_text_shape=singleline ; source=all_messages() ; enrichment_pending=HELP_TOPIC,CMDHELPCHK"
MSG_SET_ORDER_V32_USES__87D3AB97,SET_ORDER_V32_USES_CNX_NOT_CDX_TEXT,SetOrderV32UsesCnxNotCdxText,en-US,GLOBAL,ERROR,ERROR,SET ORDER,active,,,"v32 tables use CNX for SET ORDER tag activation, not CDX.",implemented,core,COMMAND:SET ORDER,compiled_registry_v1,src/help/helpdata_messages.cpp,true,true,true,,,"owner_scope=COMMAND:SET ORDER ; facility_derived=SET ORDER ; default_text_shape=singleline ; source=all_messages() ; enrichment_pending=HELP_TOPIC,CMDHELPCHK"
MSG_SET_ORDER_V64_REQUI_217E5167,SET_ORDER_V64_REQUIRES_CDX_TEXT,SetOrderV64RequiresCdxText,en-US,GLOBAL,ERROR,ERROR,SET ORDER,active,,,v64 tables require CDX for SET ORDER.,implemented,core,COMMAND:SET ORDER,compiled_registry_v1,src/help/helpdata_messages.cpp,true,true,true,,,"owner_scope=COMMAND:SET ORDER ; facility_derived=SET ORDER ; default_text_shape=singleline ; source=all_messages() ; enrichment_pending=HELP_TOPIC,CMDHELPCHK"
MSG_SET_ORDER_OPEN_CDX__08930958,SET_ORDER_OPEN_CDX_CONTAINER_NOT_FOUND_TEXT,SetOrderOpenCdxContainerNotFoundText,en-US,GLOBAL,ERROR,ERROR,SET ORDER,active,,,openCdx: container not found: {container},implemented,core,COMMAND:SET ORDER,compiled_registry_v1,src/help/helpdata_messages.cpp,true,true,true,,,"owner_scope=COMMAND:SET ORDER ; facility_derived=SET ORDER ; default_text_shape=singleline ; source=all_messages() ; enrichment_pending=HELP_TOPIC,CMDHELPCHK"
MSG_SET_ORDER_OPEN_CDX__C1A0C876,SET_ORDER_OPEN_CDX_ENV_MISSING_TEXT,SetOrderOpenCdxEnvMissingText,en-US,GLOBAL,ERROR,ERROR,SET ORDER,active,,,openCdx: LMDB env missing: {env},implemented,core,COMMAND:SET ORDER,compiled_registry_v1,src/help/helpdata_messages.cpp,true,true,true,,,"owner_scope=COMMAND:SET ORDER ; facility_derived=SET ORDER ; default_text_shape=singleline ; source=all_messages() ; enrichment_pending=HELP_TOPIC,CMDHELPCHK"
MSG_SET_ORDER_OPEN_CDX__6A497C37,SET_ORDER_OPEN_CDX_BACKEND_OPEN_FAILED_TEXT,SetOrderOpenCdxBackendOpenFailedText,en-US,GLOBAL,ERROR,ERROR,SET ORDER,active,,,"openCdx: backend open() failed [container={container}, env={env}]",implemented,core,COMMAND:SET ORDER,compiled_registry_v1,src/help/helpdata_messages.cpp,true,true,true,,,"owner_scope=COMMAND:SET ORDER ; facility_derived=SET ORDER ; default_text_shape=singleline ; source=all_messages() ; enrichment_pending=HELP_TOPIC,CMDHELPCHK"
MSG_SET_ORDER_OPEN_CDX__861E47C3,SET_ORDER_OPEN_CDX_BACKEND_OPEN_FAILED_DETAIL_TEXT,SetOrderOpenCdxBackendOpenFailedDetailText,en-US,GLOBAL,ERROR,ERROR,SET ORDER,active,,,"{detail} [container={container}, env={env}]",implemented,core,COMMAND:SET ORDER,compiled_registry_v1,src/help/helpdata_messages.cpp,true,true,true,,,"owner_scope=COMMAND:SET ORDER ; facility_derived=SET ORDER ; default_text_shape=singleline ; source=all_messages() ; enrichment_pending=HELP_TOPIC,CMDHELPCHK"
MSG_SET_ORDER_OPEN_CNX__9D33E7ED,SET_ORDER_OPEN_CNX_CONTAINER_NOT_FOUND_TEXT,SetOrderOpenCnxContainerNotFoundText,en-US,GLOBAL,ERROR,ERROR,SET ORDER,active,,,openCnx: container not found: {container},implemented,core,COMMAND:SET ORDER,compiled_registry_v1,src/help/helpdata_messages.cpp,true,true,true,,,"owner_scope=COMMAND:SET ORDER ; facility_derived=SET ORDER ; default_text_shape=singleline ; source=all_messages() ; enrichment_pending=HELP_TOPIC,CMDHELPCHK"
MSG_SET_ORDER_OPEN_CNX__A5FFA84D,SET_ORDER_OPEN_CNX_BACKEND_OPEN_FAILED_TEXT,SetOrderOpenCnxBackendOpenFailedText,en-US,GLOBAL,ERROR,ERROR,SET ORDER,active,,,openCnx: backend open failed,implemented,core,COMMAND:SET ORDER,compiled_registry_v1,src/help/helpdata_messages.cpp,true,true,true,,,"owner_scope=COMMAND:SET ORDER ; facility_derived=SET ORDER ; default_text_shape=singleline ; source=all_messages() ; enrichment_pending=HELP_TOPIC,CMDHELPCHK"
MSG_SET_CDX_USAGE_TEXT_FDF544BE,SET_CDX_USAGE_TEXT,SetCdxUsageText,en-US,GLOBAL,USAGE,INFO,SET CDX,active,,,Usage: / SET CDX USAGE / SET CDX / SET CDX <name-or-path> / SETCDX / SETCDX USAGE / SETCDX <name-or-path>,implemented,core,COMMAND:SET CDX,compiled_registry_v1,src/help/helpdata_messages.cpp,true,true,true,,,"owner_scope=COMMAND:SET CDX ; facility_derived=SET CDX ; default_text_shape=multiline ; source=all_messages() ; enrichment_pending=HELP_TOPIC,CMDHELPCHK"
MSG_SET_CDX_ATTACHED_TE_9C657776,SET_CDX_ATTACHED_TEXT,SetCdxAttachedText,en-US,GLOBAL,STATUS,INFO,SET CDX,active,,,"attached ""{path}""",implemented,core,COMMAND:SET CDX,compiled_registry_v1,src/help/helpdata_messages.cpp,true,true,true,,,"owner_scope=COMMAND:SET CDX ; facility_derived=SET CDX ; default_text_shape=singleline ; source=all_messages() ; enrichment_pending=HELP_TOPIC,CMDHELPCHK"
MSG_SET_CDX_FAILED_TEXT_B52165BF,SET_CDX_FAILED_TEXT,SetCdxFailedText,en-US,GLOBAL,ERROR,ERROR,SET CDX,active,,,failed: {detail},implemented,core,COMMAND:SET CDX,compiled_registry_v1,src/help/helpdata_messages.cpp,true,true,true,,,"owner_scope=COMMAND:SET CDX ; facility_derived=SET CDX ; default_text_shape=singleline ; source=all_messages() ; enrichment_pending=HELP_TOPIC,CMDHELPCHK"
MSG_SET_CNX_USAGE_TEXT_133A31B4,SET_CNX_USAGE_TEXT,SetCnxUsageText,en-US,GLOBAL,USAGE,INFO,SET CNX,active,,,Usage: / SET CNX USAGE / SET CNX / SET CNX <name-or-path> / SETCNX / SETCNX USAGE / SETCNX <name-or-path>,implemented,core,COMMAND:SET CNX,compiled_registry_v1,src/help/helpdata_messages.cpp,true,true,true,,,"owner_scope=COMMAND:SET CNX ; facility_derived=SET CNX ; default_text_shape=multiline ; source=all_messages() ; enrichment_pending=HELP_TOPIC,CMDHELPCHK"
MSG_SET_CNX_ATTACHED_TE_76C0E120,SET_CNX_ATTACHED_TEXT,SetCnxAttachedText,en-US,GLOBAL,STATUS,INFO,SET CNX,active,,,"attached ""{path}""",implemented,core,COMMAND:SET CNX,compiled_registry_v1,src/help/helpdata_messages.cpp,true,true,true,,,"owner_scope=COMMAND:SET CNX ; facility_derived=SET CNX ; default_text_shape=singleline ; source=all_messages() ; enrichment_pending=HELP_TOPIC,CMDHELPCHK"
MSG_SET_CNX_FAILED_TEXT_5CBF3B78,SET_CNX_FAILED_TEXT,SetCnxFailedText,en-US,GLOBAL,ERROR,ERROR,SET CNX,active,,,failed: {detail},implemented,core,COMMAND:SET CNX,compiled_registry_v1,src/help/helpdata_messages.cpp,true,true,true,,,"owner_scope=COMMAND:SET CNX ; facility_derived=SET CNX ; default_text_shape=singleline ; source=all_messages() ; enrichment_pending=HELP_TOPIC,CMDHELPCHK"
MSG_SET_LMDB_USAGE_TEXT_7671F515,SET_LMDB_USAGE_TEXT,SetLmdbUsageText,en-US,GLOBAL,USAGE,INFO,SET LMDB,active,,,Usage: / SET LMDB / SET LMDB USAGE / SET LMDB 0 / SET LMDB <stem> [<tag>] [--asc|--desc] / SET LMDB <container.cdx> [<tag>] [--asc|--desc] / SET LMDB <envdir.cdx.d> [<tag>] [--asc|,implemented,core,COMMAND:SET LMDB,compiled_registry_v1,src/help/helpdata_messages.cpp,true,true,true,,,"owner_scope=COMMAND:SET LMDB ; facility_derived=SET LMDB ; default_text_shape=multiline ; source=all_messages() ; enrichment_pending=HELP_TOPIC,CMDHELPCHK"
MSG_SET_LMDB_STATUS_TEX_60FA3C8A,SET_LMDB_STATUS_TEXT,SetLmdbStatusText,en-US,GLOBAL,STATUS,INFO,SET LMDB,active,,,container '{container}' TAG '{tag}' ({direction}),implemented,core,COMMAND:SET LMDB,compiled_registry_v1,src/help/helpdata_messages.cpp,true,true,true,,,"owner_scope=COMMAND:SET LMDB ; facility_derived=SET LMDB ; default_text_shape=singleline ; source=all_messages() ; enrichment_pending=HELP_TOPIC,CMDHELPCHK"
MSG_SET_LMDB_BACKEND_LI_8D0EAE7E,SET_LMDB_BACKEND_LINE_TEXT,SetLmdbBackendLineText,en-US,GLOBAL,STATUS,INFO,SET LMDB,active,,,backend: {backend},implemented,core,COMMAND:SET LMDB,compiled_registry_v1,src/help/helpdata_messages.cpp,true,true,true,,,"owner_scope=COMMAND:SET LMDB ; facility_derived=SET LMDB ; default_text_shape=singleline ; source=all_messages() ; enrichment_pending=HELP_TOPIC,CMDHELPCHK"
MSG_SET_LMDB_OPEN_CDX_F_E745559B,SET_LMDB_OPEN_CDX_FAILED_TEXT,SetLmdbOpenCdxFailedText,en-US,GLOBAL,ERROR,ERROR,SET LMDB,active,,,error: {detail},implemented,core,COMMAND:SET LMDB,compiled_registry_v1,src/help/helpdata_messages.cpp,true,true,true,,,"owner_scope=COMMAND:SET LMDB ; facility_derived=SET LMDB ; default_text_shape=singleline ; source=all_messages() ; enrichment_pending=HELP_TOPIC,CMDHELPCHK"
MSG_SET_LMDB_USING_TEXT_8CAD7363,SET_LMDB_USING_TEXT,SetLmdbUsingText,en-US,GLOBAL,STATUS,INFO,SET LMDB,active,,,using CDX '{container}' TAG '{tag}' ({direction}),implemented,core,COMMAND:SET LMDB,compiled_registry_v1,src/help/helpdata_messages.cpp,true,true,true,,,"owner_scope=COMMAND:SET LMDB ; facility_derived=SET LMDB ; default_text_shape=singleline ; source=all_messages() ; enrichment_pending=HELP_TOPIC,CMDHELPCHK"
MSG_SET_LMDB_ENVDIR_LIN_D8F30014,SET_LMDB_ENVDIR_LINE_TEXT,SetLmdbEnvdirLineText,en-US,GLOBAL,STATUS,INFO,SET LMDB,active,,,envdir: {path},implemented,core,COMMAND:SET LMDB,compiled_registry_v1,src/help/helpdata_messages.cpp,true,true,true,,,"owner_scope=COMMAND:SET LMDB ; facility_derived=SET LMDB ; default_text_shape=singleline ; source=all_messages() ; enrichment_pending=HELP_TOPIC,CMDHELPCHK"
MSG_SET_UNIQUE_USAGE_TE_8372DD47,SET_UNIQUE_USAGE_TEXT,SetUniqueUsageText,en-US,GLOBAL,USAGE,INFO,SET UNIQUE,active,,,Usage: / SET UNIQUE / SET UNIQUE USAGE / SET UNIQUE FIELD <name> ON / SET UNIQUE FIELD <name> OFF,implemented,core,COMMAND:SET UNIQUE,compiled_registry_v1,src/help/helpdata_messages.cpp,true,true,true,,,"owner_scope=COMMAND:SET UNIQUE ; facility_derived=SET UNIQUE ; default_text_shape=multiline ; source=all_messages() ; enrichment_pending=HELP_TOPIC,CMDHELPCHK"
MSG_SET_UNIQUE_NONE_TEX_C7C8DD1E,SET_UNIQUE_NONE_TEXT,SetUniqueNoneText,en-US,GLOBAL,STATUS,INFO,SET UNIQUE,active,,,UNIQUE: (none),implemented,core,COMMAND:SET UNIQUE,compiled_registry_v1,src/help/helpdata_messages.cpp,true,true,true,,,"owner_scope=COMMAND:SET UNIQUE ; facility_derived=SET UNIQUE ; default_text_shape=singleline ; source=all_messages() ; enrichment_pending=HELP_TOPIC,CMDHELPCHK"
MSG_SET_UNIQUE_FIELDS_T_C9DE8953,SET_UNIQUE_FIELDS_TEXT,SetUniqueFieldsText,en-US,GLOBAL,STATUS,INFO,SET UNIQUE,active,,,UNIQUE fields: {fields},implemented,core,COMMAND:SET UNIQUE,compiled_registry_v1,src/help/helpdata_messages.cpp,true,true,true,,,"owner_scope=COMMAND:SET UNIQUE ; facility_derived=SET UNIQUE ; default_text_shape=singleline ; source=all_messages() ; enrichment_pending=HELP_TOPIC,CMDHELPCHK"
MSG_SET_UNIQUE_FIELD_ST_1B0150B9,SET_UNIQUE_FIELD_STATUS_TEXT,SetUniqueFieldStatusText,en-US,GLOBAL,STATUS,INFO,SET UNIQUE,active,,,UNIQUE {state} for FIELD {field}.,implemented,core,COMMAND:SET UNIQUE,compiled_registry_v1,src/help/helpdata_messages.cpp,true,true,true,,,"owner_scope=COMMAND:SET UNIQUE ; facility_derived=SET UNIQUE ; default_text_shape=singleline ; source=all_messages() ; enrichment_pending=HELP_TOPIC,CMDHELPCHK"
MSG_SET_CASE_USAGE_TEXT_A9018ACC,SET_CASE_USAGE_TEXT,SetCaseUsageText,en-US,GLOBAL,USAGE,INFO,SET CASE,active,,,Usage: / SET CASE / SET CASE USAGE / SET CASE ON / SET CASE OFF / SETCASE / SETCASE USAGE / SETCASE ON / SETCASE OFF,implemented,core,COMMAND:SET CASE,compiled_registry_v1,src/help/helpdata_messages.cpp,true,true,true,,,"owner_scope=COMMAND:SET CASE ; facility_derived=SET CASE ; default_text_shape=multiline ; source=all_messages() ; enrichment_pending=HELP_TOPIC,CMDHELPCHK"
MSG_SET_CASE_STATUS_TEX_72F32C76,SET_CASE_STATUS_TEXT,SetCaseStatusText,en-US,GLOBAL,STATUS,INFO,SET CASE,active,,,CASE SENSITIVE: {state},implemented,core,COMMAND:SET CASE,compiled_registry_v1,src/help/helpdata_messages.cpp,true,true,true,,,"owner_scope=COMMAND:SET CASE ; facility_derived=SET CASE ; default_text_shape=singleline ; source=all_messages() ; enrichment_pending=HELP_TOPIC,CMDHELPCHK"
MSG_SET_NEAR_USAGE_TEXT_B5659FD6,SET_NEAR_USAGE_TEXT,SetNearUsageText,en-US,GLOBAL,USAGE,INFO,SET NEAR,active,,,Usage: / SET NEAR / SET NEAR USAGE / SET NEAR ON / SET NEAR OFF / SETNEAR / SETNEAR USAGE / SETNEAR ON / SETNEAR OFF,implemented,core,COMMAND:SET NEAR,compiled_registry_v1,src/help/helpdata_messages.cpp,true,true,true,,,"owner_scope=COMMAND:SET NEAR ; facility_derived=SET NEAR ; default_text_shape=multiline ; source=all_messages() ; enrichment_pending=HELP_TOPIC,CMDHELPCHK"
MSG_SET_NEAR_STATUS_TEX_27FDCC4A,SET_NEAR_STATUS_TEXT,SetNearStatusText,en-US,GLOBAL,STATUS,INFO,SET NEAR,active,,,NEAR: {state},implemented,core,COMMAND:SET NEAR,compiled_registry_v1,src/help/helpdata_messages.cpp,true,true,true,,,"owner_scope=COMMAND:SET NEAR ; facility_derived=SET NEAR ; default_text_shape=singleline ; source=all_messages() ; enrichment_pending=HELP_TOPIC,CMDHELPCHK"
MSG_SET_FILTER_USAGE_TE_5C10C434,SET_FILTER_USAGE_TEXT,SetFilterUsageText,en-US,GLOBAL,USAGE,INFO,SET FILTER,active,,,Usage: / SET FILTER USAGE / SET FILTER TO <expr> / SET FILTER TO / SETFILTER USAGE / SETFILTER TO <expr> / SETFILTER TO,implemented,core,COMMAND:SET FILTER,compiled_registry_v1,src/help/helpdata_messages.cpp,true,true,true,,,"owner_scope=COMMAND:SET FILTER ; facility_derived=SET FILTER ; default_text_shape=multiline ; source=all_messages() ; enrichment_pending=HELP_TOPIC,CMDHELPCHK"
MSG_SET_FILTER_EXPECTED_ECCC6122,SET_FILTER_EXPECTED_TO_TEXT,SetFilterExpectedToText,en-US,GLOBAL,ERROR,ERROR,SET FILTER,active,,,expected 'TO'.,implemented,core,COMMAND:SET FILTER,compiled_registry_v1,src/help/helpdata_messages.cpp,true,true,true,,,"owner_scope=COMMAND:SET FILTER ; facility_derived=SET FILTER ; default_text_shape=singleline ; source=all_messages() ; enrichment_pending=HELP_TOPIC,CMDHELPCHK"
MSG_SET_FILTER_CLEARED__E51D8057,SET_FILTER_CLEARED_TEXT,SetFilterClearedText,en-US,GLOBAL,STATUS,INFO,SET FILTER,active,,,cleared.,implemented,core,COMMAND:SET FILTER,compiled_registry_v1,src/help/helpdata_messages.cpp,true,true,true,,,"owner_scope=COMMAND:SET FILTER ; facility_derived=SET FILTER ; default_text_shape=singleline ; source=all_messages() ; enrichment_pending=HELP_TOPIC,CMDHELPCHK"
MSG_SET_FILTER_ERROR_TE_4DF47CF6,SET_FILTER_ERROR_TEXT,SetFilterErrorText,en-US,GLOBAL,ERROR,ERROR,SET FILTER,active,,,error: {detail},implemented,core,COMMAND:SET FILTER,compiled_registry_v1,src/help/helpdata_messages.cpp,true,true,true,,,"owner_scope=COMMAND:SET FILTER ; facility_derived=SET FILTER ; default_text_shape=singleline ; source=all_messages() ; enrichment_pending=HELP_TOPIC,CMDHELPCHK"
MSG_SET_FILTER_APPLIED__34B272F4,SET_FILTER_APPLIED_TEXT,SetFilterAppliedText,en-US,GLOBAL,STATUS,INFO,SET FILTER,active,,,TO {expr},implemented,core,COMMAND:SET FILTER,compiled_registry_v1,src/help/helpdata_messages.cpp,true,true,true,,,"owner_scope=COMMAND:SET FILTER ; facility_derived=SET FILTER ; default_text_shape=singleline ; source=all_messages() ; enrichment_pending=HELP_TOPIC,CMDHELPCHK"
MSG_SET_RELATION_USAGE__E8936BE9,SET_RELATION_USAGE_TEXT,SetRelationUsageText,en-US,GLOBAL,USAGE,INFO,SET RELATION,active,,,"Usage: / SET RELATION USAGE / SET RELATION TO <expr> INTO <child> / SET RELATION TO <expr> INTO <child>, <expr> INTO <child> / SET RELATION ADDITIVE TO <expr> INTO <child> / SET RE",implemented,core,COMMAND:SET RELATION,compiled_registry_v1,src/help/helpdata_messages.cpp,true,true,true,,,"owner_scope=COMMAND:SET RELATION ; facility_derived=SET RELATION ; default_text_shape=multiline ; source=all_messages() ; enrichment_pending=HELP_TOPIC,CMDHELPCHK"
MSG_SET_RELATION_NO_CUR_A8FE0800,SET_RELATION_NO_CURRENT_PARENT_TEXT,SetRelationNoCurrentParentText,en-US,GLOBAL,ERROR,ERROR,SET RELATION,active,,,no current parent area,implemented,core,COMMAND:SET RELATION,compiled_registry_v1,src/help/helpdata_messages.cpp,true,true,true,,,"owner_scope=COMMAND:SET RELATION ; facility_derived=SET RELATION ; default_text_shape=singleline ; source=all_messages() ; enrichment_pending=HELP_TOPIC,CMDHELPCHK"
MSG_SET_RELATION_OK_TEX_6FE09646,SET_RELATION_OK_TEXT,SetRelationOkText,en-US,GLOBAL,STATUS,INFO,SET RELATION,active,,,OK,implemented,core,COMMAND:SET RELATION,compiled_registry_v1,src/help/helpdata_messages.cpp,true,true,true,,,"owner_scope=COMMAND:SET RELATION ; facility_derived=SET RELATION ; default_text_shape=singleline ; source=all_messages() ; enrichment_pending=HELP_TOPIC,CMDHELPCHK"
MSG_SET_RELATION_OFF_IN_4FF12AFA,SET_RELATION_OFF_INTO_REQUIRES_CHILD_TEXT,SetRelationOffIntoRequiresChildText,en-US,GLOBAL,ERROR,ERROR,SET RELATION,active,,,OFF INTO requires child area,implemented,core,COMMAND:SET RELATION,compiled_registry_v1,src/help/helpdata_messages.cpp,true,true,true,,,"owner_scope=COMMAND:SET RELATION ; facility_derived=SET RELATION ; default_text_shape=singleline ; source=all_messages() ; enrichment_pending=HELP_TOPIC,CMDHELPCHK"
MSG_SET_RELATION_EXPECT_58AFA33C,SET_RELATION_EXPECTED_OFF_TAIL_TEXT,SetRelationExpectedOffTailText,en-US,GLOBAL,ERROR,ERROR,SET RELATION,active,,,expected INTO <child> or ALL after OFF,implemented,core,COMMAND:SET RELATION,compiled_registry_v1,src/help/helpdata_messages.cpp,true,true,true,,,"owner_scope=COMMAND:SET RELATION ; facility_derived=SET RELATION ; default_text_shape=singleline ; source=all_messages() ; enrichment_pending=HELP_TOPIC,CMDHELPCHK"
MSG_SET_RELATION_ADDITI_3DBC3FB4,SET_RELATION_ADDITIVE_REQUIRES_TO_INTO_TEXT,SetRelationAdditiveRequiresToIntoText,en-US,GLOBAL,ERROR,ERROR,SET RELATION,active,,,ADDITIVE requires TO <expr> INTO <child>,implemented,core,COMMAND:SET RELATION,compiled_registry_v1,src/help/helpdata_messages.cpp,true,true,true,,,"owner_scope=COMMAND:SET RELATION ; facility_derived=SET RELATION ; default_text_shape=singleline ; source=all_messages() ; enrichment_pending=HELP_TOPIC,CMDHELPCHK"
MSG_SET_RELATION_ADDITI_18D84408,SET_RELATION_ADDITIVE_EXPECTS_TO_TEXT,SetRelationAdditiveExpectsToText,en-US,GLOBAL,ERROR,ERROR,SET RELATION,active,,,ADDITIVE expects TO,implemented,core,COMMAND:SET RELATION,compiled_registry_v1,src/help/helpdata_messages.cpp,true,true,true,,,"owner_scope=COMMAND:SET RELATION ; facility_derived=SET RELATION ; default_text_shape=singleline ; source=all_messages() ; enrichment_pending=HELP_TOPIC,CMDHELPCHK"
MSG_SET_RELATION_EXPECT_F6C03619,SET_RELATION_EXPECTED_TO_ADDITIVE_OFF_TEXT,SetRelationExpectedToAdditiveOffText,en-US,GLOBAL,ERROR,ERROR,SET RELATION,active,,,"expected TO, ADDITIVE, or OFF",implemented,core,COMMAND:SET RELATION,compiled_registry_v1,src/help/helpdata_messages.cpp,true,true,true,,,"owner_scope=COMMAND:SET RELATION ; facility_derived=SET RELATION ; default_text_shape=singleline ; source=all_messages() ; enrichment_pending=HELP_TOPIC,CMDHELPCHK"
MSG_SET_RELATION_INVALI_769DB1C8,SET_RELATION_INVALID_CLAUSE_TEXT,SetRelationInvalidClauseText,en-US,GLOBAL,ERROR,ERROR,SET RELATION,active,,,invalid TO ... INTO ... clause,implemented,core,COMMAND:SET RELATION,compiled_registry_v1,src/help/helpdata_messages.cpp,true,true,true,,,"owner_scope=COMMAND:SET RELATION ; facility_derived=SET RELATION ; default_text_shape=singleline ; source=all_messages() ; enrichment_pending=HELP_TOPIC,CMDHELPCHK"
MSG_SET_RELATION_EMPTY__6E7BB74A,SET_RELATION_EMPTY_EXPRESSION_FOR_CHILD_TEXT,SetRelationEmptyExpressionForChildText,en-US,GLOBAL,ERROR,ERROR,SET RELATION,active,,,empty expression for child {child},implemented,core,COMMAND:SET RELATION,compiled_registry_v1,src/help/helpdata_messages.cpp,true,true,true,,,"owner_scope=COMMAND:SET RELATION ; facility_derived=SET RELATION ; default_text_shape=singleline ; source=all_messages() ; enrichment_pending=HELP_TOPIC,CMDHELPCHK"
MSG_REL_DIAG_ADD_FAILED_40FA8AF7,REL_DIAG_ADD_FAILED_NO_FIELDS_TEXT,RelDiagAddFailedNoFieldsText,en-US,GLOBAL,STATUS,INFO,REL,active,,,add failed (no fields provided),implemented,core,SUBSYSTEM:REL,compiled_registry_v1,src/help/helpdata_messages.cpp,true,true,true,,,"owner_scope=SUBSYSTEM:REL ; facility_derived=REL ; default_text_shape=singleline ; source=all_messages() ; enrichment_pending=HELP_TOPIC,CMDHELPCHK"
MSG_REL_DIAG_ADD_FAILED_C98D5099,REL_DIAG_ADD_FAILED_FIELD_COUNT_MISMATCH_TEXT,RelDiagAddFailedFieldCountMismatchText,en-US,GLOBAL,STATUS,INFO,REL,active,,,add failed (parent/child field counts differ),implemented,core,SUBSYSTEM:REL,compiled_registry_v1,src/help/helpdata_messages.cpp,true,true,true,,,"owner_scope=SUBSYSTEM:REL ; facility_derived=REL ; default_text_shape=singleline ; source=all_messages() ; enrichment_pending=HELP_TOPIC,CMDHELPCHK"
MSG_REL_DIAG_ADD_FAILED_49B56B2A,REL_DIAG_ADD_FAILED_NOT_OPEN_TEXT,RelDiagAddFailedNotOpenText,en-US,GLOBAL,STATUS,INFO,REL,active,,,add failed (parent/child not open),implemented,core,SUBSYSTEM:REL,compiled_registry_v1,src/help/helpdata_messages.cpp,true,true,true,,,"owner_scope=SUBSYSTEM:REL ; facility_derived=REL ; default_text_shape=singleline ; source=all_messages() ; enrichment_pending=HELP_TOPIC,CMDHELPCHK"
MSG_REL_DIAG_PARENT_FIE_897E6DD1,REL_DIAG_PARENT_FIELD_NOT_FOUND_TEXT,RelDiagParentFieldNotFoundText,en-US,GLOBAL,STATUS,INFO,REL,active,,,parent field not found: {field},implemented,core,SUBSYSTEM:REL,compiled_registry_v1,src/help/helpdata_messages.cpp,true,true,true,,,"owner_scope=SUBSYSTEM:REL ; facility_derived=REL ; default_text_shape=singleline ; source=all_messages() ; enrichment_pending=HELP_TOPIC,CMDHELPCHK"
MSG_REL_DIAG_CHILD_FIEL_7F17EDC4,REL_DIAG_CHILD_FIELD_NOT_FOUND_TEXT,RelDiagChildFieldNotFoundText,en-US,GLOBAL,STATUS,INFO,REL,active,,,child field not found: {field},implemented,core,SUBSYSTEM:REL,compiled_registry_v1,src/help/helpdata_messages.cpp,true,true,true,,,"owner_scope=SUBSYSTEM:REL ; facility_derived=REL ; default_text_shape=singleline ; source=all_messages() ; enrichment_pending=HELP_TOPIC,CMDHELPCHK"
MSG_REL_DIAG_ADDED_TEXT_FB8B70D5,REL_DIAG_ADDED_TEXT,RelDiagAddedText,en-US,GLOBAL,STATUS,INFO,REL,active,,,{parent} -> {child} ON {fields},implemented,core,SUBSYSTEM:REL,compiled_registry_v1,src/help/helpdata_messages.cpp,true,true,true,,,"owner_scope=SUBSYSTEM:REL ; facility_derived=REL ; default_text_shape=singleline ; source=all_messages() ; enrichment_pending=HELP_TOPIC,CMDHELPCHK"
MSG_REL_DIAG_NO_RELATIO_8B78F155,REL_DIAG_NO_RELATIONS_DEFINED_TEXT,RelDiagNoRelationsDefinedText,en-US,GLOBAL,STATUS,INFO,REL,active,,,no relations defined for {parent},implemented,core,SUBSYSTEM:REL,compiled_registry_v1,src/help/helpdata_messages.cpp,true,true,true,,,"owner_scope=SUBSYSTEM:REL ; facility_derived=REL ; default_text_shape=singleline ; source=all_messages() ; enrichment_pending=HELP_TOPIC,CMDHELPCHK"
MSG_REL_DIAG_RELATION_N_1DCF9C3A,REL_DIAG_RELATION_NOT_FOUND_TEXT,RelDiagRelationNotFoundText,en-US,GLOBAL,STATUS,INFO,REL,active,,,relation not found: {parent} -> {child},implemented,core,SUBSYSTEM:REL,compiled_registry_v1,src/help/helpdata_messages.cpp,true,true,true,,,"owner_scope=SUBSYSTEM:REL ; facility_derived=REL ; default_text_shape=singleline ; source=all_messages() ; enrichment_pending=HELP_TOPIC,CMDHELPCHK"
MSG_REL_DIAG_REMOVED_TE_FA5E8EAC,REL_DIAG_REMOVED_TEXT,RelDiagRemovedText,en-US,GLOBAL,STATUS,INFO,REL,active,,,removed {parent} -> {child},implemented,core,SUBSYSTEM:REL,compiled_registry_v1,src/help/helpdata_messages.cpp,true,true,true,,,"owner_scope=SUBSYSTEM:REL ; facility_derived=REL ; default_text_shape=singleline ; source=all_messages() ; enrichment_pending=HELP_TOPIC,CMDHELPCHK"
MSG_REL_DIAG_CLEARED_FO_87E5EA47,REL_DIAG_CLEARED_FOR_TEXT,RelDiagClearedForText,en-US,GLOBAL,STATUS,INFO,REL,active,,,cleared for {parent},implemented,core,SUBSYSTEM:REL,compiled_registry_v1,src/help/helpdata_messages.cpp,true,true,true,,,"owner_scope=SUBSYSTEM:REL ; facility_derived=REL ; default_text_shape=singleline ; source=all_messages() ; enrichment_pending=HELP_TOPIC,CMDHELPCHK"
MSG_REL_DIAG_CLEARED_AL_7D4B1617,REL_DIAG_CLEARED_ALL_TEXT,RelDiagClearedAllText,en-US,GLOBAL,STATUS,INFO,REL,active,,,cleared all,implemented,core,SUBSYSTEM:REL,compiled_registry_v1,src/help/helpdata_messages.cpp,true,true,true,,,"owner_scope=SUBSYSTEM:REL ; facility_derived=REL ; default_text_shape=singleline ; source=all_messages() ; enrichment_pending=HELP_TOPIC,CMDHELPCHK"
MSG_SET_RELATIONS_USAGE_2117F32D,SET_RELATIONS_USAGE_TEXT,SetRelationsUsageText,en-US,GLOBAL,USAGE,INFO,SET RELATIONS,active,,,"Usage: / SET RELATIONS / SET RELATIONS USAGE / SET RELATIONS ADD <parent> <child> ON f1[,f2...] / SET RELATIONS ADD <parent> <child> ON parent_f1[,parent_f2...] TO child_f1[,child_",implemented,core,COMMAND:SET RELATIONS,compiled_registry_v1,src/help/helpdata_messages.cpp,true,true,true,,,"owner_scope=COMMAND:SET RELATIONS ; facility_derived=SET RELATIONS ; default_text_shape=multiline ; source=all_messages() ; enrichment_pending=HELP_TOPIC,CMDHELPCHK"
MSG_RELATIONS_USAGE_TEX_70984D52,RELATIONS_USAGE_TEXT,RelationsUsageText,en-US,GLOBAL,USAGE,INFO,RELATIONS,active,,,"Usage: / RELATIONS / RELATIONS USAGE / RELATIONS ALL / SET RELATIONS / SET RELATIONS USAGE / SET RELATIONS ADD <parent> <child> ON f1[,f2...] [TO child_f1[,child_f2...]] / SET RELA",implemented,core,COMMAND:RELATIONS,compiled_registry_v1,src/help/helpdata_messages.cpp,true,true,true,,,"owner_scope=COMMAND:RELATIONS ; facility_derived=RELATIONS ; default_text_shape=multiline ; source=all_messages() ; enrichment_pending=HELP_TOPIC,CMDHELPCHK"
MSG_RELATIONS_FILE_USAG_A2E8B59E,RELATIONS_FILE_USAGE_TEXT,RelationsFileUsageText,en-US,GLOBAL,USAGE,INFO,REL,active,,,REL SAVE/LOAD syntax / REL SAVE [<file>|DEFAULT|DATASET <name>] / REL LOAD [<file>|DEFAULT|DATASET <name>],implemented,core,COMMAND:REL,compiled_registry_v1,src/help/helpdata_messages.cpp,true,true,true,,,"owner_scope=COMMAND:REL ; facility_derived=REL ; default_text_shape=multiline ; source=all_messages() ; enrichment_pending=HELP_TOPIC,CMDHELPCHK"
MSG_SET_RELATIONS_ADD_U_020B73B6,SET_RELATIONS_ADD_USAGE_TEXT,SetRelationsAddUsageText,en-US,GLOBAL,USAGE,INFO,SET RELATIONS,active,,,"Usage: SET RELATIONS ADD <parent> <child> ON f1,f2",implemented,core,COMMAND:SET RELATIONS,compiled_registry_v1,src/help/helpdata_messages.cpp,true,true,true,,,"owner_scope=COMMAND:SET RELATIONS ; facility_derived=SET RELATIONS ; default_text_shape=singleline ; source=all_messages() ; enrichment_pending=HELP_TOPIC,CMDHELPCHK"
MSG_SET_RELATIONS_ADD_U_64619B20,SET_RELATIONS_ADD_USAGE_WITH_TO_TEXT,SetRelationsAddUsageWithToText,en-US,GLOBAL,USAGE,INFO,SET RELATIONS,active,,,"Usage: SET RELATIONS ADD <parent> <child> ON f1,f2 [TO child_f1,child_f2]",implemented,core,COMMAND:SET RELATIONS,compiled_registry_v1,src/help/helpdata_messages.cpp,true,true,true,,,"owner_scope=COMMAND:SET RELATIONS ; facility_derived=SET RELATIONS ; default_text_shape=singleline ; source=all_messages() ; enrichment_pending=HELP_TOPIC,CMDHELPCHK"
MSG_SET_RELATIONS_NO_FI_2E08429F,SET_RELATIONS_NO_FIELDS_TEXT,SetRelationsNoFieldsText,en-US,GLOBAL,ERROR,ERROR,SET RELATIONS,active,,,no fields provided,implemented,core,COMMAND:SET RELATIONS,compiled_registry_v1,src/help/helpdata_messages.cpp,true,true,true,,,"owner_scope=COMMAND:SET RELATIONS ; facility_derived=SET RELATIONS ; default_text_shape=singleline ; source=all_messages() ; enrichment_pending=HELP_TOPIC,CMDHELPCHK"
MSG_SET_RELATIONS_FIELD_12E4E16D,SET_RELATIONS_FIELD_COUNT_MISMATCH_TEXT,SetRelationsFieldCountMismatchText,en-US,GLOBAL,ERROR,ERROR,SET RELATIONS,active,,,parent/child field counts differ,implemented,core,COMMAND:SET RELATIONS,compiled_registry_v1,src/help/helpdata_messages.cpp,true,true,true,,,"owner_scope=COMMAND:SET RELATIONS ; facility_derived=SET RELATIONS ; default_text_shape=singleline ; source=all_messages() ; enrichment_pending=HELP_TOPIC,CMDHELPCHK"
MSG_SET_RELATIONS_CLEAR_5F21EDA4,SET_RELATIONS_CLEAR_USAGE_TEXT,SetRelationsClearUsageText,en-US,GLOBAL,USAGE,INFO,SET RELATIONS,active,,,Usage: SET RELATIONS CLEAR <parent>|ALL,implemented,core,COMMAND:SET RELATIONS,compiled_registry_v1,src/help/helpdata_messages.cpp,true,true,true,,,"owner_scope=COMMAND:SET RELATIONS ; facility_derived=SET RELATIONS ; default_text_shape=singleline ; source=all_messages() ; enrichment_pending=HELP_TOPIC,CMDHELPCHK"
MSG_SET_RELATIONS_UNKNO_B3055B47,SET_RELATIONS_UNKNOWN_OP_TEXT,SetRelationsUnknownOpText,en-US,GLOBAL,ERROR,ERROR,SET RELATIONS,active,,,unknown op. Try: ADD / CLEAR,implemented,core,COMMAND:SET RELATIONS,compiled_registry_v1,src/help/helpdata_messages.cpp,true,true,true,,,"owner_scope=COMMAND:SET RELATIONS ; facility_derived=SET RELATIONS ; default_text_shape=singleline ; source=all_messages() ; enrichment_pending=HELP_TOPIC,CMDHELPCHK"
MSG_REL_LIST_NO_CURRENT_9452E540,REL_LIST_NO_CURRENT_PARENT_TEXT,RelListNoCurrentParentText,en-US,GLOBAL,ERROR,ERROR,RELATIONS,active,,,no current parent,implemented,core,COMMAND:RELATIONS,compiled_registry_v1,src/help/helpdata_messages.cpp,true,true,true,,,"owner_scope=COMMAND:RELATIONS ; facility_derived=RELATIONS ; default_text_shape=singleline ; source=all_messages() ; enrichment_pending=HELP_TOPIC,CMDHELPCHK"
MSG_REL_LIST_TREE_ROOTE_9A777535,REL_LIST_TREE_ROOTED_AT_TEXT,RelListTreeRootedAtText,en-US,GLOBAL,STATUS,INFO,RELATIONS,active,,,Relations (tree) rooted at: {parent},implemented,core,COMMAND:RELATIONS,compiled_registry_v1,src/help/helpdata_messages.cpp,true,true,true,,,"owner_scope=COMMAND:RELATIONS ; facility_derived=RELATIONS ; default_text_shape=singleline ; source=all_messages() ; enrichment_pending=HELP_TOPIC,CMDHELPCHK"
MSG_REL_LIST_NONE_TEXT_3ACB4290,REL_LIST_NONE_TEXT,RelListNoneText,en-US,GLOBAL,STATUS,INFO,RELATIONS,active,,,(none),implemented,core,COMMAND:RELATIONS,compiled_registry_v1,src/help/helpdata_messages.cpp,true,true,true,,,"owner_scope=COMMAND:RELATIONS ; facility_derived=RELATIONS ; default_text_shape=singleline ; source=all_messages() ; enrichment_pending=HELP_TOPIC,CMDHELPCHK"
MSG_REL_LIST_PARENT_HEA_8B08E4E4,REL_LIST_PARENT_HEADER_TEXT,RelListParentHeaderText,en-US,GLOBAL,STATUS,INFO,RELATIONS,active,,,Relations for parent: {parent},implemented,core,COMMAND:RELATIONS,compiled_registry_v1,src/help/helpdata_messages.cpp,true,true,true,,,"owner_scope=COMMAND:RELATIONS ; facility_derived=RELATIONS ; default_text_shape=singleline ; source=all_messages() ; enrichment_pending=HELP_TOPIC,CMDHELPCHK"
MSG_REL_LIST_MATCH_LINE_82FC89CB,REL_LIST_MATCH_LINE_TEXT,RelListMatchLineText,en-US,GLOBAL,STATUS,INFO,RELATIONS,active,,,-> {child} (matches: {count}),implemented,core,COMMAND:RELATIONS,compiled_registry_v1,src/help/helpdata_messages.cpp,true,true,true,,,"owner_scope=COMMAND:RELATIONS ; facility_derived=RELATIONS ; default_text_shape=singleline ; source=all_messages() ; enrichment_pending=HELP_TOPIC,CMDHELPCHK"
MSG_REL_SAVE_CANNOT_WRI_08C4761B,REL_SAVE_CANNOT_WRITE_TEXT,RelSaveCannotWriteText,en-US,GLOBAL,ERROR,ERROR,REL SAVE,active,,,cannot write file: {path},implemented,core,COMMAND:REL SAVE,compiled_registry_v1,src/help/helpdata_messages.cpp,true,true,true,,,"owner_scope=COMMAND:REL SAVE ; facility_derived=REL SAVE ; default_text_shape=singleline ; source=all_messages() ; enrichment_pending=HELP_TOPIC,CMDHELPCHK"
MSG_REL_SAVE_OK_TEXT_22A2522E,REL_SAVE_OK_TEXT,RelSaveOkText,en-US,GLOBAL,STATUS,INFO,REL SAVE,active,,,OK ({count} relation(s) saved to {path}),implemented,core,COMMAND:REL SAVE,compiled_registry_v1,src/help/helpdata_messages.cpp,true,true,true,,,"owner_scope=COMMAND:REL SAVE ; facility_derived=REL SAVE ; default_text_shape=singleline ; source=all_messages() ; enrichment_pending=HELP_TOPIC,CMDHELPCHK"
MSG_REL_LOAD_CANNOT_REA_CF648806,REL_LOAD_CANNOT_READ_TEXT,RelLoadCannotReadText,en-US,GLOBAL,ERROR,ERROR,REL LOAD,active,,,cannot read file or file empty: {path},implemented,core,COMMAND:REL LOAD,compiled_registry_v1,src/help/helpdata_messages.cpp,true,true,true,,,"owner_scope=COMMAND:REL LOAD ; facility_derived=REL LOAD ; default_text_shape=singleline ; source=all_messages() ; enrichment_pending=HELP_TOPIC,CMDHELPCHK"
MSG_REL_LOAD_NO_RELATIO_66FD3183,REL_LOAD_NO_RELATIONS_FOUND_TEXT,RelLoadNoRelationsFoundText,en-US,GLOBAL,ERROR,ERROR,REL LOAD,active,,,no relations found in file,implemented,core,COMMAND:REL LOAD,compiled_registry_v1,src/help/helpdata_messages.cpp,true,true,true,,,"owner_scope=COMMAND:REL LOAD ; facility_derived=REL LOAD ; default_text_shape=singleline ; source=all_messages() ; enrichment_pending=HELP_TOPIC,CMDHELPCHK"
MSG_REL_LOAD_OK_TEXT_2841700B,REL_LOAD_OK_TEXT,RelLoadOkText,en-US,GLOBAL,STATUS,INFO,REL LOAD,active,,,OK ({count} relation(s) loaded from {path}),implemented,core,COMMAND:REL LOAD,compiled_registry_v1,src/help/helpdata_messages.cpp,true,true,true,,,"owner_scope=COMMAND:REL LOAD ; facility_derived=REL LOAD ; default_text_shape=singleline ; source=all_messages() ; enrichment_pending=HELP_TOPIC,CMDHELPCHK"
MSG_REL_JOIN_USAGE_TEXT_AD6CD2F7,REL_JOIN_USAGE_TEXT,RelJoinUsageText,en-US,GLOBAL,USAGE,INFO,REL JOIN,active,,,REL JOIN syntax / REL JOIN [ONE] [DISTINCT|ALL] [LIMIT <n>] [<child1> <child2> ...] TUPLE <fields> / Flags / ONE emit exactly one row using the current relation context (historical,implemented,core,COMMAND:REL JOIN,compiled_registry_v1,src/help/helpdata_messages.cpp,true,true,true,,,"owner_scope=COMMAND:REL JOIN ; facility_derived=REL JOIN ; default_text_shape=multiline ; source=all_messages() ; enrichment_pending=HELP_TOPIC,CMDHELPCHK"
MSG_REL_JOIN_LIMIT_REQU_BDFC79D3,REL_JOIN_LIMIT_REQUIRES_NUMBER_TEXT,RelJoinLimitRequiresNumberText,en-US,GLOBAL,ERROR,ERROR,REL JOIN,active,,,LIMIT requires a number,implemented,core,COMMAND:REL JOIN,compiled_registry_v1,src/help/helpdata_messages.cpp,true,true,true,,,"owner_scope=COMMAND:REL JOIN ; facility_derived=REL JOIN ; default_text_shape=singleline ; source=all_messages() ; enrichment_pending=HELP_TOPIC,CMDHELPCHK"
MSG_REL_JOIN_MISSING_TU_3242C162,REL_JOIN_MISSING_TUPLE_TEXT,RelJoinMissingTupleText,en-US,GLOBAL,ERROR,ERROR,REL JOIN,active,,,missing TUPLE,implemented,core,COMMAND:REL JOIN,compiled_registry_v1,src/help/helpdata_messages.cpp,true,true,true,,,"owner_scope=COMMAND:REL JOIN ; facility_derived=REL JOIN ; default_text_shape=singleline ; source=all_messages() ; enrichment_pending=HELP_TOPIC,CMDHELPCHK"
MSG_REL_JOIN_TUPLE_REQU_D19B8A2D,REL_JOIN_TUPLE_REQUIRES_EXPRESSION_TEXT,RelJoinTupleRequiresExpressionText,en-US,GLOBAL,ERROR,ERROR,REL JOIN,active,,,TUPLE requires an expression,implemented,core,COMMAND:REL JOIN,compiled_registry_v1,src/help/helpdata_messages.cpp,true,true,true,,,"owner_scope=COMMAND:REL JOIN ; facility_derived=REL JOIN ; default_text_shape=singleline ; source=all_messages() ; enrichment_pending=HELP_TOPIC,CMDHELPCHK"
MSG_REL_ENUM_USAGE_TEXT_AAD8EF34,REL_ENUM_USAGE_TEXT,RelEnumUsageText,en-US,GLOBAL,USAGE,INFO,REL ENUM,active,,,REL ENUM syntax / REL ENUM [DISTINCT|ALL] [LIMIT <n>] [<child1> <child2> ...] TUPLE <fields> / Flags / DISTINCT de-duplicate tuples (field lists only) / ALL allow duplicates (defau,implemented,core,COMMAND:REL ENUM,compiled_registry_v1,src/help/helpdata_messages.cpp,true,true,true,,,"owner_scope=COMMAND:REL ENUM ; facility_derived=REL ENUM ; default_text_shape=multiline ; source=all_messages() ; enrichment_pending=HELP_TOPIC,CMDHELPCHK"
MSG_REL_ENUM_LIMIT_REQU_62459255,REL_ENUM_LIMIT_REQUIRES_NUMBER_TEXT,RelEnumLimitRequiresNumberText,en-US,GLOBAL,ERROR,ERROR,REL ENUM,active,,,LIMIT requires a number,implemented,core,COMMAND:REL ENUM,compiled_registry_v1,src/help/helpdata_messages.cpp,true,true,true,,,"owner_scope=COMMAND:REL ENUM ; facility_derived=REL ENUM ; default_text_shape=singleline ; source=all_messages() ; enrichment_pending=HELP_TOPIC,CMDHELPCHK"
MSG_REL_ENUM_MISSING_TU_A2D0C9F5,REL_ENUM_MISSING_TUPLE_TEXT,RelEnumMissingTupleText,en-US,GLOBAL,ERROR,ERROR,REL ENUM,active,,,missing TUPLE,implemented,core,COMMAND:REL ENUM,compiled_registry_v1,src/help/helpdata_messages.cpp,true,true,true,,,"owner_scope=COMMAND:REL ENUM ; facility_derived=REL ENUM ; default_text_shape=singleline ; source=all_messages() ; enrichment_pending=HELP_TOPIC,CMDHELPCHK"
MSG_REL_ENUM_TUPLE_REQU_FC4F8198,REL_ENUM_TUPLE_REQUIRES_EXPRESSION_TEXT,RelEnumTupleRequiresExpressionText,en-US,GLOBAL,ERROR,ERROR,REL ENUM,active,,,TUPLE requires an expression,implemented,core,COMMAND:REL ENUM,compiled_registry_v1,src/help/helpdata_messages.cpp,true,true,true,,,"owner_scope=COMMAND:REL ENUM ; facility_derived=REL ENUM ; default_text_shape=singleline ; source=all_messages() ; enrichment_pending=HELP_TOPIC,CMDHELPCHK"
MSG_ERSATZ_USAGE_TEXT_76244702,ERSATZ_USAGE_TEXT,ErsatzUsageText,en-US,GLOBAL,USAGE,INFO,ERSATZ,active,,,Usage: / ERSATZ / ERSATZ USAGE / ERSATZ SAMPLE / ERSATZ SHOW / ERSATZ REFRESH / ERSATZ TREE / ERSATZ GRID / ERSATZ STATUS / ERSATZ ORDER / ERSATZ TOP / ERSATZ BOTTOM / ERSATZ NEXT ,implemented,core,COMMAND:ERSATZ,compiled_registry_v1,src/help/helpdata_messages.cpp,true,true,true,,,"owner_scope=COMMAND:ERSATZ ; facility_derived=ERSATZ ; default_text_shape=multiline ; source=all_messages() ; enrichment_pending=HELP_TOPIC,CMDHELPCHK"
MSG_ERSATZ_STATUS_HEADE_FBAA3199,ERSATZ_STATUS_HEADER_TEXT,ErsatzStatusHeaderText,en-US,GLOBAL,INFO,INFO,ERSATZ,active,,,ERSATZ STATUS,implemented,core,COMMAND:ERSATZ,compiled_registry_v1,src/help/helpdata_messages.cpp,true,true,true,,,"owner_scope=COMMAND:ERSATZ ; facility_derived=ERSATZ ; default_text_shape=singleline ; source=all_messages() ; enrichment_pending=HELP_TOPIC,CMDHELPCHK"
MSG_ERSATZ_SESSION_RESE_6336F2ED,ERSATZ_SESSION_RESET_TEXT,ErsatzSessionResetText,en-US,GLOBAL,INFO,INFO,ERSATZ,active,,,session reset.,implemented,core,COMMAND:ERSATZ,compiled_registry_v1,src/help/helpdata_messages.cpp,true,true,true,,,"owner_scope=COMMAND:ERSATZ ; facility_derived=ERSATZ ; default_text_shape=singleline ; source=all_messages() ; enrichment_pending=HELP_TOPIC,CMDHELPCHK"
MSG_ERSATZ_ORDER_LINE_F868F1EC,ERSATZ_ORDER_LINE,ErsatzOrderLine,en-US,GLOBAL,INFO,INFO,ERSATZ,active,,,ERSATZ ORDER: {value},implemented,core,COMMAND:ERSATZ,compiled_registry_v1,src/help/helpdata_messages.cpp,true,true,true,,,"owner_scope=COMMAND:ERSATZ ; facility_derived=ERSATZ ; default_text_shape=singleline ; source=all_messages() ; enrichment_pending=HELP_TOPIC,CMDHELPCHK"
MSG_ERSATZ_RECNO_STATUS_C789776F,ERSATZ_RECNO_STATUS_TEXT,ErsatzRecnoStatusText,en-US,GLOBAL,INFO,INFO,ERSATZ,active,,,ERSATZ {verb}: recno {recno} ({order}),implemented,core,COMMAND:ERSATZ,compiled_registry_v1,src/help/helpdata_messages.cpp,true,true,true,,,"owner_scope=COMMAND:ERSATZ ; facility_derived=ERSATZ ; default_text_shape=singleline ; source=all_messages() ; enrichment_pending=HELP_TOPIC,CMDHELPCHK"
MSG_ERSATZ_ROOT_LINE_A96BF969,ERSATZ_ROOT_LINE,ErsatzRootLine,en-US,GLOBAL,INFO,INFO,ERSATZ,active,,,ERSATZ ROOT: {value},implemented,core,COMMAND:ERSATZ,compiled_registry_v1,src/help/helpdata_messages.cpp,true,true,true,,,"owner_scope=COMMAND:ERSATZ ; facility_derived=ERSATZ ; default_text_shape=singleline ; source=all_messages() ; enrichment_pending=HELP_TOPIC,CMDHELPCHK"
MSG_ERSATZ_ROOT_SET_TEX_9356E658,ERSATZ_ROOT_SET_TEXT,ErsatzRootSetText,en-US,GLOBAL,INFO,INFO,ERSATZ,active,,,ERSATZ ROOT set to {value}.,implemented,core,COMMAND:ERSATZ,compiled_registry_v1,src/help/helpdata_messages.cpp,true,true,true,,,"owner_scope=COMMAND:ERSATZ ; facility_derived=ERSATZ ; default_text_shape=singleline ; source=all_messages() ; enrichment_pending=HELP_TOPIC,CMDHELPCHK"
MSG_ERSATZ_LIMIT_REQUIR_AB438AFC,ERSATZ_LIMIT_REQUIRES_NUMBER_TEXT,ErsatzLimitRequiresNumberText,en-US,GLOBAL,ERROR,ERROR,ERSATZ,active,,,LIMIT requires a number.,implemented,core,COMMAND:ERSATZ,compiled_registry_v1,src/help/helpdata_messages.cpp,true,true,true,,,"owner_scope=COMMAND:ERSATZ ; facility_derived=ERSATZ ; default_text_shape=singleline ; source=all_messages() ; enrichment_pending=HELP_TOPIC,CMDHELPCHK"
MSG_ERSATZ_LIMIT_SET_TE_3F959118,ERSATZ_LIMIT_SET_TEXT,ErsatzLimitSetText,en-US,GLOBAL,INFO,INFO,ERSATZ,active,,,ERSATZ LIMIT set to {value}.,implemented,core,COMMAND:ERSATZ,compiled_registry_v1,src/help/helpdata_messages.cpp,true,true,true,,,"owner_scope=COMMAND:ERSATZ ; facility_derived=ERSATZ ; default_text_shape=singleline ; source=all_messages() ; enrichment_pending=HELP_TOPIC,CMDHELPCHK"
MSG_ERSATZ_PATH_LINE_69E94DBC,ERSATZ_PATH_LINE,ErsatzPathLine,en-US,GLOBAL,INFO,INFO,ERSATZ,active,,,ERSATZ PATH: {value},implemented,core,COMMAND:ERSATZ,compiled_registry_v1,src/help/helpdata_messages.cpp,true,true,true,,,"owner_scope=COMMAND:ERSATZ ; facility_derived=ERSATZ ; default_text_shape=singleline ; source=all_messages() ; enrichment_pending=HELP_TOPIC,CMDHELPCHK"
MSG_ERSATZ_PATH_CLEARED_204FD686,ERSATZ_PATH_CLEARED_TEXT,ErsatzPathClearedText,en-US,GLOBAL,INFO,INFO,ERSATZ,active,,,path cleared.,implemented,core,COMMAND:ERSATZ,compiled_registry_v1,src/help/helpdata_messages.cpp,true,true,true,,,"owner_scope=COMMAND:ERSATZ ; facility_derived=ERSATZ ; default_text_shape=singleline ; source=all_messages() ; enrichment_pending=HELP_TOPIC,CMDHELPCHK"
MSG_ERSATZ_PATH_ALREADY_BC026632,ERSATZ_PATH_ALREADY_EMPTY_TEXT,ErsatzPathAlreadyEmptyText,en-US,GLOBAL,INFO,INFO,ERSATZ,active,,,path already empty.,implemented,core,COMMAND:ERSATZ,compiled_registry_v1,src/help/helpdata_messages.cpp,true,true,true,,,"owner_scope=COMMAND:ERSATZ ; facility_derived=ERSATZ ; default_text_shape=singleline ; source=all_messages() ; enrichment_pending=HELP_TOPIC,CMDHELPCHK"
MSG_ERSATZ_OPEN_REQUIRE_916915B7,ERSATZ_OPEN_REQUIRES_ALIAS_TEXT,ErsatzOpenRequiresAliasText,en-US,GLOBAL,ERROR,ERROR,ERSATZ,active,,,OPEN requires a child alias.,implemented,core,COMMAND:ERSATZ,compiled_registry_v1,src/help/helpdata_messages.cpp,true,true,true,,,"owner_scope=COMMAND:ERSATZ ; facility_derived=ERSATZ ; default_text_shape=singleline ; source=all_messages() ; enrichment_pending=HELP_TOPIC,CMDHELPCHK"
MSG_ERSATZ_INVALID_NEXT_00E2A195,ERSATZ_INVALID_NEXT_CHILD_TEXT,ErsatzInvalidNextChildText,en-US,GLOBAL,ERROR,ERROR,ERSATZ,active,,,alias '{alias}' is not a valid next child for the current path.,implemented,core,COMMAND:ERSATZ,compiled_registry_v1,src/help/helpdata_messages.cpp,true,true,true,,,"owner_scope=COMMAND:ERSATZ ; facility_derived=ERSATZ ; default_text_shape=singleline ; source=all_messages() ; enrichment_pending=HELP_TOPIC,CMDHELPCHK"
MSG_ERSATZ_LOAD_FAILED__1E3FA2DA,ERSATZ_LOAD_FAILED_TEXT,ErsatzLoadFailedText,en-US,GLOBAL,ERROR,ERROR,ERSATZ,active,,,LOAD failed ({detail}),implemented,core,COMMAND:ERSATZ,compiled_registry_v1,src/help/helpdata_messages.cpp,true,true,true,,,"owner_scope=COMMAND:ERSATZ ; facility_derived=ERSATZ ; default_text_shape=singleline ; source=all_messages() ; enrichment_pending=HELP_TOPIC,CMDHELPCHK"
MSG_ERSATZ_SAVE_FAILED__54DBAC77,ERSATZ_SAVE_FAILED_TEXT,ErsatzSaveFailedText,en-US,GLOBAL,ERROR,ERROR,ERSATZ,active,,,SAVE failed ({detail}),implemented,core,COMMAND:ERSATZ,compiled_registry_v1,src/help/helpdata_messages.cpp,true,true,true,,,"owner_scope=COMMAND:ERSATZ ; facility_derived=ERSATZ ; default_text_shape=singleline ; source=all_messages() ; enrichment_pending=HELP_TOPIC,CMDHELPCHK"
MSG_ERSATZ_POSITIVE_COU_7BFE0948,ERSATZ_POSITIVE_COUNT_REQUIRED_TEXT,ErsatzPositiveCountRequiredText,en-US,GLOBAL,ERROR,ERROR,ERSATZ,active,,,{verb} requires a positive count.,implemented,core,COMMAND:ERSATZ,compiled_registry_v1,src/help/helpdata_messages.cpp,true,true,true,,,"owner_scope=COMMAND:ERSATZ ; facility_derived=ERSATZ ; default_text_shape=singleline ; source=all_messages() ; enrichment_pending=HELP_TOPIC,CMDHELPCHK"
MSG_ERSATZ_SIGNED_COUNT_3B53A790,ERSATZ_SIGNED_COUNT_REQUIRED_TEXT,ErsatzSignedCountRequiredText,en-US,GLOBAL,ERROR,ERROR,ERSATZ,active,,,{verb} requires a signed count.,implemented,core,COMMAND:ERSATZ,compiled_registry_v1,src/help/helpdata_messages.cpp,true,true,true,,,"owner_scope=COMMAND:ERSATZ ; facility_derived=ERSATZ ; default_text_shape=singleline ; source=all_messages() ; enrichment_pending=HELP_TOPIC,CMDHELPCHK"
MSG_ERSATZ_UNKNOWN_SUBC_1318834A,ERSATZ_UNKNOWN_SUBCOMMAND_TEXT,ErsatzUnknownSubcommandText,en-US,GLOBAL,ERROR,ERROR,ERSATZ,active,,,unknown subcommand: {subcommand},implemented,core,COMMAND:ERSATZ,compiled_registry_v1,src/help/helpdata_messages.cpp,true,true,true,,,"owner_scope=COMMAND:ERSATZ ; facility_derived=ERSATZ ; default_text_shape=singleline ; source=all_messages() ; enrichment_pending=HELP_TOPIC,CMDHELPCHK"
MSG_ERSATZ_AUTO_LOADED__6E85CFB2,ERSATZ_AUTO_LOADED_PROFILE_TEXT,ErsatzAutoLoadedProfileText,en-US,GLOBAL,INFO,INFO,ERSATZ,active,,,auto-loaded browser profile for active workspace ({status}).,implemented,core,COMMAND:ERSATZ,compiled_registry_v1,src/help/helpdata_messages.cpp,true,true,true,,,"owner_scope=COMMAND:ERSATZ ; facility_derived=ERSATZ ; default_text_shape=singleline ; source=all_messages() ; enrichment_pending=HELP_TOPIC,CMDHELPCHK"
MSG_ERSATZ_ROOT_SELECTE_5813886F,ERSATZ_ROOT_SELECTED_FALLBACK_TEXT,ErsatzRootSelectedFallbackText,en-US,GLOBAL,INFO,INFO,ERSATZ,active,,,root {existing} has no child relations; using selected alias {selected}.,implemented,core,COMMAND:ERSATZ,compiled_registry_v1,src/help/helpdata_messages.cpp,true,true,true,,,"owner_scope=COMMAND:ERSATZ ; facility_derived=ERSATZ ; default_text_shape=singleline ; source=all_messages() ; enrichment_pending=HELP_TOPIC,CMDHELPCHK"
MSG_ERSATZ_SELECTED_ALI_4A049121,ERSATZ_SELECTED_ALIAS_ROOT_TEXT,ErsatzSelectedAliasRootText,en-US,GLOBAL,INFO,INFO,ERSATZ,active,,,using selected alias {selected} as relational browser root.,implemented,core,COMMAND:ERSATZ,compiled_registry_v1,src/help/helpdata_messages.cpp,true,true,true,,,"owner_scope=COMMAND:ERSATZ ; facility_derived=ERSATZ ; default_text_shape=singleline ; source=all_messages() ; enrichment_pending=HELP_TOPIC,CMDHELPCHK"
MSG_ERSATZ_ROOT_INFERRE_9D75DAB8,ERSATZ_ROOT_INFERRED_FALLBACK_TEXT,ErsatzRootInferredFallbackText,en-US,GLOBAL,INFO,INFO,ERSATZ,active,,,root {existing} has no child relations; inferred root {inferred} from active relation graph.,implemented,core,COMMAND:ERSATZ,compiled_registry_v1,src/help/helpdata_messages.cpp,true,true,true,,,"owner_scope=COMMAND:ERSATZ ; facility_derived=ERSATZ ; default_text_shape=singleline ; source=all_messages() ; enrichment_pending=HELP_TOPIC,CMDHELPCHK"
MSG_ERSATZ_INFERRED_ROO_792C18FC,ERSATZ_INFERRED_ROOT_TEXT,ErsatzInferredRootText,en-US,GLOBAL,INFO,INFO,ERSATZ,active,,,inferred root {inferred} from active relation graph.,implemented,core,COMMAND:ERSATZ,compiled_registry_v1,src/help/helpdata_messages.cpp,true,true,true,,,"owner_scope=COMMAND:ERSATZ ; facility_derived=ERSATZ ; default_text_shape=singleline ; source=all_messages() ; enrichment_pending=HELP_TOPIC,CMDHELPCHK"
MSG_ERSATZ_DELTA_LIMIT__D20F0165,ERSATZ_DELTA_LIMIT_REQUIRES_NUMBER_TEXT,ErsatzDeltaLimitRequiresNumberText,en-US,GLOBAL,ERROR,ERROR,ERSATZ DELTA,active,,,LIMIT requires a number.,implemented,core,COMMAND:ERSATZ DELTA,compiled_registry_v1,src/help/helpdata_messages.cpp,true,true,true,,,"owner_scope=COMMAND:ERSATZ DELTA ; facility_derived=ERSATZ DELTA ; default_text_shape=singleline ; source=all_messages() ; enrichment_pending=HELP_TOPIC,CMDHELPCHK"
MSG_ERSATZ_DELTA_USAGE__ECEDA813,ERSATZ_DELTA_USAGE_TEXT,ErsatzDeltaUsageText,en-US,GLOBAL,USAGE,INFO,ERSATZ DELTA,active,,,ERSATZ DELTA syntax / ERSATZ DELTA MARK [name] [LIMIT n] capture current tuple stream baseline / ERSATZ DELTA SHOW [name] [LIMIT n] compare current tuple stream to baseline / ERSAT,implemented,core,COMMAND:ERSATZ DELTA,compiled_registry_v1,src/help/helpdata_messages.cpp,true,true,true,,,"owner_scope=COMMAND:ERSATZ DELTA ; facility_derived=ERSATZ DELTA ; default_text_shape=multiline ; source=all_messages() ; enrichment_pending=HELP_TOPIC,CMDHELPCHK"
MSG_ERSATZ_DELTA_STATUS_6A4025BC,ERSATZ_DELTA_STATUS_HEADER_TEXT,ErsatzDeltaStatusHeaderText,en-US,GLOBAL,INFO,INFO,ERSATZ DELTA,active,,,ERSATZ DELTA STATUS,implemented,core,COMMAND:ERSATZ DELTA,compiled_registry_v1,src/help/helpdata_messages.cpp,true,true,true,,,"owner_scope=COMMAND:ERSATZ DELTA ; facility_derived=ERSATZ DELTA ; default_text_shape=singleline ; source=all_messages() ; enrichment_pending=HELP_TOPIC,CMDHELPCHK"
MSG_ERSATZ_DELTA_NO_BAS_65D16673,ERSATZ_DELTA_NO_BASELINES_TEXT,ErsatzDeltaNoBaselinesText,en-US,GLOBAL,INFO,INFO,ERSATZ DELTA,active,,,(no baselines),implemented,core,COMMAND:ERSATZ DELTA,compiled_registry_v1,src/help/helpdata_messages.cpp,true,true,true,,,"owner_scope=COMMAND:ERSATZ DELTA ; facility_derived=ERSATZ DELTA ; default_text_shape=singleline ; source=all_messages() ; enrichment_pending=HELP_TOPIC,CMDHELPCHK"
MSG_ERSATZ_DELTA_ALL_BA_52EDCF45,ERSATZ_DELTA_ALL_BASELINES_CLEARED_TEXT,ErsatzDeltaAllBaselinesClearedText,en-US,GLOBAL,INFO,INFO,ERSATZ DELTA,active,,,all baselines cleared.,implemented,core,COMMAND:ERSATZ DELTA,compiled_registry_v1,src/help/helpdata_messages.cpp,true,true,true,,,"owner_scope=COMMAND:ERSATZ DELTA ; facility_derived=ERSATZ DELTA ; default_text_shape=singleline ; source=all_messages() ; enrichment_pending=HELP_TOPIC,CMDHELPCHK"
MSG_ERSATZ_DELTA_CLEAR__0CB08F7D,ERSATZ_DELTA_CLEAR_RESULT_TEXT,ErsatzDeltaClearResultText,en-US,GLOBAL,INFO,INFO,ERSATZ DELTA,active,,,{result} {name}.,implemented,core,COMMAND:ERSATZ DELTA,compiled_registry_v1,src/help/helpdata_messages.cpp,true,true,true,,,"owner_scope=COMMAND:ERSATZ DELTA ; facility_derived=ERSATZ DELTA ; default_text_shape=singleline ; source=all_messages() ; enrichment_pending=HELP_TOPIC,CMDHELPCHK"
MSG_ERSATZ_DELTA_CAPTUR_207817C5,ERSATZ_DELTA_CAPTURED_TEXT,ErsatzDeltaCapturedText,en-US,GLOBAL,INFO,INFO,ERSATZ DELTA,active,,,baseline {name} captured rows={rows} table={table}{limit_suffix}.,implemented,core,COMMAND:ERSATZ DELTA,compiled_registry_v1,src/help/helpdata_messages.cpp,true,true,true,,,"owner_scope=COMMAND:ERSATZ DELTA ; facility_derived=ERSATZ DELTA ; default_text_shape=singleline ; source=all_messages() ; enrichment_pending=HELP_TOPIC,CMDHELPCHK"
MSG_ERSATZ_DELTA_NO_BAS_EDAD8075,ERSATZ_DELTA_NO_BASELINE_NAMED_TEXT,ErsatzDeltaNoBaselineNamedText,en-US,GLOBAL,ERROR,ERROR,ERSATZ DELTA,active,,,no baseline named {name}. Use ERSATZ DELTA MARK {name} first.,implemented,core,COMMAND:ERSATZ DELTA,compiled_registry_v1,src/help/helpdata_messages.cpp,true,true,true,,,"owner_scope=COMMAND:ERSATZ DELTA ; facility_derived=ERSATZ DELTA ; default_text_shape=singleline ; source=all_messages() ; enrichment_pending=HELP_TOPIC,CMDHELPCHK"
MSG_ERSATZ_DELTA_SUMMAR_940FC2E5,ERSATZ_DELTA_SUMMARY_TEXT,ErsatzDeltaSummaryText,en-US,GLOBAL,INFO,INFO,ERSATZ DELTA,active,,,{name} table={table} baseline_rows={baseline_rows} current_rows={current_rows} changes={changes},implemented,core,COMMAND:ERSATZ DELTA,compiled_registry_v1,src/help/helpdata_messages.cpp,true,true,true,,,"owner_scope=COMMAND:ERSATZ DELTA ; facility_derived=ERSATZ DELTA ; default_text_shape=singleline ; source=all_messages() ; enrichment_pending=HELP_TOPIC,CMDHELPCHK"
MSG_ERSATZ_DELTA_NO_TUP_F8AA8641,ERSATZ_DELTA_NO_TUPLE_CHANGES_TEXT,ErsatzDeltaNoTupleChangesText,en-US,GLOBAL,INFO,INFO,ERSATZ DELTA,active,,,No tuple changes.,implemented,core,COMMAND:ERSATZ DELTA,compiled_registry_v1,src/help/helpdata_messages.cpp,true,true,true,,,"owner_scope=COMMAND:ERSATZ DELTA ; facility_derived=ERSATZ DELTA ; default_text_shape=singleline ; source=all_messages() ; enrichment_pending=HELP_TOPIC,CMDHELPCHK"
MSG_USE_USAGE_TEXT_146B688A,USE_USAGE_TEXT,UseUsageText,en-US,GLOBAL,USAGE,INFO,USE,active,,,Usage: / USE USAGE (Show this usage) / USE <table> (Open <DBF slot>/<table>.dbf in current area) / USE <table.dbf> (Open named DBF; logical names resolve through DBF slot) / USE <p,implemented,core,COMMAND:USE,compiled_registry_v1,src/help/helpdata_messages.cpp,true,true,true,,,"owner_scope=COMMAND:USE ; facility_derived=USE ; default_text_shape=multiline ; source=all_messages() ; enrichment_pending=HELP_TOPIC,CMDHELPCHK"
MSG_LOCATE_USAGE_TEXT_63059BFC,LOCATE_USAGE_TEXT,LocateUsageText,en-US,GLOBAL,USAGE,INFO,LOCATE,active,,,Usage: / LOCATE USAGE / LOCATE FOR <expr> / LOCATE <field> <op> <value> / Examples: / LOCATE FOR LNAME = Smith / LOCATE LNAME = Smith / LOCATE FOR BALANCE > 100 / Notes: / - LOCATE,implemented,core,COMMAND:LOCATE,compiled_registry_v1,src/help/helpdata_messages.cpp,true,true,true,,,"owner_scope=COMMAND:LOCATE ; facility_derived=LOCATE ; default_text_shape=multiline ; source=all_messages() ; enrichment_pending=HELP_TOPIC,CMDHELPCHK"
MSG_LOCATE_FOUND_TEXT_94821CF4,LOCATE_FOUND_TEXT,LocateFoundText,en-US,GLOBAL,STATUS,INFO,LOCATE,active,,,Located.,implemented,core,COMMAND:LOCATE,compiled_registry_v1,src/help/helpdata_messages.cpp,true,true,true,,,"owner_scope=COMMAND:LOCATE ; facility_derived=LOCATE ; default_text_shape=singleline ; source=all_messages() ; enrichment_pending=HELP_TOPIC,CMDHELPCHK"
MSG_LOCATE_NOT_FOUND_TE_4F8B6DBE,LOCATE_NOT_FOUND_TEXT,LocateNotFoundText,en-US,GLOBAL,STATUS,INFO,LOCATE,active,,,Not Located.,implemented,core,COMMAND:LOCATE,compiled_registry_v1,src/help/helpdata_messages.cpp,true,true,true,,,"owner_scope=COMMAND:LOCATE ; facility_derived=LOCATE ; default_text_shape=singleline ; source=all_messages() ; enrichment_pending=HELP_TOPIC,CMDHELPCHK"
MSG_APPEND_USAGE_TEXT_3EAC9B03,APPEND_USAGE_TEXT,AppendUsageText,en-US,GLOBAL,USAGE,INFO,APPEND,active,,,Usage: / APPEND USAGE / APPEND / APPEND <count> / APPEND MANY <count> / APPEND RAW / APPEND RAW MANY <count> / Notes: / - APPEND with no arguments appends one blank record through ,implemented,core,COMMAND:APPEND,compiled_registry_v1,src/help/helpdata_messages.cpp,true,true,true,,,"owner_scope=COMMAND:APPEND ; facility_derived=APPEND ; default_text_shape=multiline ; source=all_messages() ; enrichment_pending=HELP_TOPIC,CMDHELPCHK"
MSG_APPEND_BLANK_USAGE__CF37B82C,APPEND_BLANK_USAGE_TEXT,AppendBlankUsageText,en-US,GLOBAL,USAGE,INFO,APPEND_BLANK,active,,,Usage: / APPEND_BLANK USAGE / APPEND_BLANK / APPEND BLANK / Notes: / - Appends one blank record through shared append support.,implemented,core,COMMAND:APPEND_BLANK,compiled_registry_v1,src/help/helpdata_messages.cpp,true,true,true,,,"owner_scope=COMMAND:APPEND_BLANK ; facility_derived=APPEND_BLANK ; default_text_shape=multiline ; source=all_messages() ; enrichment_pending=HELP_TOPIC,CMDHELPCHK"
MSG_GO_USAGE_TEXT_2DC8C5B5,GO_USAGE_TEXT,GoUsageText,en-US,GLOBAL,USAGE,INFO,GO,active,,,Usage: / GO / GO USAGE / GO TOP / GO BOTTOM / GO FIRST / GO LAST / GO TO <recno> / GO RECORD <recno> / GO <recno> / GO +<n> / GO -<n>,implemented,core,COMMAND:GO,compiled_registry_v1,src/help/helpdata_messages.cpp,true,true,true,,,"owner_scope=COMMAND:GO ; facility_derived=GO ; default_text_shape=multiline ; source=all_messages() ; enrichment_pending=HELP_TOPIC,CMDHELPCHK"
MSG_GOTO_USAGE_TEXT_3BDBD610,GOTO_USAGE_TEXT,GotoUsageText,en-US,GLOBAL,USAGE,INFO,GOTO,active,,,Usage: / GOTO USAGE / GOTO <recno> / GOTO FIRST / GOTO LAST,implemented,core,COMMAND:GOTO,compiled_registry_v1,src/help/helpdata_messages.cpp,true,true,true,,,"owner_scope=COMMAND:GOTO ; facility_derived=GOTO ; default_text_shape=multiline ; source=all_messages() ; enrichment_pending=HELP_TOPIC,CMDHELPCHK"
MSG_CONTINUE_USAGE_TEXT_A17A407C,CONTINUE_USAGE_TEXT,ContinueUsageText,en-US,GLOBAL,USAGE,INFO,CONTINUE,active,,,Usage: / CONTINUE / CONTINUE USAGE / CONTINUE FOR <expr>,implemented,core,COMMAND:CONTINUE,compiled_registry_v1,src/help/helpdata_messages.cpp,true,true,true,,,"owner_scope=COMMAND:CONTINUE ; facility_derived=CONTINUE ; default_text_shape=multiline ; source=all_messages() ; enrichment_pending=HELP_TOPIC,CMDHELPCHK"
MSG_FIND_USAGE_TEXT_9BC33D2A,FIND_USAGE_TEXT,FindUsageText,en-US,GLOBAL,USAGE,INFO,FIND,active,,,Usage: / FIND USAGE / FIND <text> / FIND <field> <text> / FIND <text> IN <field> / Notes: / - FIND requires an open table except for FIND USAGE. / - FIND delegates to SEEK when the,implemented,core,COMMAND:FIND,compiled_registry_v1,src/help/helpdata_messages.cpp,true,true,true,,,"owner_scope=COMMAND:FIND ; facility_derived=FIND ; default_text_shape=multiline ; source=all_messages() ; enrichment_pending=HELP_TOPIC,CMDHELPCHK"
MSG_SEEK_USAGE_TEXT_BD1B3B8C,SEEK_USAGE_TEXT,SeekUsageText,en-US,GLOBAL,USAGE,INFO,SEEK,active,,,Usage: / SEEK USAGE / SEEK <value> IN <field> [TRACE ON|OFF] / SEEK <field> = <value> [TRACE ON|OFF] / SEEK <field> <value> [TRACE ON|OFF] / SEEK <value> (uses active order/tag whe,implemented,core,COMMAND:SEEK,compiled_registry_v1,src/help/helpdata_messages.cpp,true,true,true,,,"owner_scope=COMMAND:SEEK ; facility_derived=SEEK ; default_text_shape=multiline ; source=all_messages() ; enrichment_pending=HELP_TOPIC,CMDHELPCHK"
MSG_INDEX_USAGE_TEXT_BC6FEAB1,INDEX_USAGE_TEXT,IndexUsageText,en-US,GLOBAL,USAGE,INFO,INDEX,active,,,"Usage: INDEX ON <field> TAG <name> [ASC|DESC] [1INX|2INX] / Field-number tokens are also accepted by the parser. / Defaults: ASC, 2INX / Examples: / INDEX ON LNAME TAG students / I",implemented,core,COMMAND:INDEX,compiled_registry_v1,src/help/helpdata_messages.cpp,true,true,true,,,"owner_scope=COMMAND:INDEX ; facility_derived=INDEX ; default_text_shape=multiline ; source=all_messages() ; enrichment_pending=HELP_TOPIC,CMDHELPCHK"
MSG_INDEX_INVALID_TAG_P_206B14C5,INDEX_INVALID_TAG_PATH_TEXT,IndexInvalidTagPathText,en-US,GLOBAL,ERROR,ERROR,INDEX,active,,,invalid TAG path '{tag}'.,implemented,core,COMMAND:INDEX,compiled_registry_v1,src/help/helpdata_messages.cpp,true,true,true,,,"owner_scope=COMMAND:INDEX ; facility_derived=INDEX ; default_text_shape=singleline ; source=all_messages() ; enrichment_pending=HELP_TOPIC,CMDHELPCHK"
MSG_INDEX_USE_BARE_NAME_BD883DA5,INDEX_USE_BARE_NAME_HINT_TEXT,IndexUseBareNameHintText,en-US,GLOBAL,HINT,INFO,INDEX,active,,,"Use a bare name (TAG students), an absolute path, or a slot path:",implemented,core,COMMAND:INDEX,compiled_registry_v1,src/help/helpdata_messages.cpp,true,true,true,,,"owner_scope=COMMAND:INDEX ; facility_derived=INDEX ; default_text_shape=singleline ; source=all_messages() ; enrichment_pending=HELP_TOPIC,CMDHELPCHK"
MSG_INDEX_UNKNOWN_FIELD_4AD42AEC,INDEX_UNKNOWN_FIELD_TEXT,IndexUnknownFieldText,en-US,GLOBAL,ERROR,ERROR,INDEX,active,,,unknown field '{field}'.,implemented,core,COMMAND:INDEX,compiled_registry_v1,src/help/helpdata_messages.cpp,true,true,true,,,"owner_scope=COMMAND:INDEX ; facility_derived=INDEX ; default_text_shape=singleline ; source=all_messages() ; enrichment_pending=HELP_TOPIC,CMDHELPCHK"
MSG_INDEX_AVAILABLE_FIE_75F29172,INDEX_AVAILABLE_FIELDS_TITLE,IndexAvailableFieldsTitle,en-US,GLOBAL,STATUS,INFO,INDEX,active,,,Available:,implemented,core,COMMAND:INDEX,compiled_registry_v1,src/help/helpdata_messages.cpp,true,true,true,,,"owner_scope=COMMAND:INDEX ; facility_derived=INDEX ; default_text_shape=singleline ; source=all_messages() ; enrichment_pending=HELP_TOPIC,CMDHELPCHK"
MSG_INDEX_TIP_FIELD_NUM_8F2C04EC,INDEX_TIP_FIELD_NUMBER_TEXT,IndexTipFieldNumberText,en-US,GLOBAL,HINT,INFO,INDEX,active,,,Tip: INDEX ON #3 TAG students,implemented,core,COMMAND:INDEX,compiled_registry_v1,src/help/helpdata_messages.cpp,true,true,true,,,"owner_scope=COMMAND:INDEX ; facility_derived=INDEX ; default_text_shape=singleline ; source=all_messages() ; enrichment_pending=HELP_TOPIC,CMDHELPCHK"
MSG_INDEX_TAG_MUST_NAME_91F1B962,INDEX_TAG_MUST_NAME_INX_TEXT,IndexTagMustNameInxText,en-US,GLOBAL,ERROR,ERROR,INDEX,active,,,TAG must name an .inx file.,implemented,core,COMMAND:INDEX,compiled_registry_v1,src/help/helpdata_messages.cpp,true,true,true,,,"owner_scope=COMMAND:INDEX ; facility_derived=INDEX ; default_text_shape=singleline ; source=all_messages() ; enrichment_pending=HELP_TOPIC,CMDHELPCHK"
MSG_INDEX_GOT_PATH_TEXT_433406BE,INDEX_GOT_PATH_TEXT,IndexGotPathText,en-US,GLOBAL,STATUS,INFO,INDEX,active,,,Got: {path},implemented,core,COMMAND:INDEX,compiled_registry_v1,src/help/helpdata_messages.cpp,true,true,true,,,"owner_scope=COMMAND:INDEX ; facility_derived=INDEX ; default_text_shape=singleline ; source=all_messages() ; enrichment_pending=HELP_TOPIC,CMDHELPCHK"
MSG_INDEX_CANNOT_WRITE__BFA0A6A9,INDEX_CANNOT_WRITE_FILE_TEXT,IndexCannotWriteFileText,en-US,GLOBAL,ERROR,ERROR,INDEX,active,,,cannot write file: {path},implemented,core,COMMAND:INDEX,compiled_registry_v1,src/help/helpdata_messages.cpp,true,true,true,,,"owner_scope=COMMAND:INDEX ; facility_derived=INDEX ; default_text_shape=singleline ; source=all_messages() ; enrichment_pending=HELP_TOPIC,CMDHELPCHK"
MSG_INDEX_WRITTEN_TEXT_572F4BE4,INDEX_WRITTEN_TEXT,IndexWrittenText,en-US,GLOBAL,STATUS,INFO,INDEX,active,,,"written: {file} ({format}, expr: {expr}, {direction})",implemented,core,COMMAND:INDEX,compiled_registry_v1,src/help/helpdata_messages.cpp,true,true,true,,,"owner_scope=COMMAND:INDEX ; facility_derived=INDEX ; default_text_shape=singleline ; source=all_messages() ; enrichment_pending=HELP_TOPIC,CMDHELPCHK"
MSG_IDX_USAGE_TEXT_7C2BE28B,IDX_USAGE_TEXT,IdxUsageText,en-US,GLOBAL,USAGE,INFO,IDX,active,,,IDX is a memory-only educational index lab. / It teaches sorting and index concepts without writing .inx files. / Use INDEX for persistent INX files. / / Usage: / IDX / IDX USAGE /,implemented,core,COMMAND:IDX,compiled_registry_v1,src/help/helpdata_messages.cpp,true,true,true,,,"owner_scope=COMMAND:IDX ; facility_derived=IDX ; default_text_shape=multiline ; source=all_messages() ; enrichment_pending=HELP_TOPIC,CMDHELPCHK"
MSG_IDX_EXPECTED_ON_TEX_1ED9F663,IDX_EXPECTED_ON_TEXT,IdxExpectedOnText,en-US,GLOBAL,ERROR,ERROR,IDX,active,,,expected ON.,implemented,core,COMMAND:IDX,compiled_registry_v1,src/help/helpdata_messages.cpp,true,true,true,,,"owner_scope=COMMAND:IDX ; facility_derived=IDX ; default_text_shape=singleline ; source=all_messages() ; enrichment_pending=HELP_TOPIC,CMDHELPCHK"
MSG_IDX_MISSING_FIELD_T_2AAB0786,IDX_MISSING_FIELD_TOKEN_TEXT,IdxMissingFieldTokenText,en-US,GLOBAL,ERROR,ERROR,IDX,active,,,missing field token.,implemented,core,COMMAND:IDX,compiled_registry_v1,src/help/helpdata_messages.cpp,true,true,true,,,"owner_scope=COMMAND:IDX ; facility_derived=IDX ; default_text_shape=singleline ; source=all_messages() ; enrichment_pending=HELP_TOPIC,CMDHELPCHK"
MSG_IDX_EXPECTED_TAG_TE_8D111D01,IDX_EXPECTED_TAG_TEXT,IdxExpectedTagText,en-US,GLOBAL,ERROR,ERROR,IDX,active,,,expected TAG.,implemented,core,COMMAND:IDX,compiled_registry_v1,src/help/helpdata_messages.cpp,true,true,true,,,"owner_scope=COMMAND:IDX ; facility_derived=IDX ; default_text_shape=singleline ; source=all_messages() ; enrichment_pending=HELP_TOPIC,CMDHELPCHK"
MSG_IDX_MISSING_TAG_NAM_52F9FC6F,IDX_MISSING_TAG_NAME_TEXT,IdxMissingTagNameText,en-US,GLOBAL,ERROR,ERROR,IDX,active,,,missing TAG name.,implemented,core,COMMAND:IDX,compiled_registry_v1,src/help/helpdata_messages.cpp,true,true,true,,,"owner_scope=COMMAND:IDX ; facility_derived=IDX ; default_text_shape=singleline ; source=all_messages() ; enrichment_pending=HELP_TOPIC,CMDHELPCHK"
MSG_IDX_DUPLICATE_SORT__38176AF4,IDX_DUPLICATE_SORT_OPTION_TEXT,IdxDuplicateSortOptionText,en-US,GLOBAL,ERROR,ERROR,IDX,active,,,duplicate SORT option.,implemented,core,COMMAND:IDX,compiled_registry_v1,src/help/helpdata_messages.cpp,true,true,true,,,"owner_scope=COMMAND:IDX ; facility_derived=IDX ; default_text_shape=singleline ; source=all_messages() ; enrichment_pending=HELP_TOPIC,CMDHELPCHK"
MSG_IDX_SORT_REQUIRES_A_D7BBC187,IDX_SORT_REQUIRES_ALGORITHM_TEXT,IdxSortRequiresAlgorithmText,en-US,GLOBAL,ERROR,ERROR,IDX,active,,,SORT requires an algorithm name.,implemented,core,COMMAND:IDX,compiled_registry_v1,src/help/helpdata_messages.cpp,true,true,true,,,"owner_scope=COMMAND:IDX ; facility_derived=IDX ; default_text_shape=singleline ; source=all_messages() ; enrichment_pending=HELP_TOPIC,CMDHELPCHK"
MSG_IDX_UNKNOWN_SORT_AL_CCAA306B,IDX_UNKNOWN_SORT_ALGORITHM_TEXT,IdxUnknownSortAlgorithmText,en-US,GLOBAL,ERROR,ERROR,IDX,active,,,"unknown SORT algorithm '{algorithm}'. Supported: STD, BUBBLE.",implemented,core,COMMAND:IDX,compiled_registry_v1,src/help/helpdata_messages.cpp,true,true,true,,,"owner_scope=COMMAND:IDX ; facility_derived=IDX ; default_text_shape=singleline ; source=all_messages() ; enrichment_pending=HELP_TOPIC,CMDHELPCHK"
MSG_IDX_DUPLICATE_DIREC_96ABBA64,IDX_DUPLICATE_DIRECTION_OPTION_TEXT,IdxDuplicateDirectionOptionText,en-US,GLOBAL,ERROR,ERROR,IDX,active,,,duplicate direction option.,implemented,core,COMMAND:IDX,compiled_registry_v1,src/help/helpdata_messages.cpp,true,true,true,,,"owner_scope=COMMAND:IDX ; facility_derived=IDX ; default_text_shape=singleline ; source=all_messages() ; enrichment_pending=HELP_TOPIC,CMDHELPCHK"
MSG_IDX_UNEXPECTED_TOKE_5D9E5199,IDX_UNEXPECTED_TOKEN_TEXT,IdxUnexpectedTokenText,en-US,GLOBAL,ERROR,ERROR,IDX,active,,,unexpected token '{token}'.,implemented,core,COMMAND:IDX,compiled_registry_v1,src/help/helpdata_messages.cpp,true,true,true,,,"owner_scope=COMMAND:IDX ; facility_derived=IDX ; default_text_shape=singleline ; source=all_messages() ; enrichment_pending=HELP_TOPIC,CMDHELPCHK"
MSG_IDX_BUILD_CREATED_T_E60EDFA5,IDX_BUILD_CREATED_TEXT,IdxBuildCreatedText,en-US,GLOBAL,STATUS,INFO,IDX,active,,,Memory index {verb}: {tag},implemented,core,COMMAND:IDX,compiled_registry_v1,src/help/helpdata_messages.cpp,true,true,true,,,"owner_scope=COMMAND:IDX ; facility_derived=IDX ; default_text_shape=singleline ; source=all_messages() ; enrichment_pending=HELP_TOPIC,CMDHELPCHK"
MSG_IDX_EXPR_LINE_TEXT_987CCB65,IDX_EXPR_LINE_TEXT,IdxExprLineText,en-US,GLOBAL,STATUS,INFO,IDX,active,,,expr : {value},implemented,core,COMMAND:IDX,compiled_registry_v1,src/help/helpdata_messages.cpp,true,true,true,,,"owner_scope=COMMAND:IDX ; facility_derived=IDX ; default_text_shape=singleline ; source=all_messages() ; enrichment_pending=HELP_TOPIC,CMDHELPCHK"
MSG_IDX_SORT_LINE_TEXT_91035E29,IDX_SORT_LINE_TEXT,IdxSortLineText,en-US,GLOBAL,STATUS,INFO,IDX,active,,,sort : {value},implemented,core,COMMAND:IDX,compiled_registry_v1,src/help/helpdata_messages.cpp,true,true,true,,,"owner_scope=COMMAND:IDX ; facility_derived=IDX ; default_text_shape=singleline ; source=all_messages() ; enrichment_pending=HELP_TOPIC,CMDHELPCHK"
MSG_IDX_DIRECTION_LINE__769CD6AB,IDX_DIRECTION_LINE_TEXT,IdxDirectionLineText,en-US,GLOBAL,STATUS,INFO,IDX,active,,,direction : {value},implemented,core,COMMAND:IDX,compiled_registry_v1,src/help/helpdata_messages.cpp,true,true,true,,,"owner_scope=COMMAND:IDX ; facility_derived=IDX ; default_text_shape=singleline ; source=all_messages() ; enrichment_pending=HELP_TOPIC,CMDHELPCHK"
MSG_IDX_RECORDS_LINE_TE_E8ED562C,IDX_RECORDS_LINE_TEXT,IdxRecordsLineText,en-US,GLOBAL,STATUS,INFO,IDX,active,,,records : {indexed} indexed / {scanned} scanned,implemented,core,COMMAND:IDX,compiled_registry_v1,src/help/helpdata_messages.cpp,true,true,true,,,"owner_scope=COMMAND:IDX ; facility_derived=IDX ; default_text_shape=singleline ; source=all_messages() ; enrichment_pending=HELP_TOPIC,CMDHELPCHK"
MSG_IDX_DELETED_LINE_TE_7292B7D0,IDX_DELETED_LINE_TEXT,IdxDeletedLineText,en-US,GLOBAL,STATUS,INFO,IDX,active,,,deleted : {count} skipped,implemented,core,COMMAND:IDX,compiled_registry_v1,src/help/helpdata_messages.cpp,true,true,true,,,"owner_scope=COMMAND:IDX ; facility_derived=IDX ; default_text_shape=singleline ; source=all_messages() ; enrichment_pending=HELP_TOPIC,CMDHELPCHK"
MSG_IDX_BUILD_ELAPSED_L_76B1D246,IDX_BUILD_ELAPSED_LINE_TEXT,IdxBuildElapsedLineText,en-US,GLOBAL,STATUS,INFO,IDX,active,,,build : {value},implemented,core,COMMAND:IDX,compiled_registry_v1,src/help/helpdata_messages.cpp,true,true,true,,,"owner_scope=COMMAND:IDX ; facility_derived=IDX ; default_text_shape=singleline ; source=all_messages() ; enrichment_pending=HELP_TOPIC,CMDHELPCHK"
MSG_IDX_SORT_ELAPSED_LI_EB63A96D,IDX_SORT_ELAPSED_LINE_TEXT,IdxSortElapsedLineText,en-US,GLOBAL,STATUS,INFO,IDX,active,,,sort : {value},implemented,core,COMMAND:IDX,compiled_registry_v1,src/help/helpdata_messages.cpp,true,true,true,,,"owner_scope=COMMAND:IDX ; facility_derived=IDX ; default_text_shape=singleline ; source=all_messages() ; enrichment_pending=HELP_TOPIC,CMDHELPCHK"
MSG_IDX_COMPARISONS_LIN_6C8D8AB0,IDX_COMPARISONS_LINE_TEXT,IdxComparisonsLineText,en-US,GLOBAL,STATUS,INFO,IDX,active,,,compares : {value},implemented,core,COMMAND:IDX,compiled_registry_v1,src/help/helpdata_messages.cpp,true,true,true,,,"owner_scope=COMMAND:IDX ; facility_derived=IDX ; default_text_shape=singleline ; source=all_messages() ; enrichment_pending=HELP_TOPIC,CMDHELPCHK"
MSG_IDX_SWAPS_LINE_TEXT_2D48831D,IDX_SWAPS_LINE_TEXT,IdxSwapsLineText,en-US,GLOBAL,STATUS,INFO,IDX,active,,,swaps : {value},implemented,core,COMMAND:IDX,compiled_registry_v1,src/help/helpdata_messages.cpp,true,true,true,,,"owner_scope=COMMAND:IDX ; facility_derived=IDX ; default_text_shape=singleline ; source=all_messages() ; enrichment_pending=HELP_TOPIC,CMDHELPCHK"
MSG_IDX_NO_MEMORY_INDEX_9543FCAA,IDX_NO_MEMORY_INDEXES_TEXT,IdxNoMemoryIndexesText,en-US,GLOBAL,STATUS,INFO,IDX,active,,,no memory indexes.,implemented,core,COMMAND:IDX,compiled_registry_v1,src/help/helpdata_messages.cpp,true,true,true,,,"owner_scope=COMMAND:IDX ; facility_derived=IDX ; default_text_shape=singleline ; source=all_messages() ; enrichment_pending=HELP_TOPIC,CMDHELPCHK"
MSG_IDX_MEMORY_INDEXES__52A7E3AD,IDX_MEMORY_INDEXES_TITLE,IdxMemoryIndexesTitle,en-US,GLOBAL,STATUS,INFO,IDX,active,,,IDX memory indexes:,implemented,core,COMMAND:IDX,compiled_registry_v1,src/help/helpdata_messages.cpp,true,true,true,,,"owner_scope=COMMAND:IDX ; facility_derived=IDX ; default_text_shape=singleline ; source=all_messages() ; enrichment_pending=HELP_TOPIC,CMDHELPCHK"
MSG_IDX_LIST_HEADER_LIN_16C63D50,IDX_LIST_HEADER_LINE_TEXT,IdxListHeaderLineText,en-US,GLOBAL,STATUS,INFO,IDX,active,,,TAG EXPR SORT DIR ENTRIES BUILD,implemented,core,COMMAND:IDX,compiled_registry_v1,src/help/helpdata_messages.cpp,true,true,true,,,"owner_scope=COMMAND:IDX ; facility_derived=IDX ; default_text_shape=singleline ; source=all_messages() ; enrichment_pending=HELP_TOPIC,CMDHELPCHK"
MSG_IDX_DROP_USAGE_TEXT_6069B816,IDX_DROP_USAGE_TEXT,IdxDropUsageText,en-US,GLOBAL,USAGE,INFO,IDX,active,,,Usage: IDX DROP <tag>|ALL,implemented,core,COMMAND:IDX,compiled_registry_v1,src/help/helpdata_messages.cpp,true,true,true,,,"owner_scope=COMMAND:IDX ; facility_derived=IDX ; default_text_shape=singleline ; source=all_messages() ; enrichment_pending=HELP_TOPIC,CMDHELPCHK"
MSG_IDX_NO_MEMORY_INDEX_AE436C46,IDX_NO_MEMORY_INDEXES_TO_DROP_TEXT,IdxNoMemoryIndexesToDropText,en-US,GLOBAL,STATUS,INFO,IDX,active,,,no memory indexes to drop.,implemented,core,COMMAND:IDX,compiled_registry_v1,src/help/helpdata_messages.cpp,true,true,true,,,"owner_scope=COMMAND:IDX ; facility_derived=IDX ; default_text_shape=singleline ; source=all_messages() ; enrichment_pending=HELP_TOPIC,CMDHELPCHK"
MSG_IDX_DROPPED_ALL_TEX_8914A34C,IDX_DROPPED_ALL_TEXT,IdxDroppedAllText,en-US,GLOBAL,STATUS,INFO,IDX,active,,,dropped all memory indexes.,implemented,core,COMMAND:IDX,compiled_registry_v1,src/help/helpdata_messages.cpp,true,true,true,,,"owner_scope=COMMAND:IDX ; facility_derived=IDX ; default_text_shape=singleline ; source=all_messages() ; enrichment_pending=HELP_TOPIC,CMDHELPCHK"
MSG_IDX_DROPPED_MEMORY__59E8AB02,IDX_DROPPED_MEMORY_INDEX_TEXT,IdxDroppedMemoryIndexText,en-US,GLOBAL,STATUS,INFO,IDX,active,,,dropped memory index {tag}.,implemented,core,COMMAND:IDX,compiled_registry_v1,src/help/helpdata_messages.cpp,true,true,true,,,"owner_scope=COMMAND:IDX ; facility_derived=IDX ; default_text_shape=singleline ; source=all_messages() ; enrichment_pending=HELP_TOPIC,CMDHELPCHK"
MSG_IDX_MEMORY_INDEX_NO_E5E98303,IDX_MEMORY_INDEX_NOT_FOUND_TEXT,IdxMemoryIndexNotFoundText,en-US,GLOBAL,ERROR,ERROR,IDX,active,,,memory index not found: {tag},implemented,core,COMMAND:IDX,compiled_registry_v1,src/help/helpdata_messages.cpp,true,true,true,,,"owner_scope=COMMAND:IDX ; facility_derived=IDX ; default_text_shape=singleline ; source=all_messages() ; enrichment_pending=HELP_TOPIC,CMDHELPCHK"
MSG_IDX_BUILD_USAGE_TEX_6A8F5007,IDX_BUILD_USAGE_TEXT,IdxBuildUsageText,en-US,GLOBAL,USAGE,INFO,IDX,active,,,Usage: IDX ON <field|#n> TAG <name> [SORT <algo>|<algo>] [ASC|DESC],implemented,core,COMMAND:IDX,compiled_registry_v1,src/help/helpdata_messages.cpp,true,true,true,,,"owner_scope=COMMAND:IDX ; facility_derived=IDX ; default_text_shape=singleline ; source=all_messages() ; enrichment_pending=HELP_TOPIC,CMDHELPCHK"
MSG_IDX_UNKNOWN_COMMAND_5401BE5B,IDX_UNKNOWN_COMMAND_TEXT,IdxUnknownCommandText,en-US,GLOBAL,ERROR,ERROR,IDX,active,,,unknown command '{command}'.,implemented,core,COMMAND:IDX,compiled_registry_v1,src/help/helpdata_messages.cpp,true,true,true,,,"owner_scope=COMMAND:IDX ; facility_derived=IDX ; default_text_shape=singleline ; source=all_messages() ; enrichment_pending=HELP_TOPIC,CMDHELPCHK"
MSG_SKIP_USAGE_TEXT_7E37754D,SKIP_USAGE_TEXT,SkipUsageText,en-US,GLOBAL,USAGE,INFO,SKIP,active,,,Usage: / SKIP / SKIP USAGE / SKIP <n>,implemented,core,COMMAND:SKIP,compiled_registry_v1,src/help/helpdata_messages.cpp,true,true,true,,,"owner_scope=COMMAND:SKIP ; facility_derived=SKIP ; default_text_shape=multiline ; source=all_messages() ; enrichment_pending=HELP_TOPIC,CMDHELPCHK"
MSG_COUNT_USAGE_TEXT_343F83B6,COUNT_USAGE_TEXT,CountUsageText,en-US,GLOBAL,USAGE,INFO,COUNT,active,,,Usage: / COUNT / COUNT USAGE / COUNT ALL / COUNT FOR <expr> / COUNT WHERE <expr> / COUNT <expr> / COUNT DELETED / COUNT NOT DELETED / COUNT !DELETED / Notes: / - COUNT with no argu,implemented,core,COMMAND:COUNT,compiled_registry_v1,src/help/helpdata_messages.cpp,true,true,true,,,"owner_scope=COMMAND:COUNT ; facility_derived=COUNT ; default_text_shape=multiline ; source=all_messages() ; enrichment_pending=HELP_TOPIC,CMDHELPCHK"
MSG_TOP_USAGE_TEXT_143E9277,TOP_USAGE_TEXT,TopUsageText,en-US,GLOBAL,USAGE,INFO,TOP,active,,,Usage: / TOP / TOP USAGE,implemented,core,COMMAND:TOP,compiled_registry_v1,src/help/helpdata_messages.cpp,true,true,true,,,"owner_scope=COMMAND:TOP ; facility_derived=TOP ; default_text_shape=multiline ; source=all_messages() ; enrichment_pending=HELP_TOPIC,CMDHELPCHK"
MSG_BOTTOM_USAGE_TEXT_7BE358DB,BOTTOM_USAGE_TEXT,BottomUsageText,en-US,GLOBAL,USAGE,INFO,BOTTOM,active,,,Usage: / BOTTOM / BOTTOM USAGE,implemented,core,COMMAND:BOTTOM,compiled_registry_v1,src/help/helpdata_messages.cpp,true,true,true,,,"owner_scope=COMMAND:BOTTOM ; facility_derived=BOTTOM ; default_text_shape=multiline ; source=all_messages() ; enrichment_pending=HELP_TOPIC,CMDHELPCHK"
MSG_FIRST_USAGE_TEXT_380D0486,FIRST_USAGE_TEXT,FirstUsageText,en-US,GLOBAL,USAGE,INFO,FIRST,active,,,Usage: / FIRST / FIRST USAGE,implemented,core,COMMAND:FIRST,compiled_registry_v1,src/help/helpdata_messages.cpp,true,true,true,,,"owner_scope=COMMAND:FIRST ; facility_derived=FIRST ; default_text_shape=multiline ; source=all_messages() ; enrichment_pending=HELP_TOPIC,CMDHELPCHK"
MSG_LAST_USAGE_TEXT_45D18148,LAST_USAGE_TEXT,LastUsageText,en-US,GLOBAL,USAGE,INFO,LAST,active,,,Usage: / LAST / LAST USAGE,implemented,core,COMMAND:LAST,compiled_registry_v1,src/help/helpdata_messages.cpp,true,true,true,,,"owner_scope=COMMAND:LAST ; facility_derived=LAST ; default_text_shape=multiline ; source=all_messages() ; enrichment_pending=HELP_TOPIC,CMDHELPCHK"
MSG_NEXT_USAGE_TEXT_6F825FBB,NEXT_USAGE_TEXT,NextUsageText,en-US,GLOBAL,USAGE,INFO,NEXT,active,,,Usage: / NEXT / NEXT USAGE,implemented,core,COMMAND:NEXT,compiled_registry_v1,src/help/helpdata_messages.cpp,true,true,true,,,"owner_scope=COMMAND:NEXT ; facility_derived=NEXT ; default_text_shape=multiline ; source=all_messages() ; enrichment_pending=HELP_TOPIC,CMDHELPCHK"
MSG_PRIOR_USAGE_TEXT_FBB3278F,PRIOR_USAGE_TEXT,PriorUsageText,en-US,GLOBAL,USAGE,INFO,PRIOR,active,,,Usage: / PRIOR / PRIOR USAGE,implemented,core,COMMAND:PRIOR,compiled_registry_v1,src/help/helpdata_messages.cpp,true,true,true,,,"owner_scope=COMMAND:PRIOR ; facility_derived=PRIOR ; default_text_shape=multiline ; source=all_messages() ; enrichment_pending=HELP_TOPIC,CMDHELPCHK"
MSG_USE_MISSING_TABLE_N_5E00BB27,USE_MISSING_TABLE_NAME_TEXT,UseMissingTableNameText,en-US,GLOBAL,ERROR,ERROR,USE,active,,,missing table name.,implemented,core,COMMAND:USE,compiled_registry_v1,src/help/helpdata_messages.cpp,true,true,true,,,"owner_scope=COMMAND:USE ; facility_derived=USE ; default_text_shape=singleline ; source=all_messages() ; enrichment_pending=HELP_TOPIC,CMDHELPCHK"
MSG_USE_ALREADY_OPEN_CU_0058ACBD,USE_ALREADY_OPEN_CURRENT_AREA_TEXT,UseAlreadyOpenCurrentAreaText,en-US,GLOBAL,STATUS,INFO,USE,active,,,'{file}' is already open in current area {area}.,implemented,core,COMMAND:USE,compiled_registry_v1,src/help/helpdata_messages.cpp,true,true,true,,,"owner_scope=COMMAND:USE ; facility_derived=USE ; default_text_shape=singleline ; source=all_messages() ; enrichment_pending=HELP_TOPIC,CMDHELPCHK"
MSG_USE_ALREADY_OPEN_OT_D47C37C0,USE_ALREADY_OPEN_OTHER_AREA_TEXT,UseAlreadyOpenOtherAreaText,en-US,GLOBAL,STATUS,INFO,USE,active,,,"'{file}' is already open in area {area}. Close it first (e.g., SCHEMAS CLOSE {area}).",implemented,core,COMMAND:USE,compiled_registry_v1,src/help/helpdata_messages.cpp,true,true,true,,,"owner_scope=COMMAND:USE ; facility_derived=USE ; default_text_shape=singleline ; source=all_messages() ; enrichment_pending=HELP_TOPIC,CMDHELPCHK"
MSG_USE_OPEN_FAILED_WIT_6329F3DE,USE_OPEN_FAILED_WITH_REASON_TEXT,UseOpenFailedWithReasonText,en-US,GLOBAL,ERROR,ERROR,USE,active,,,Open failed: {reason},implemented,core,COMMAND:USE,compiled_registry_v1,src/help/helpdata_messages.cpp,true,true,true,,,"owner_scope=COMMAND:USE ; facility_derived=USE ; default_text_shape=singleline ; source=all_messages() ; enrichment_pending=HELP_TOPIC,CMDHELPCHK"
MSG_USE_OPEN_FAILED_TEX_7D20B489,USE_OPEN_FAILED_TEXT,UseOpenFailedText,en-US,GLOBAL,ERROR,ERROR,USE,active,,,Open failed.,implemented,core,COMMAND:USE,compiled_registry_v1,src/help/helpdata_messages.cpp,true,true,true,,,"owner_scope=COMMAND:USE ; facility_derived=USE ; default_text_shape=singleline ; source=all_messages() ; enrichment_pending=HELP_TOPIC,CMDHELPCHK"
MSG_USE_MEMO_ATTACH_FAI_8EE327BA,USE_MEMO_ATTACH_FAILED_TEXT,UseMemoAttachFailedText,en-US,GLOBAL,ERROR,ERROR,USE,active,,,memo attach failed: {reason},implemented,core,COMMAND:USE,compiled_registry_v1,src/help/helpdata_messages.cpp,true,true,true,,,"owner_scope=COMMAND:USE ; facility_derived=USE ; default_text_shape=singleline ; source=all_messages() ; enrichment_pending=HELP_TOPIC,CMDHELPCHK"
MSG_USE_OPENED_SUMMARY__246F7261,USE_OPENED_SUMMARY_TEXT,UseOpenedSummaryText,en-US,GLOBAL,STATUS,INFO,USE,active,,,Opened {name} ({version}) : Record count {count},implemented,core,COMMAND:USE,compiled_registry_v1,src/help/helpdata_messages.cpp,true,true,true,,,"owner_scope=COMMAND:USE ; facility_derived=USE ; default_text_shape=singleline ; source=all_messages() ; enrichment_pending=HELP_TOPIC,CMDHELPCHK"
MSG_USE_VALID_INDEXES_L_64021B80,USE_VALID_INDEXES_LINE_TEXT,UseValidIndexesLineText,en-US,GLOBAL,STATUS,INFO,USE,active,,,Valid Index/Indices : {types},implemented,core,COMMAND:USE,compiled_registry_v1,src/help/helpdata_messages.cpp,true,true,true,,,"owner_scope=COMMAND:USE ; facility_derived=USE ; default_text_shape=singleline ; source=all_messages() ; enrichment_pending=HELP_TOPIC,CMDHELPCHK"
MSG_USE_NOINDEX_SKIPPED_10B781D2,USE_NOINDEX_SKIPPED_TEXT,UseNoIndexSkippedText,en-US,GLOBAL,STATUS,INFO,USE,active,,,NOINDEX: auto-attach skipped (physical order).,implemented,core,COMMAND:USE,compiled_registry_v1,src/help/helpdata_messages.cpp,true,true,true,,,"owner_scope=COMMAND:USE ; facility_derived=USE ; default_text_shape=singleline ; source=all_messages() ; enrichment_pending=HELP_TOPIC,CMDHELPCHK"
MSG_USE_AUTO_ATTACHED_O_28B8C53D,USE_AUTO_ATTACHED_ORDER_TAG_UNIQUE_TEXT,UseAutoAttachedOrderTagUniqueText,en-US,GLOBAL,STATUS,INFO,USE,active,,,Auto-attached order: {file} (tag: {tag} [UNIQUE]),implemented,core,COMMAND:USE,compiled_registry_v1,src/help/helpdata_messages.cpp,true,true,true,,,"owner_scope=COMMAND:USE ; facility_derived=USE ; default_text_shape=singleline ; source=all_messages() ; enrichment_pending=HELP_TOPIC,CMDHELPCHK"
MSG_USE_AUTO_ATTACHED_O_E8446F5A,USE_AUTO_ATTACHED_ORDER_TAG_TEXT,UseAutoAttachedOrderTagText,en-US,GLOBAL,STATUS,INFO,USE,active,,,Auto-attached order: {file} (tag: {tag}),implemented,core,COMMAND:USE,compiled_registry_v1,src/help/helpdata_messages.cpp,true,true,true,,,"owner_scope=COMMAND:USE ; facility_derived=USE ; default_text_shape=singleline ; source=all_messages() ; enrichment_pending=HELP_TOPIC,CMDHELPCHK"
MSG_USE_AUTO_ATTACHED_O_8F815E3F,USE_AUTO_ATTACHED_ORDER_TEXT,UseAutoAttachedOrderText,en-US,GLOBAL,STATUS,INFO,USE,active,,,Auto-attached order: {file},implemented,core,COMMAND:USE,compiled_registry_v1,src/help/helpdata_messages.cpp,true,true,true,,,"owner_scope=COMMAND:USE ; facility_derived=USE ; default_text_shape=singleline ; source=all_messages() ; enrichment_pending=HELP_TOPIC,CMDHELPCHK"
MSG_CONTINUE_NO_ACTIVE__4DB8599F,CONTINUE_NO_ACTIVE_LOCATE_TEXT,ContinueNoActiveLocateText,en-US,GLOBAL,ERROR,ERROR,CONTINUE,active,,,no active locate.,implemented,core,COMMAND:CONTINUE,compiled_registry_v1,src/help/helpdata_messages.cpp,true,true,true,,,"owner_scope=COMMAND:CONTINUE ; facility_derived=CONTINUE ; default_text_shape=singleline ; source=all_messages() ; enrichment_pending=HELP_TOPIC,CMDHELPCHK"
MSG_CONTINUE_NOT_FOUND__D5DCC8BC,CONTINUE_NOT_FOUND_TEXT,ContinueNotFoundText,en-US,GLOBAL,STATUS,INFO,CONTINUE,active,,,not found.,implemented,core,COMMAND:CONTINUE,compiled_registry_v1,src/help/helpdata_messages.cpp,true,true,true,,,"owner_scope=COMMAND:CONTINUE ; facility_derived=CONTINUE ; default_text_shape=singleline ; source=all_messages() ; enrichment_pending=HELP_TOPIC,CMDHELPCHK"
MSG_CONTINUE_FOUND_AT_T_E68A0149,CONTINUE_FOUND_AT_TEXT,ContinueFoundAtText,en-US,GLOBAL,STATUS,INFO,CONTINUE,active,,,Found at {recno}.,implemented,core,COMMAND:CONTINUE,compiled_registry_v1,src/help/helpdata_messages.cpp,true,true,true,,,"owner_scope=COMMAND:CONTINUE ; facility_derived=CONTINUE ; default_text_shape=singleline ; source=all_messages() ; enrichment_pending=HELP_TOPIC,CMDHELPCHK"
MSG_NAV_NO_FILE_OPEN_TE_B6873783,NAV_NO_FILE_OPEN_TEXT,NavNoFileOpenText,en-US,GLOBAL,ERROR,ERROR,NAV,active,,,no file open.,implemented,core,SUBSYSTEM:NAV,compiled_registry_v1,src/help/helpdata_messages.cpp,true,true,true,,,"owner_scope=SUBSYSTEM:NAV ; facility_derived=NAV ; default_text_shape=singleline ; source=all_messages() ; enrichment_pending=HELP_TOPIC,CMDHELPCHK"
MSG_NAV_READ_CURRENT_FA_7F4AC523,NAV_READ_CURRENT_FAILED_TEXT,NavReadCurrentFailedText,en-US,GLOBAL,ERROR,ERROR,NAV,active,,,failed to read record.,implemented,core,SUBSYSTEM:NAV,compiled_registry_v1,src/help/helpdata_messages.cpp,true,true,true,,,"owner_scope=SUBSYSTEM:NAV ; facility_derived=NAV ; default_text_shape=singleline ; source=all_messages() ; enrichment_pending=HELP_TOPIC,CMDHELPCHK"
MSG_NAV_AT_TOP_TEXT_605BFC75,NAV_AT_TOP_TEXT,NavAtTopText,en-US,GLOBAL,STATUS,INFO,NAV,active,,,at top.,implemented,core,SUBSYSTEM:NAV,compiled_registry_v1,src/help/helpdata_messages.cpp,true,true,true,,,"owner_scope=SUBSYSTEM:NAV ; facility_derived=NAV ; default_text_shape=singleline ; source=all_messages() ; enrichment_pending=HELP_TOPIC,CMDHELPCHK"
MSG_NAV_AT_END_TEXT_73A938B9,NAV_AT_END_TEXT,NavAtEndText,en-US,GLOBAL,STATUS,INFO,NAV,active,,,at end.,implemented,core,SUBSYSTEM:NAV,compiled_registry_v1,src/help/helpdata_messages.cpp,true,true,true,,,"owner_scope=SUBSYSTEM:NAV ; facility_derived=NAV ; default_text_shape=singleline ; source=all_messages() ; enrichment_pending=HELP_TOPIC,CMDHELPCHK"
MSG_NAV_FAILED_TEXT_3F5F8C1F,NAV_FAILED_TEXT,NavFailedText,en-US,GLOBAL,ERROR,ERROR,NAV,active,,,failed.,implemented,core,SUBSYSTEM:NAV,compiled_registry_v1,src/help/helpdata_messages.cpp,true,true,true,,,"owner_scope=SUBSYSTEM:NAV ; facility_derived=NAV ; default_text_shape=singleline ; source=all_messages() ; enrichment_pending=HELP_TOPIC,CMDHELPCHK"
MSG_NAV_RECNO_LINE_55A17D3E,NAV_RECNO_LINE,NavRecnoLine,en-US,GLOBAL,STATUS,INFO,NAV,active,,,Recno: {recno},implemented,core,SUBSYSTEM:NAV,compiled_registry_v1,src/help/helpdata_messages.cpp,true,true,true,,,"owner_scope=SUBSYSTEM:NAV ; facility_derived=NAV ; default_text_shape=singleline ; source=all_messages() ; enrichment_pending=HELP_TOPIC,CMDHELPCHK"
MSG_GO_EXPECTED_POSITIV_D8C199C4,GO_EXPECTED_POSITIVE_RECORD_NUMBER_TEXT,GoExpectedPositiveRecordNumberText,en-US,GLOBAL,ERROR,ERROR,GO,active,,,expected a positive record number,implemented,core,COMMAND:GO,compiled_registry_v1,src/help/helpdata_messages.cpp,true,true,true,,,"owner_scope=COMMAND:GO ; facility_derived=GO ; default_text_shape=singleline ; source=all_messages() ; enrichment_pending=HELP_TOPIC,CMDHELPCHK"
MSG_GO_AREA_QUALIFIER_N_D7CD700D,GO_AREA_QUALIFIER_NOT_SUPPORTED_YET_TEXT,GoAreaQualifierNotSupportedYetText,en-US,GLOBAL,ERROR,ERROR,GO,active,,,"'IN <alias>' not supported yet (SELECT the area, then GO ...)",implemented,core,COMMAND:GO,compiled_registry_v1,src/help/helpdata_messages.cpp,true,true,true,,,"owner_scope=COMMAND:GO ; facility_derived=GO ; default_text_shape=singleline ; source=all_messages() ; enrichment_pending=HELP_TOPIC,CMDHELPCHK"
MSG_GO_UNRECOGNIZED_COM_E05FC649,GO_UNRECOGNIZED_COMMAND_FORM_TEXT,GoUnrecognizedCommandFormText,en-US,GLOBAL,ERROR,ERROR,GO,active,,,unrecognized form,implemented,core,COMMAND:GO,compiled_registry_v1,src/help/helpdata_messages.cpp,true,true,true,,,"owner_scope=COMMAND:GO ; facility_derived=GO ; default_text_shape=singleline ; source=all_messages() ; enrichment_pending=HELP_TOPIC,CMDHELPCHK"
MSG_GPS_USAGE_TEXT_BBF650D4,GPS_USAGE_TEXT,GpsUsageText,en-US,GLOBAL,USAGE,INFO,GPS,active,,,"Usage: / GPS / GPS USAGE / Notes: / - Reports area slot, table label, physical recno, and logical row. / - With no open table, GPS reports the no-table cursor state.",implemented,core,COMMAND:GPS,compiled_registry_v1,src/help/helpdata_messages.cpp,true,true,true,,,"owner_scope=COMMAND:GPS ; facility_derived=GPS ; default_text_shape=multiline ; source=all_messages() ; enrichment_pending=HELP_TOPIC,CMDHELPCHK"
MSG_GPS_NO_TABLE_CURSOR_26C71B68,GPS_NO_TABLE_CURSOR_LINE_TEXT,GpsNoTableCursorLineText,en-US,GLOBAL,STATUS,INFO,GPS,active,,,Cursor: Area {area} of {occupied} ... No table open,implemented,core,COMMAND:GPS,compiled_registry_v1,src/help/helpdata_messages.cpp,true,true,true,,,"owner_scope=COMMAND:GPS ; facility_derived=GPS ; default_text_shape=singleline ; source=all_messages() ; enrichment_pending=HELP_TOPIC,CMDHELPCHK"
MSG_GPS_CURSOR_LINE_TEX_A4F96EB3,GPS_CURSOR_LINE_TEXT,GpsCursorLineText,en-US,GLOBAL,STATUS,INFO,GPS,active,,,"Cursor: Area {area} of {occupied} ... Table {table} ... Physical Recno {recno}, Logical Row {logical_row}",implemented,core,COMMAND:GPS,compiled_registry_v1,src/help/helpdata_messages.cpp,true,true,true,,,"owner_scope=COMMAND:GPS ; facility_derived=GPS ; default_text_shape=singleline ; source=all_messages() ; enrichment_pending=HELP_TOPIC,CMDHELPCHK"
MSG_GPS_UNNAMED_TABLE_T_9DE4C85C,GPS_UNNAMED_TABLE_TEXT,GpsUnnamedTableText,en-US,GLOBAL,STATUS,INFO,GPS,active,,,(unnamed),implemented,core,COMMAND:GPS,compiled_registry_v1,src/help/helpdata_messages.cpp,true,true,true,,,"owner_scope=COMMAND:GPS ; facility_derived=GPS ; default_text_shape=singleline ; source=all_messages() ; enrichment_pending=HELP_TOPIC,CMDHELPCHK"
MSG_CALC_USAGE_TEXT_2C97088C,CALC_USAGE_TEXT,CalcUsageText,en-US,GLOBAL,USAGE,INFO,CALC,active,,,Usage: / CALC USAGE (Show this usage) / CALC <expr> (Evaluate expression and print result) / CALC (<expr>) (Outer parentheses are allowed) / CALC <field> = <expr> (If <field> exist,implemented,core,COMMAND:CALC,compiled_registry_v1,src/help/helpdata_messages.cpp,true,true,true,,,"owner_scope=COMMAND:CALC ; facility_derived=CALC ; default_text_shape=multiline ; source=all_messages() ; enrichment_pending=HELP_TOPIC,CMDHELPCHK"
MSG_CALCWRITE_USAGE_TEX_92FA3E33,CALCWRITE_USAGE_TEXT,CalcWriteUsageText,en-US,GLOBAL,USAGE,INFO,CALCWRITE,active,,,Usage: / CALCWRITE USAGE / CALCWRITE <field> = <expr> / Examples: / CALCWRITE BALANCE = BALANCE + 10 / CALCWRITE LNAME = UPPER(LNAME) / CALCWRITE POSTED = TODAY / Notes: / - CALCWR,implemented,core,COMMAND:CALCWRITE,compiled_registry_v1,src/help/helpdata_messages.cpp,true,true,true,,,"owner_scope=COMMAND:CALCWRITE ; facility_derived=CALCWRITE ; default_text_shape=multiline ; source=all_messages() ; enrichment_pending=HELP_TOPIC,CMDHELPCHK"
MSG_CALCWRITE_NO_FILE_O_43C2A90C,CALCWRITE_NO_FILE_OPEN_TEXT,CalcWriteNoFileOpenText,en-US,GLOBAL,ERROR,ERROR,CALCWRITE,active,,,no file open. Use: USE <table>,implemented,core,COMMAND:CALCWRITE,compiled_registry_v1,src/help/helpdata_messages.cpp,true,true,true,,,"owner_scope=COMMAND:CALCWRITE ; facility_derived=CALCWRITE ; default_text_shape=singleline ; source=all_messages() ; enrichment_pending=HELP_TOPIC,CMDHELPCHK"
MSG_CALCWRITE_UNKNOWN_F_CC471DB1,CALCWRITE_UNKNOWN_FIELD_TEXT,CalcWriteUnknownFieldText,en-US,GLOBAL,ERROR,ERROR,CALCWRITE,active,,,unknown field '{field}',implemented,core,COMMAND:CALCWRITE,compiled_registry_v1,src/help/helpdata_messages.cpp,true,true,true,,,"owner_scope=COMMAND:CALCWRITE ; facility_derived=CALCWRITE ; default_text_shape=singleline ; source=all_messages() ; enrichment_pending=HELP_TOPIC,CMDHELPCHK"
MSG_CALCWRITE_NO_CURREN_41F6080C,CALCWRITE_NO_CURRENT_RECORD_TEXT,CalcWriteNoCurrentRecordText,en-US,GLOBAL,ERROR,ERROR,CALCWRITE,active,,,no current record.,implemented,core,COMMAND:CALCWRITE,compiled_registry_v1,src/help/helpdata_messages.cpp,true,true,true,,,"owner_scope=COMMAND:CALCWRITE ; facility_derived=CALCWRITE ; default_text_shape=singleline ; source=all_messages() ; enrichment_pending=HELP_TOPIC,CMDHELPCHK"
MSG_CALCWRITE_CANNOT_DE_67AA3731,CALCWRITE_CANNOT_DETERMINE_CURRENT_AREA_TEXT,CalcWriteCannotDetermineCurrentAreaText,en-US,GLOBAL,ERROR,ERROR,CALCWRITE,active,,,cannot determine current area.,implemented,core,COMMAND:CALCWRITE,compiled_registry_v1,src/help/helpdata_messages.cpp,true,true,true,,,"owner_scope=COMMAND:CALCWRITE ; facility_derived=CALCWRITE ; default_text_shape=singleline ; source=all_messages() ; enrichment_pending=HELP_TOPIC,CMDHELPCHK"
MSG_CALCWRITE_EVALUATIO_621022E0,CALCWRITE_EVALUATION_FAILED_TEXT,CalcWriteEvaluationFailedText,en-US,GLOBAL,ERROR,ERROR,CALCWRITE,active,,,evaluation failed,implemented,core,COMMAND:CALCWRITE,compiled_registry_v1,src/help/helpdata_messages.cpp,true,true,true,,,"owner_scope=COMMAND:CALCWRITE ; facility_derived=CALCWRITE ; default_text_shape=singleline ; source=all_messages() ; enrichment_pending=HELP_TOPIC,CMDHELPCHK"
MSG_CALCWRITE_DETAIL_TE_C11E5D35,CALCWRITE_DETAIL_TEXT,CalcWriteDetailText,en-US,GLOBAL,ERROR,ERROR,CALCWRITE,active,,,{detail},implemented,core,COMMAND:CALCWRITE,compiled_registry_v1,src/help/helpdata_messages.cpp,true,true,true,,,"owner_scope=COMMAND:CALCWRITE ; facility_derived=CALCWRITE ; default_text_shape=singleline ; source=all_messages() ; enrichment_pending=HELP_TOPIC,CMDHELPCHK"
MSG_CALCWRITE_BUFFERED__487E0E67,CALCWRITE_BUFFERED_FIELD_VALUE_TEXT,CalcWriteBufferedFieldValueText,en-US,GLOBAL,STATUS,INFO,CALCWRITE,active,,,buffered {field} = {value} at rec {recno}.,implemented,core,COMMAND:CALCWRITE,compiled_registry_v1,src/help/helpdata_messages.cpp,true,true,true,,,"owner_scope=COMMAND:CALCWRITE ; facility_derived=CALCWRITE ; default_text_shape=singleline ; source=all_messages() ; enrichment_pending=HELP_TOPIC,CMDHELPCHK"
MSG_CALCWRITE_BUFFERED__EB624199,CALCWRITE_BUFFERED_FIELD_TEXT,CalcWriteBufferedFieldText,en-US,GLOBAL,STATUS,INFO,CALCWRITE,active,,,buffered {field}.,implemented,core,COMMAND:CALCWRITE,compiled_registry_v1,src/help/helpdata_messages.cpp,true,true,true,,,"owner_scope=COMMAND:CALCWRITE ; facility_derived=CALCWRITE ; default_text_shape=singleline ; source=all_messages() ; enrichment_pending=HELP_TOPIC,CMDHELPCHK"
MSG_CALCWRITE_WROTE_FIE_0DD26A2C,CALCWRITE_WROTE_FIELD_VALUE_TEXT,CalcWriteWroteFieldValueText,en-US,GLOBAL,STATUS,INFO,CALCWRITE,active,,,wrote {field} = {value},implemented,core,COMMAND:CALCWRITE,compiled_registry_v1,src/help/helpdata_messages.cpp,true,true,true,,,"owner_scope=COMMAND:CALCWRITE ; facility_derived=CALCWRITE ; default_text_shape=singleline ; source=all_messages() ; enrichment_pending=HELP_TOPIC,CMDHELPCHK"
MSG_REPLACE_USAGE_TEXT_D68848BE,REPLACE_USAGE_TEXT,ReplaceUsageText,en-US,GLOBAL,USAGE,INFO,REPLACE,active,,,"Usage: / REPLACE USAGE / REPLACE <field_index> WITH <value> / REPLACE <field_name> WITH <value> / Examples: / REPLACE LNAME WITH ""Smith"" / REPLACE 3 WITH TODAY / Notes: / - REPLACE",implemented,core,COMMAND:REPLACE,compiled_registry_v1,src/help/helpdata_messages.cpp,true,true,true,,,"owner_scope=COMMAND:REPLACE ; facility_derived=REPLACE ; default_text_shape=multiline ; source=all_messages() ; enrichment_pending=HELP_TOPIC,CMDHELPCHK"
MSG_REPLACE_NO_FILE_OPE_D00F11C8,REPLACE_NO_FILE_OPEN_TEXT,ReplaceNoFileOpenText,en-US,GLOBAL,ERROR,ERROR,REPLACE,active,,,no file open.,implemented,core,COMMAND:REPLACE,compiled_registry_v1,src/help/helpdata_messages.cpp,true,true,true,,,"owner_scope=COMMAND:REPLACE ; facility_derived=REPLACE ; default_text_shape=singleline ; source=all_messages() ; enrichment_pending=HELP_TOPIC,CMDHELPCHK"
MSG_REPLACE_FIELD_NOT_F_49B66C08,REPLACE_FIELD_NOT_FOUND_TEXT,ReplaceFieldNotFoundText,en-US,GLOBAL,ERROR,ERROR,REPLACE,active,,,field not found.,implemented,core,COMMAND:REPLACE,compiled_registry_v1,src/help/helpdata_messages.cpp,true,true,true,,,"owner_scope=COMMAND:REPLACE ; facility_derived=REPLACE ; default_text_shape=singleline ; source=all_messages() ; enrichment_pending=HELP_TOPIC,CMDHELPCHK"
MSG_REPLACE_NO_CURRENT__22DFB9A4,REPLACE_NO_CURRENT_RECORD_TEXT,ReplaceNoCurrentRecordText,en-US,GLOBAL,ERROR,ERROR,REPLACE,active,,,no current record.,implemented,core,COMMAND:REPLACE,compiled_registry_v1,src/help/helpdata_messages.cpp,true,true,true,,,"owner_scope=COMMAND:REPLACE ; facility_derived=REPLACE ; default_text_shape=singleline ; source=all_messages() ; enrichment_pending=HELP_TOPIC,CMDHELPCHK"
MSG_REPLACE_CANNOT_DETE_4BFC8B96,REPLACE_CANNOT_DETERMINE_CURRENT_AREA_TEXT,ReplaceCannotDetermineCurrentAreaText,en-US,GLOBAL,ERROR,ERROR,REPLACE,active,,,cannot determine current area.,implemented,core,COMMAND:REPLACE,compiled_registry_v1,src/help/helpdata_messages.cpp,true,true,true,,,"owner_scope=COMMAND:REPLACE ; facility_derived=REPLACE ; default_text_shape=singleline ; source=all_messages() ; enrichment_pending=HELP_TOPIC,CMDHELPCHK"
MSG_REPLACE_DETAIL_TEXT_20FEAB97,REPLACE_DETAIL_TEXT,ReplaceDetailText,en-US,GLOBAL,ERROR,ERROR,REPLACE,active,,,{detail},implemented,core,COMMAND:REPLACE,compiled_registry_v1,src/help/helpdata_messages.cpp,true,true,true,,,"owner_scope=COMMAND:REPLACE ; facility_derived=REPLACE ; default_text_shape=singleline ; source=all_messages() ; enrichment_pending=HELP_TOPIC,CMDHELPCHK"
MSG_REPLACE_BUFFERED_FI_7043AE4A,REPLACE_BUFFERED_FIELD_RECORD_TEXT,ReplaceBufferedFieldRecordText,en-US,GLOBAL,STATUS,INFO,REPLACE,active,,,buffered field #{field} at rec {recno}.,implemented,core,COMMAND:REPLACE,compiled_registry_v1,src/help/helpdata_messages.cpp,true,true,true,,,"owner_scope=COMMAND:REPLACE ; facility_derived=REPLACE ; default_text_shape=singleline ; source=all_messages() ; enrichment_pending=HELP_TOPIC,CMDHELPCHK"
MSG_REPLACE_REPLACED_FI_B183E2D1,REPLACE_REPLACED_FIELD_RECORD_TEXT,ReplaceReplacedFieldRecordText,en-US,GLOBAL,STATUS,INFO,REPLACE,active,,,Replaced field #{field} at rec {recno}.,implemented,core,COMMAND:REPLACE,compiled_registry_v1,src/help/helpdata_messages.cpp,true,true,true,,,"owner_scope=COMMAND:REPLACE ; facility_derived=REPLACE ; default_text_shape=singleline ; source=all_messages() ; enrichment_pending=HELP_TOPIC,CMDHELPCHK"
MSG_REPLACE_WRITE_FAILE_7EEF07AB,REPLACE_WRITE_FAILED_DETAIL_TEXT,ReplaceWriteFailedDetailText,en-US,GLOBAL,ERROR,ERROR,REPLACE,active,,,write failed ({detail}).,implemented,core,COMMAND:REPLACE,compiled_registry_v1,src/help/helpdata_messages.cpp,true,true,true,,,"owner_scope=COMMAND:REPLACE ; facility_derived=REPLACE ; default_text_shape=singleline ; source=all_messages() ; enrichment_pending=HELP_TOPIC,CMDHELPCHK"
MSG_REPLACE_WRITE_FAILE_070AD745,REPLACE_WRITE_FAILED_TEXT,ReplaceWriteFailedText,en-US,GLOBAL,ERROR,ERROR,REPLACE,active,,,write failed.,implemented,core,COMMAND:REPLACE,compiled_registry_v1,src/help/helpdata_messages.cpp,true,true,true,,,"owner_scope=COMMAND:REPLACE ; facility_derived=REPLACE ; default_text_shape=singleline ; source=all_messages() ; enrichment_pending=HELP_TOPIC,CMDHELPCHK"
MSG_REPLACE_MULTI_USAGE_C1BE5E9B,REPLACE_MULTI_USAGE_TEXT,ReplaceMultiUsageText,en-US,GLOBAL,USAGE,INFO,REPLACE_MULTI,active,,,"Usage: / REPLACE_MULTI USAGE / MULTIREP USAGE / REPLACE_MULTI <field> WITH <value>[, <field> WITH <value>]... / MULTIREP <field> WITH <value>[, <field> WITH <value>]... / Examples:",implemented,core,COMMAND:REPLACE_MULTI,compiled_registry_v1,src/help/helpdata_messages.cpp,true,true,true,,,"owner_scope=COMMAND:REPLACE_MULTI ; facility_derived=REPLACE_MULTI ; default_text_shape=multiline ; source=all_messages() ; enrichment_pending=HELP_TOPIC,CMDHELPCHK"
MSG_REPLACE_MULTI_EXPEC_90E140DE,REPLACE_MULTI_EXPECTED_FIELD_AFTER_FIELD_TEXT,ReplaceMultiExpectedFieldAfterFieldText,en-US,GLOBAL,ERROR,ERROR,REPLACE_MULTI,active,,,expected field after FIELD.,implemented,core,COMMAND:REPLACE_MULTI,compiled_registry_v1,src/help/helpdata_messages.cpp,true,true,true,,,"owner_scope=COMMAND:REPLACE_MULTI ; facility_derived=REPLACE_MULTI ; default_text_shape=singleline ; source=all_messages() ; enrichment_pending=HELP_TOPIC,CMDHELPCHK"
MSG_REPLACE_MULTI_EXPEC_3C4FBB9F,REPLACE_MULTI_EXPECTED_WITH_AFTER_FIELD_TEXT,ReplaceMultiExpectedWithAfterFieldText,en-US,GLOBAL,ERROR,ERROR,REPLACE_MULTI,active,,,expected WITH after field.,implemented,core,COMMAND:REPLACE_MULTI,compiled_registry_v1,src/help/helpdata_messages.cpp,true,true,true,,,"owner_scope=COMMAND:REPLACE_MULTI ; facility_derived=REPLACE_MULTI ; default_text_shape=singleline ; source=all_messages() ; enrichment_pending=HELP_TOPIC,CMDHELPCHK"
MSG_REPLACE_MULTI_EMPTY_F069CA32,REPLACE_MULTI_EMPTY_VALUE_TEXT,ReplaceMultiEmptyValueText,en-US,GLOBAL,ERROR,ERROR,REPLACE_MULTI,active,,,empty value.,implemented,core,COMMAND:REPLACE_MULTI,compiled_registry_v1,src/help/helpdata_messages.cpp,true,true,true,,,"owner_scope=COMMAND:REPLACE_MULTI ; facility_derived=REPLACE_MULTI ; default_text_shape=singleline ; source=all_messages() ; enrichment_pending=HELP_TOPIC,CMDHELPCHK"
MSG_REPLACE_MULTI_INVAL_050AA74C,REPLACE_MULTI_INVALID_FIELD_TOKEN_TEXT,ReplaceMultiInvalidFieldTokenText,en-US,GLOBAL,ERROR,ERROR,REPLACE_MULTI,active,,,invalid field token '{field}'.,implemented,core,COMMAND:REPLACE_MULTI,compiled_registry_v1,src/help/helpdata_messages.cpp,true,true,true,,,"owner_scope=COMMAND:REPLACE_MULTI ; facility_derived=REPLACE_MULTI ; default_text_shape=singleline ; source=all_messages() ; enrichment_pending=HELP_TOPIC,CMDHELPCHK"
MSG_REPLACE_MULTI_UNKNO_5BB79295,REPLACE_MULTI_UNKNOWN_FIELD_TEXT,ReplaceMultiUnknownFieldText,en-US,GLOBAL,ERROR,ERROR,REPLACE_MULTI,active,,,unknown field '{field}'.,implemented,core,COMMAND:REPLACE_MULTI,compiled_registry_v1,src/help/helpdata_messages.cpp,true,true,true,,,"owner_scope=COMMAND:REPLACE_MULTI ; facility_derived=REPLACE_MULTI ; default_text_shape=singleline ; source=all_messages() ; enrichment_pending=HELP_TOPIC,CMDHELPCHK"
MSG_REPLACE_MULTI_NO_AS_A9A96765,REPLACE_MULTI_NO_ASSIGNMENTS_TEXT,ReplaceMultiNoAssignmentsText,en-US,GLOBAL,ERROR,ERROR,REPLACE_MULTI,active,,,no assignments.,implemented,core,COMMAND:REPLACE_MULTI,compiled_registry_v1,src/help/helpdata_messages.cpp,true,true,true,,,"owner_scope=COMMAND:REPLACE_MULTI ; facility_derived=REPLACE_MULTI ; default_text_shape=singleline ; source=all_messages() ; enrichment_pending=HELP_TOPIC,CMDHELPCHK"
MSG_REPLACE_MULTI_NO_FI_C39FF86C,REPLACE_MULTI_NO_FILE_OPEN_TEXT,ReplaceMultiNoFileOpenText,en-US,GLOBAL,ERROR,ERROR,REPLACE_MULTI,active,,,no file open.,implemented,core,COMMAND:REPLACE_MULTI,compiled_registry_v1,src/help/helpdata_messages.cpp,true,true,true,,,"owner_scope=COMMAND:REPLACE_MULTI ; facility_derived=REPLACE_MULTI ; default_text_shape=singleline ; source=all_messages() ; enrichment_pending=HELP_TOPIC,CMDHELPCHK"
MSG_REPLACE_MULTI_NO_CU_885DEFD9,REPLACE_MULTI_NO_CURRENT_RECORD_TEXT,ReplaceMultiNoCurrentRecordText,en-US,GLOBAL,ERROR,ERROR,REPLACE_MULTI,active,,,no current record.,implemented,core,COMMAND:REPLACE_MULTI,compiled_registry_v1,src/help/helpdata_messages.cpp,true,true,true,,,"owner_scope=COMMAND:REPLACE_MULTI ; facility_derived=REPLACE_MULTI ; default_text_shape=singleline ; source=all_messages() ; enrichment_pending=HELP_TOPIC,CMDHELPCHK"
MSG_REPLACE_MULTI_RECOR_7781889F,REPLACE_MULTI_RECORD_LOCKED_TEXT,ReplaceMultiRecordLockedText,en-US,GLOBAL,ERROR,ERROR,REPLACE_MULTI,active,,,record is locked ({detail}).,implemented,core,COMMAND:REPLACE_MULTI,compiled_registry_v1,src/help/helpdata_messages.cpp,true,true,true,,,"owner_scope=COMMAND:REPLACE_MULTI ; facility_derived=REPLACE_MULTI ; default_text_shape=singleline ; source=all_messages() ; enrichment_pending=HELP_TOPIC,CMDHELPCHK"
MSG_REPLACE_MULTI_INVAL_718603F8,REPLACE_MULTI_INVALID_DATE_FOR_FIELD_TEXT,ReplaceMultiInvalidDateForFieldText,en-US,GLOBAL,ERROR,ERROR,REPLACE_MULTI,active,,,invalid date for field.,implemented,core,COMMAND:REPLACE_MULTI,compiled_registry_v1,src/help/helpdata_messages.cpp,true,true,true,,,"owner_scope=COMMAND:REPLACE_MULTI ; facility_derived=REPLACE_MULTI ; default_text_shape=singleline ; source=all_messages() ; enrichment_pending=HELP_TOPIC,CMDHELPCHK"
MSG_REPLACE_MULTI_INVAL_187A0C45,REPLACE_MULTI_INVALID_LOGICAL_FOR_FIELD_TEXT,ReplaceMultiInvalidLogicalForFieldText,en-US,GLOBAL,ERROR,ERROR,REPLACE_MULTI,active,,,invalid logical for field.,implemented,core,COMMAND:REPLACE_MULTI,compiled_registry_v1,src/help/helpdata_messages.cpp,true,true,true,,,"owner_scope=COMMAND:REPLACE_MULTI ; facility_derived=REPLACE_MULTI ; default_text_shape=singleline ; source=all_messages() ; enrichment_pending=HELP_TOPIC,CMDHELPCHK"
MSG_REPLACE_MULTI_INVAL_916CE490,REPLACE_MULTI_INVALID_NUMERIC_FOR_FIELD_TEXT,ReplaceMultiInvalidNumericForFieldText,en-US,GLOBAL,ERROR,ERROR,REPLACE_MULTI,active,,,invalid numeric for field.,implemented,core,COMMAND:REPLACE_MULTI,compiled_registry_v1,src/help/helpdata_messages.cpp,true,true,true,,,"owner_scope=COMMAND:REPLACE_MULTI ; facility_derived=REPLACE_MULTI ; default_text_shape=singleline ; source=all_messages() ; enrichment_pending=HELP_TOPIC,CMDHELPCHK"
MSG_REPLACE_MULTI_INVAL_7DDE15F2,REPLACE_MULTI_INVALID_FLOAT_FOR_FIELD_TEXT,ReplaceMultiInvalidFloatForFieldText,en-US,GLOBAL,ERROR,ERROR,REPLACE_MULTI,active,,,invalid float for field.,implemented,core,COMMAND:REPLACE_MULTI,compiled_registry_v1,src/help/helpdata_messages.cpp,true,true,true,,,"owner_scope=COMMAND:REPLACE_MULTI ; facility_derived=REPLACE_MULTI ; default_text_shape=singleline ; source=all_messages() ; enrichment_pending=HELP_TOPIC,CMDHELPCHK"
MSG_REPLACE_MULTI_INVAL_2FC4FF55,REPLACE_MULTI_INVALID_INT32_FOR_FIELD_TEXT,ReplaceMultiInvalidInt32ForFieldText,en-US,GLOBAL,ERROR,ERROR,REPLACE_MULTI,active,,,invalid int32 for field.,implemented,core,COMMAND:REPLACE_MULTI,compiled_registry_v1,src/help/helpdata_messages.cpp,true,true,true,,,"owner_scope=COMMAND:REPLACE_MULTI ; facility_derived=REPLACE_MULTI ; default_text_shape=singleline ; source=all_messages() ; enrichment_pending=HELP_TOPIC,CMDHELPCHK"
MSG_REPLACE_MULTI_INVAL_3B95D986,REPLACE_MULTI_INVALID_DOUBLE_FOR_FIELD_TEXT,ReplaceMultiInvalidDoubleForFieldText,en-US,GLOBAL,ERROR,ERROR,REPLACE_MULTI,active,,,invalid double for field.,implemented,core,COMMAND:REPLACE_MULTI,compiled_registry_v1,src/help/helpdata_messages.cpp,true,true,true,,,"owner_scope=COMMAND:REPLACE_MULTI ; facility_derived=REPLACE_MULTI ; default_text_shape=singleline ; source=all_messages() ; enrichment_pending=HELP_TOPIC,CMDHELPCHK"
MSG_REPLACE_MULTI_INVAL_FC195817,REPLACE_MULTI_INVALID_CURRENCY_FOR_FIELD_TEXT,ReplaceMultiInvalidCurrencyForFieldText,en-US,GLOBAL,ERROR,ERROR,REPLACE_MULTI,active,,,invalid currency for field.,implemented,core,COMMAND:REPLACE_MULTI,compiled_registry_v1,src/help/helpdata_messages.cpp,true,true,true,,,"owner_scope=COMMAND:REPLACE_MULTI ; facility_derived=REPLACE_MULTI ; default_text_shape=singleline ; source=all_messages() ; enrichment_pending=HELP_TOPIC,CMDHELPCHK"
MSG_REPLACE_MULTI_DETAI_B4ACE649,REPLACE_MULTI_DETAIL_TEXT,ReplaceMultiDetailText,en-US,GLOBAL,ERROR,ERROR,REPLACE_MULTI,active,,,{detail},implemented,core,COMMAND:REPLACE_MULTI,compiled_registry_v1,src/help/helpdata_messages.cpp,true,true,true,,,"owner_scope=COMMAND:REPLACE_MULTI ; facility_derived=REPLACE_MULTI ; default_text_shape=singleline ; source=all_messages() ; enrichment_pending=HELP_TOPIC,CMDHELPCHK"
MSG_REPLACE_MULTI_MEMO__8EBDECCA,REPLACE_MULTI_MEMO_BACKEND_NOT_ATTACHED_TEXT,ReplaceMultiMemoBackendNotAttachedText,en-US,GLOBAL,ERROR,ERROR,REPLACE_MULTI,active,,,memo backend not attached.,implemented,core,COMMAND:REPLACE_MULTI,compiled_registry_v1,src/help/helpdata_messages.cpp,true,true,true,,,"owner_scope=COMMAND:REPLACE_MULTI ; facility_derived=REPLACE_MULTI ; default_text_shape=singleline ; source=all_messages() ; enrichment_pending=HELP_TOPIC,CMDHELPCHK"
MSG_REPLACE_MULTI_MEMO__ADC9E9DE,REPLACE_MULTI_MEMO_WRITE_FAILED_TEXT,ReplaceMultiMemoWriteFailedText,en-US,GLOBAL,ERROR,ERROR,REPLACE_MULTI,active,,,memo write failed{detail},implemented,core,COMMAND:REPLACE_MULTI,compiled_registry_v1,src/help/helpdata_messages.cpp,true,true,true,,,"owner_scope=COMMAND:REPLACE_MULTI ; facility_derived=REPLACE_MULTI ; default_text_shape=singleline ; source=all_messages() ; enrichment_pending=HELP_TOPIC,CMDHELPCHK"
MSG_REPLACE_MULTI_STORE_96FB954A,REPLACE_MULTI_STORE_MEMO_TOKEN_FAILED_TEXT,ReplaceMultiStoreMemoTokenFailedText,en-US,GLOBAL,ERROR,ERROR,REPLACE_MULTI,active,,,failed to store memo token in DBF field.,implemented,core,COMMAND:REPLACE_MULTI,compiled_registry_v1,src/help/helpdata_messages.cpp,true,true,true,,,"owner_scope=COMMAND:REPLACE_MULTI ; facility_derived=REPLACE_MULTI ; default_text_shape=singleline ; source=all_messages() ; enrichment_pending=HELP_TOPIC,CMDHELPCHK"
MSG_REPLACE_MULTI_FIELD_53A2529F,REPLACE_MULTI_FIELD_SET_FAILED_TEXT,ReplaceMultiFieldSetFailedText,en-US,GLOBAL,ERROR,ERROR,REPLACE_MULTI,active,,,field set failed.,implemented,core,COMMAND:REPLACE_MULTI,compiled_registry_v1,src/help/helpdata_messages.cpp,true,true,true,,,"owner_scope=COMMAND:REPLACE_MULTI ; facility_derived=REPLACE_MULTI ; default_text_shape=singleline ; source=all_messages() ; enrichment_pending=HELP_TOPIC,CMDHELPCHK"
MSG_REPLACE_MULTI_EXCEP_516ADEA3,REPLACE_MULTI_EXCEPTION_DURING_WRITE_TEXT,ReplaceMultiExceptionDuringWriteText,en-US,GLOBAL,ERROR,ERROR,REPLACE_MULTI,active,,,exception during write.,implemented,core,COMMAND:REPLACE_MULTI,compiled_registry_v1,src/help/helpdata_messages.cpp,true,true,true,,,"owner_scope=COMMAND:REPLACE_MULTI ; facility_derived=REPLACE_MULTI ; default_text_shape=singleline ; source=all_messages() ; enrichment_pending=HELP_TOPIC,CMDHELPCHK"
MSG_REPLACE_MULTI_WRITE_CDE5EDEB,REPLACE_MULTI_WRITE_FAILED_TEXT,ReplaceMultiWriteFailedText,en-US,GLOBAL,ERROR,ERROR,REPLACE_MULTI,active,,,write failed.,implemented,core,COMMAND:REPLACE_MULTI,compiled_registry_v1,src/help/helpdata_messages.cpp,true,true,true,,,"owner_scope=COMMAND:REPLACE_MULTI ; facility_derived=REPLACE_MULTI ; default_text_shape=singleline ; source=all_messages() ; enrichment_pending=HELP_TOPIC,CMDHELPCHK"
MSG_REPLACE_MULTI_UPDAT_A43AA6F0,REPLACE_MULTI_UPDATED_FIELDS_TEXT,ReplaceMultiUpdatedFieldsText,en-US,GLOBAL,STATUS,INFO,REPLACE_MULTI,active,,,updated {count} field(s).,implemented,core,COMMAND:REPLACE_MULTI,compiled_registry_v1,src/help/helpdata_messages.cpp,true,true,true,,,"owner_scope=COMMAND:REPLACE_MULTI ; facility_derived=REPLACE_MULTI ; default_text_shape=singleline ; source=all_messages() ; enrichment_pending=HELP_TOPIC,CMDHELPCHK"
MSG_UNSUPPORTED_MESSAGE_C1E9DCCA,UNSUPPORTED_MESSAGE_LOCALE,UnsupportedMessageLocale,en-US,GLOBAL,ERROR,ERROR,MESSAGING,active,,,Unsupported message locale: {locale},implemented,core,SUBSYSTEM:MESSAGING,compiled_registry_v1,src/help/helpdata_messages.cpp,true,true,true,,,"owner_scope=SUBSYSTEM:MESSAGING ; facility_derived=MESSAGING ; default_text_shape=singleline ; source=all_messages() ; enrichment_pending=HELP_TOPIC,CMDHELPCHK"
MSG_UNKNOWN_COMMAND_0D555EBC,UNKNOWN_COMMAND,UnknownCommand,en-US,GLOBAL,ERROR,ERROR,UNKNOWN,active,,,Unknown command: {command},implemented,core,GLOBAL,compiled_registry_v1,src/help/helpdata_messages.cpp,true,true,true,,,"owner_scope=GLOBAL ; facility_derived=UNKNOWN ; default_text_shape=singleline ; source=all_messages() ; enrichment_pending=HELP_TOPIC,CMDHELPCHK"
MSG_MACRO_UNDEFINED_VAR_52747EC0,MACRO_UNDEFINED_VARIABLE,MacroUndefinedVariable,en-US,GLOBAL,ERROR,ERROR,MACRO,active,,,MACRO: undefined variable: {name},implemented,core,GLOBAL,compiled_registry_v1,src/help/helpdata_messages.cpp,true,true,true,,,"owner_scope=GLOBAL ; facility_derived=MACRO ; default_text_shape=singleline ; source=all_messages() ; enrichment_pending=HELP_TOPIC,CMDHELPCHK"
MSG_MISSING_ARGUMENT_12CD14CF,MISSING_ARGUMENT,MissingArgument,en-US,GLOBAL,ERROR,ERROR,MISSING,active,,,Missing required argument.,implemented,core,GLOBAL,compiled_registry_v1,src/help/helpdata_messages.cpp,true,true,true,,,"owner_scope=GLOBAL ; facility_derived=MISSING ; default_text_shape=singleline ; source=all_messages() ; enrichment_pending=HELP_TOPIC,CMDHELPCHK"
MSG_TOO_MANY_ARGUMENTS_B783E2A3,TOO_MANY_ARGUMENTS,TooManyArguments,en-US,GLOBAL,ERROR,ERROR,TOO,active,,,Too many arguments.,implemented,core,GLOBAL,compiled_registry_v1,src/help/helpdata_messages.cpp,true,true,true,,,"owner_scope=GLOBAL ; facility_derived=TOO ; default_text_shape=singleline ; source=all_messages() ; enrichment_pending=HELP_TOPIC,CMDHELPCHK"
MSG_INVALID_SYNTAX_80AFA495,INVALID_SYNTAX,InvalidSyntax,en-US,GLOBAL,ERROR,ERROR,INVALID,active,,,Invalid command syntax.,implemented,core,GLOBAL,compiled_registry_v1,src/help/helpdata_messages.cpp,true,true,true,,,"owner_scope=GLOBAL ; facility_derived=INVALID ; default_text_shape=singleline ; source=all_messages() ; enrichment_pending=HELP_TOPIC,CMDHELPCHK"
MSG_INVALID_OPTION_1CC23A83,INVALID_OPTION,InvalidOption,en-US,GLOBAL,ERROR,ERROR,INVALID,active,,,Invalid option: {option},implemented,core,GLOBAL,compiled_registry_v1,src/help/helpdata_messages.cpp,true,true,true,,,"owner_scope=GLOBAL ; facility_derived=INVALID ; default_text_shape=singleline ; source=all_messages() ; enrichment_pending=HELP_TOPIC,CMDHELPCHK"
MSG_COMMAND_NOT_IMPLEME_B30BCAC5,COMMAND_NOT_IMPLEMENTED,CommandNotImplemented,en-US,GLOBAL,STATUS,WARNING,COMMAND,active,,,Command is recognized but not implemented: {command},implemented,core,GLOBAL,compiled_registry_v1,src/help/helpdata_messages.cpp,true,true,true,,,"owner_scope=GLOBAL ; facility_derived=COMMAND ; default_text_shape=singleline ; source=all_messages() ; enrichment_pending=HELP_TOPIC,CMDHELPCHK"
MSG_COMMAND_DEPRECATED_187CF867,COMMAND_DEPRECATED,CommandDeprecated,en-US,GLOBAL,DEPRECATION,WARNING,COMMAND,active,,,Command is deprecated: {command},implemented,core,GLOBAL,compiled_registry_v1,src/help/helpdata_messages.cpp,true,true,true,,,"owner_scope=GLOBAL ; facility_derived=COMMAND ; default_text_shape=singleline ; source=all_messages() ; enrichment_pending=HELP_TOPIC,CMDHELPCHK"
MSG_GLOBAL_USAGE_TITLE_2472EAE4,GLOBAL_USAGE_TITLE,GlobalUsageTitle,en-US,GLOBAL,STATUS,INFO,GLOBAL,active,,,Usage:,implemented,core,GLOBAL,compiled_registry_v1,src/help/helpdata_messages.cpp,true,true,true,,,"owner_scope=GLOBAL ; facility_derived=GLOBAL ; default_text_shape=singleline ; source=all_messages() ; enrichment_pending=HELP_TOPIC,CMDHELPCHK"
MSG_GLOBAL_SYNTAX_TITLE_CDBB9D91,GLOBAL_SYNTAX_TITLE,GlobalSyntaxTitle,en-US,GLOBAL,STATUS,INFO,GLOBAL,active,,,Syntax:,implemented,core,GLOBAL,compiled_registry_v1,src/help/helpdata_messages.cpp,true,true,true,,,"owner_scope=GLOBAL ; facility_derived=GLOBAL ; default_text_shape=singleline ; source=all_messages() ; enrichment_pending=HELP_TOPIC,CMDHELPCHK"
MSG_GLOBAL_EXAMPLES_TIT_071D7EF0,GLOBAL_EXAMPLES_TITLE,GlobalExamplesTitle,en-US,GLOBAL,STATUS,INFO,GLOBAL,active,,,Examples:,implemented,core,GLOBAL,compiled_registry_v1,src/help/helpdata_messages.cpp,true,true,true,,,"owner_scope=GLOBAL ; facility_derived=GLOBAL ; default_text_shape=singleline ; source=all_messages() ; enrichment_pending=HELP_TOPIC,CMDHELPCHK"
MSG_GLOBAL_DIRECT_ALIAS_EF72AE8D,GLOBAL_DIRECT_ALIAS_TITLE,GlobalDirectAliasTitle,en-US,GLOBAL,STATUS,INFO,GLOBAL,active,,,Direct alias:,implemented,core,GLOBAL,compiled_registry_v1,src/help/helpdata_messages.cpp,true,true,true,,,"owner_scope=GLOBAL ; facility_derived=GLOBAL ; default_text_shape=singleline ; source=all_messages() ; enrichment_pending=HELP_TOPIC,CMDHELPCHK"
MSG_GLOBAL_DEFAULTS_TIT_87E7A404,GLOBAL_DEFAULTS_TITLE,GlobalDefaultsTitle,en-US,GLOBAL,STATUS,INFO,GLOBAL,active,,,Defaults:,implemented,core,GLOBAL,compiled_registry_v1,src/help/helpdata_messages.cpp,true,true,true,,,"owner_scope=GLOBAL ; facility_derived=GLOBAL ; default_text_shape=singleline ; source=all_messages() ; enrichment_pending=HELP_TOPIC,CMDHELPCHK"
MSG_GLOBAL_NOTES_TITLE_B0DC0D84,GLOBAL_NOTES_TITLE,GlobalNotesTitle,en-US,GLOBAL,STATUS,INFO,GLOBAL,active,,,Notes:,implemented,core,GLOBAL,compiled_registry_v1,src/help/helpdata_messages.cpp,true,true,true,,,"owner_scope=GLOBAL ; facility_derived=GLOBAL ; default_text_shape=singleline ; source=all_messages() ; enrichment_pending=HELP_TOPIC,CMDHELPCHK"
MSG_GLOBAL_WARNINGS_TIT_4E749C12,GLOBAL_WARNINGS_TITLE,GlobalWarningsTitle,en-US,GLOBAL,STATUS,INFO,GLOBAL,active,,,Warnings:,implemented,core,GLOBAL,compiled_registry_v1,src/help/helpdata_messages.cpp,true,true,true,,,"owner_scope=GLOBAL ; facility_derived=GLOBAL ; default_text_shape=singleline ; source=all_messages() ; enrichment_pending=HELP_TOPIC,CMDHELPCHK"
MSG_GLOBAL_CATEGORY_LIN_57632E8B,GLOBAL_CATEGORY_LINE,GlobalCategoryLine,en-US,GLOBAL,STATUS,INFO,GLOBAL,active,,,Category: {value},implemented,core,GLOBAL,compiled_registry_v1,src/help/helpdata_messages.cpp,true,true,true,,,"owner_scope=GLOBAL ; facility_derived=GLOBAL ; default_text_shape=singleline ; source=all_messages() ; enrichment_pending=HELP_TOPIC,CMDHELPCHK"
MSG_GLOBAL_ARGUMENTS_LI_B41289B6,GLOBAL_ARGUMENTS_LINE,GlobalArgumentsLine,en-US,GLOBAL,STATUS,INFO,GLOBAL,active,,,Arguments: {min}..{max},implemented,core,GLOBAL,compiled_registry_v1,src/help/helpdata_messages.cpp,true,true,true,,,"owner_scope=GLOBAL ; facility_derived=GLOBAL ; default_text_shape=singleline ; source=all_messages() ; enrichment_pending=HELP_TOPIC,CMDHELPCHK"
MSG_GLOBAL_ALIASES_LINE_951A28D4,GLOBAL_ALIASES_LINE,GlobalAliasesLine,en-US,GLOBAL,STATUS,INFO,GLOBAL,active,,,Aliases: {value},implemented,core,GLOBAL,compiled_registry_v1,src/help/helpdata_messages.cpp,true,true,true,,,"owner_scope=GLOBAL ; facility_derived=GLOBAL ; default_text_shape=singleline ; source=all_messages() ; enrichment_pending=HELP_TOPIC,CMDHELPCHK"
MSG_GLOBAL_SUBCOMMANDS__D6CF441C,GLOBAL_SUBCOMMANDS_TITLE,GlobalSubcommandsTitle,en-US,GLOBAL,STATUS,INFO,GLOBAL,active,,,Subcommands:,implemented,core,GLOBAL,compiled_registry_v1,src/help/helpdata_messages.cpp,true,true,true,,,"owner_scope=GLOBAL ; facility_derived=GLOBAL ; default_text_shape=singleline ; source=all_messages() ; enrichment_pending=HELP_TOPIC,CMDHELPCHK"
MSG_GLOBAL_DEV_TRANSITI_7D425813,GLOBAL_DEV_TRANSITIONAL_TITLE,GlobalDevTransitionalTitle,en-US,GLOBAL,STATUS,INFO,GLOBAL,active,,,Dev / Transitional:,implemented,core,GLOBAL,compiled_registry_v1,src/help/helpdata_messages.cpp,true,true,true,,,"owner_scope=GLOBAL ; facility_derived=GLOBAL ; default_text_shape=singleline ; source=all_messages() ; enrichment_pending=HELP_TOPIC,CMDHELPCHK"
MSG_GLOBAL_FUNCTION_FAL_84CC7DD7,GLOBAL_FUNCTION_FALLBACK_SYNTAX_LINE,GlobalFunctionFallbackSyntaxLine,en-US,GLOBAL,STATUS,INFO,GLOBAL,active,,,{name}(...),implemented,core,GLOBAL,compiled_registry_v1,src/help/helpdata_messages.cpp,true,true,true,,,"owner_scope=GLOBAL ; facility_derived=GLOBAL ; default_text_shape=singleline ; source=all_messages() ; enrichment_pending=HELP_TOPIC,CMDHELPCHK"
MSG_NO_OPEN_TABLE_6EE82A39,NO_OPEN_TABLE,NoOpenTable,en-US,GLOBAL,ERROR,ERROR,DBAREA,active,,,No table is currently open.,implemented,core,SUBSYSTEM:DBAREA,compiled_registry_v1,src/help/helpdata_messages.cpp,true,true,true,,,"owner_scope=SUBSYSTEM:DBAREA ; facility_derived=DBAREA ; default_text_shape=singleline ; source=all_messages() ; enrichment_pending=HELP_TOPIC,CMDHELPCHK"
MSG_NO_SELECTED_AREA_87BB5DA4,NO_SELECTED_AREA,NoSelectedArea,en-US,GLOBAL,ERROR,ERROR,DBAREA,active,,,No current work area is selected.,implemented,core,SUBSYSTEM:DBAREA,compiled_registry_v1,src/help/helpdata_messages.cpp,true,true,true,,,"owner_scope=SUBSYSTEM:DBAREA ; facility_derived=DBAREA ; default_text_shape=singleline ; source=all_messages() ; enrichment_pending=HELP_TOPIC,CMDHELPCHK"
MSG_NO_ACTIVE_INDEX_F31BA6CB,NO_ACTIVE_INDEX,NoActiveIndex,en-US,GLOBAL,ERROR,ERROR,XINDEX,active,,,No active index.,implemented,core,SUBSYSTEM:XINDEX,compiled_registry_v1,src/help/helpdata_messages.cpp,true,true,true,,,"owner_scope=SUBSYSTEM:XINDEX ; facility_derived=XINDEX ; default_text_shape=singleline ; source=all_messages() ; enrichment_pending=HELP_TOPIC,CMDHELPCHK"
MSG_FIND_FOUND_TEXT_FEEF8916,FIND_FOUND_TEXT,FindFoundText,en-US,GLOBAL,STATUS,INFO,FIND,active,,,Found.,implemented,core,COMMAND:FIND,compiled_registry_v1,src/help/helpdata_messages.cpp,true,true,true,,,"owner_scope=COMMAND:FIND ; facility_derived=FIND ; default_text_shape=singleline ; source=all_messages() ; enrichment_pending=HELP_TOPIC,CMDHELPCHK"
MSG_FIND_NOT_FOUND_TEXT_36749079,FIND_NOT_FOUND_TEXT,FindNotFoundText,en-US,GLOBAL,STATUS,INFO,FIND,active,,,Not found.,implemented,core,COMMAND:FIND,compiled_registry_v1,src/help/helpdata_messages.cpp,true,true,true,,,"owner_scope=COMMAND:FIND ; facility_derived=FIND ; default_text_shape=singleline ; source=all_messages() ; enrichment_pending=HELP_TOPIC,CMDHELPCHK"
MSG_SEEK_EMPTY_TEXT_EA35FAA6,SEEK_EMPTY_TEXT,SeekEmptyText,en-US,GLOBAL,STATUS,INFO,SEEK,active,,,(empty),implemented,core,COMMAND:SEEK,compiled_registry_v1,src/help/helpdata_messages.cpp,true,true,true,,,"owner_scope=COMMAND:SEEK ; facility_derived=SEEK ; default_text_shape=singleline ; source=all_messages() ; enrichment_pending=HELP_TOPIC,CMDHELPCHK"
MSG_SMARTLIST_USAGE_TEX_74936E92,SMARTLIST_USAGE_TEXT,SmartlistUsageText,en-US,GLOBAL,USAGE,INFO,SMARTLIST,active,,,Usage: / SMARTLIST / SMARTLIST USAGE / SMARTLIST <fields> / SMARTLIST ALL / SMARTLIST <limit> / SMARTLIST NEXT <n> / SMARTLIST FIRST <n> / SMARTLIST DELETED / SMARTLIST DEBUG / SMA,implemented,core,COMMAND:SMARTLIST,compiled_registry_v1,src/help/helpdata_messages.cpp,true,true,true,,,"owner_scope=COMMAND:SMARTLIST ; facility_derived=SMARTLIST ; default_text_shape=multiline ; source=all_messages() ; enrichment_pending=HELP_TOPIC,CMDHELPCHK"
MSG_SMARTLIST_UNKNOWN_P_9F79E996,SMARTLIST_UNKNOWN_PROJECTION_FIELD_TEXT,SmartlistUnknownProjectionFieldText,en-US,GLOBAL,WARNING,WARNING,SMARTLIST,active,,,unknown projection field '{field}'; using full row.,implemented,core,COMMAND:SMARTLIST,compiled_registry_v1,src/help/helpdata_messages.cpp,true,true,true,,,"owner_scope=COMMAND:SMARTLIST ; facility_derived=SMARTLIST ; default_text_shape=singleline ; source=all_messages() ; enrichment_pending=HELP_TOPIC,CMDHELPCHK"
MSG_SEEK_TRACE_STATUS_T_217C377F,SEEK_TRACE_STATUS_TEXT,SeekTraceStatusText,en-US,GLOBAL,STATUS,INFO,SEEK,active,,,SEEK TRACE is {state}.,implemented,core,COMMAND:SEEK,compiled_registry_v1,src/help/helpdata_messages.cpp,true,true,true,,,"owner_scope=COMMAND:SEEK ; facility_derived=SEEK ; default_text_shape=singleline ; source=all_messages() ; enrichment_pending=HELP_TOPIC,CMDHELPCHK"
MSG_SEEK_UNKNOWN_FIELD__BEEAA040,SEEK_UNKNOWN_FIELD_TEXT,SeekUnknownFieldText,en-US,GLOBAL,ERROR,ERROR,SEEK,active,,,unknown field: {field},implemented,core,COMMAND:SEEK,compiled_registry_v1,src/help/helpdata_messages.cpp,true,true,true,,,"owner_scope=COMMAND:SEEK ; facility_derived=SEEK ; default_text_shape=singleline ; source=all_messages() ; enrichment_pending=HELP_TOPIC,CMDHELPCHK"
MSG_SEEK_FOUND_AT_TEXT_689791D7,SEEK_FOUND_AT_TEXT,SeekFoundAtText,en-US,GLOBAL,STATUS,INFO,SEEK,active,,,Found at {recno}.,implemented,core,COMMAND:SEEK,compiled_registry_v1,src/help/helpdata_messages.cpp,true,true,true,,,"owner_scope=COMMAND:SEEK ; facility_derived=SEEK ; default_text_shape=singleline ; source=all_messages() ; enrichment_pending=HELP_TOPIC,CMDHELPCHK"
MSG_SEEK_NEAR_MATCH_AT__94763BAD,SEEK_NEAR_MATCH_AT_TEXT,SeekNearMatchAtText,en-US,GLOBAL,STATUS,INFO,SEEK,active,,,Near match at {recno}.,implemented,core,COMMAND:SEEK,compiled_registry_v1,src/help/helpdata_messages.cpp,true,true,true,,,"owner_scope=COMMAND:SEEK ; facility_derived=SEEK ; default_text_shape=singleline ; source=all_messages() ; enrichment_pending=HELP_TOPIC,CMDHELPCHK"
MSG_SEEK_NOT_FOUND_TEXT_029A38DB,SEEK_NOT_FOUND_TEXT,SeekNotFoundText,en-US,GLOBAL,STATUS,INFO,SEEK,active,,,Not found.,implemented,core,COMMAND:SEEK,compiled_registry_v1,src/help/helpdata_messages.cpp,true,true,true,,,"owner_scope=COMMAND:SEEK ; facility_derived=SEEK ; default_text_shape=singleline ; source=all_messages() ; enrichment_pending=HELP_TOPIC,CMDHELPCHK"
MSG_ASCEND_USAGE_TEXT_5D94029E,ASCEND_USAGE_TEXT,AscendUsageText,en-US,GLOBAL,USAGE,INFO,ASCEND,active,,,Usage: / ASCEND / ASCEND USAGE /,implemented,core,COMMAND:ASCEND,compiled_registry_v1,src/help/helpdata_messages.cpp,true,true,true,,,"owner_scope=COMMAND:ASCEND ; facility_derived=ASCEND ; default_text_shape=multiline ; source=all_messages() ; enrichment_pending=HELP_TOPIC,CMDHELPCHK"
MSG_ORDER_ASCENDING_SET_45BA4B76,ORDER_ASCENDING_SET,OrderAscendingSet,en-US,GLOBAL,STATUS,INFO,XINDEX,active,,,Order: ASCENDING.,implemented,core,SUBSYSTEM:XINDEX,compiled_registry_v1,src/help/helpdata_messages.cpp,true,true,true,,,"owner_scope=SUBSYSTEM:XINDEX ; facility_derived=XINDEX ; default_text_shape=singleline ; source=all_messages() ; enrichment_pending=HELP_TOPIC,CMDHELPCHK"
MSG_AREA_USAGE_READ_ONL_A501D815,AREA_USAGE_READ_ONLY_NOTE,AreaUsageReadOnlyNote,en-US,GLOBAL,STATUS,INFO,AREA,active,,,AREA is read-only; it reports the current area slot/file/order state.,implemented,core,COMMAND:AREA,compiled_registry_v1,src/help/helpdata_messages.cpp,true,true,true,,,"owner_scope=COMMAND:AREA ; facility_derived=AREA ; default_text_shape=singleline ; source=all_messages() ; enrichment_pending=HELP_TOPIC,CMDHELPCHK"
MSG_AREA_CURRENT_AREA_L_49C56D19,AREA_CURRENT_AREA_LINE,AreaCurrentAreaLine,en-US,GLOBAL,STATUS,INFO,AREA,active,,,Current area: {index} of {occupied},implemented,core,COMMAND:AREA,compiled_registry_v1,src/help/helpdata_messages.cpp,true,true,true,,,"owner_scope=COMMAND:AREA ; facility_derived=AREA ; default_text_shape=singleline ; source=all_messages() ; enrichment_pending=HELP_TOPIC,CMDHELPCHK"
MSG_AREA_CURRENT_AREA_U_02416F8D,AREA_CURRENT_AREA_UNKNOWN_LINE,AreaCurrentAreaUnknownLine,en-US,GLOBAL,STATUS,INFO,AREA,active,,,Current area: (unknown),implemented,core,COMMAND:AREA,compiled_registry_v1,src/help/helpdata_messages.cpp,true,true,true,,,"owner_scope=COMMAND:AREA ; facility_derived=AREA ; default_text_shape=singleline ; source=all_messages() ; enrichment_pending=HELP_TOPIC,CMDHELPCHK"
MSG_AREA_NO_FILE_OPEN_L_5404D1E6,AREA_NO_FILE_OPEN_LINE,AreaNoFileOpenLine,en-US,GLOBAL,STATUS,INFO,AREA,active,,,(no file open in Area),implemented,core,COMMAND:AREA,compiled_registry_v1,src/help/helpdata_messages.cpp,true,true,true,,,"owner_scope=COMMAND:AREA ; facility_derived=AREA ; default_text_shape=singleline ; source=all_messages() ; enrichment_pending=HELP_TOPIC,CMDHELPCHK"
MSG_AREA_FILE_SUMMARY_L_A33E3CA4,AREA_FILE_SUMMARY_LINE,AreaFileSummaryLine,en-US,GLOBAL,STATUS,INFO,AREA,active,,,File: {label} Recs: {recs} Recno: {recno},implemented,core,COMMAND:AREA,compiled_registry_v1,src/help/helpdata_messages.cpp,true,true,true,,,"owner_scope=COMMAND:AREA ; facility_derived=AREA ; default_text_shape=singleline ; source=all_messages() ; enrichment_pending=HELP_TOPIC,CMDHELPCHK"
MSG_AREA_DBF_ABSOLUTE_L_1A2877A6,AREA_DBF_ABSOLUTE_LINE,AreaDbfAbsoluteLine,en-US,GLOBAL,STATUS,INFO,AREA,active,,,DBF (abs) : {value},implemented,core,COMMAND:AREA,compiled_registry_v1,src/help/helpdata_messages.cpp,true,true,true,,,"owner_scope=COMMAND:AREA ; facility_derived=AREA ; default_text_shape=singleline ; source=all_messages() ; enrichment_pending=HELP_TOPIC,CMDHELPCHK"
MSG_AREA_DBF_FLAVOR_LIN_772E7482,AREA_DBF_FLAVOR_LINE,AreaDbfFlavorLine,en-US,GLOBAL,STATUS,INFO,AREA,active,,,DBF Flavor : {value},implemented,core,COMMAND:AREA,compiled_registry_v1,src/help/helpdata_messages.cpp,true,true,true,,,"owner_scope=COMMAND:AREA ; facility_derived=AREA ; default_text_shape=singleline ; source=all_messages() ; enrichment_pending=HELP_TOPIC,CMDHELPCHK"
MSG_AREA_RUNTIME_KIND_L_C0EDEBC0,AREA_RUNTIME_KIND_LINE,AreaRuntimeKindLine,en-US,GLOBAL,STATUS,INFO,AREA,active,,,Runtime kind : {value},implemented,core,COMMAND:AREA,compiled_registry_v1,src/help/helpdata_messages.cpp,true,true,true,,,"owner_scope=COMMAND:AREA ; facility_derived=AREA ; default_text_shape=singleline ; source=all_messages() ; enrichment_pending=HELP_TOPIC,CMDHELPCHK"
MSG_AREA_LOGICAL_NAME_L_C85C1BB8,AREA_LOGICAL_NAME_LINE,AreaLogicalNameLine,en-US,GLOBAL,STATUS,INFO,AREA,active,,,Logical name : {value},implemented,core,COMMAND:AREA,compiled_registry_v1,src/help/helpdata_messages.cpp,true,true,true,,,"owner_scope=COMMAND:AREA ; facility_derived=AREA ; default_text_shape=singleline ; source=all_messages() ; enrichment_pending=HELP_TOPIC,CMDHELPCHK"
MSG_AREA_LEGACY_NAME_LI_735BC6A0,AREA_LEGACY_NAME_LINE,AreaLegacyNameLine,en-US,GLOBAL,STATUS,INFO,AREA,active,,,Legacy name() : {value},implemented,core,COMMAND:AREA,compiled_registry_v1,src/help/helpdata_messages.cpp,true,true,true,,,"owner_scope=COMMAND:AREA ; facility_derived=AREA ; default_text_shape=singleline ; source=all_messages() ; enrichment_pending=HELP_TOPIC,CMDHELPCHK"
MSG_AREA_PATH_LINE_D4FFA6F5,AREA_PATH_LINE,AreaPathLine,en-US,GLOBAL,STATUS,INFO,AREA,active,,,Path: {value},implemented,core,COMMAND:AREA,compiled_registry_v1,src/help/helpdata_messages.cpp,true,true,true,,,"owner_scope=COMMAND:AREA ; facility_derived=AREA ; default_text_shape=singleline ; source=all_messages() ; enrichment_pending=HELP_TOPIC,CMDHELPCHK"
MSG_STATUS_USAGE_TEXT_D05C77ED,STATUS_USAGE_TEXT,StatusUsageText,en-US,GLOBAL,STATUS,INFO,STATUS,active,,,Usage: / STATUS (Report current work-area status) / STATUS USAGE (Show this usage) / STATUS ALL (Report all open work areas) / STATUS VERBOSE (Include field structure for current a,implemented,core,COMMAND:STATUS,compiled_registry_v1,src/help/helpdata_messages.cpp,true,true,true,,,"owner_scope=COMMAND:STATUS ; facility_derived=STATUS ; default_text_shape=multiline ; source=all_messages() ; enrichment_pending=HELP_TOPIC,CMDHELPCHK"
MSG_STATUS_AREA_HEADER__5E0AAB8A,STATUS_AREA_HEADER_LINE,StatusAreaHeaderLine,en-US,GLOBAL,STATUS,INFO,STATUS,active,,,Area {slot}: {path} ({base}){current},implemented,core,COMMAND:STATUS,compiled_registry_v1,src/help/helpdata_messages.cpp,true,true,true,,,"owner_scope=COMMAND:STATUS ; facility_derived=STATUS ; default_text_shape=singleline ; source=all_messages() ; enrichment_pending=HELP_TOPIC,CMDHELPCHK"
MSG_STATUS_WORKSPACE_LI_5774728D,STATUS_WORKSPACE_LINE,StatusWorkspaceLine,en-US,GLOBAL,STATUS,INFO,STATUS,active,,,Workspace : {value},implemented,core,COMMAND:STATUS,compiled_registry_v1,src/help/helpdata_messages.cpp,true,true,true,,,"owner_scope=COMMAND:STATUS ; facility_derived=STATUS ; default_text_shape=singleline ; source=all_messages() ; enrichment_pending=HELP_TOPIC,CMDHELPCHK"
MSG_STATUS_DBF_FLAVOR_L_9F47A273,STATUS_DBF_FLAVOR_LINE,StatusDbfFlavorLine,en-US,GLOBAL,STATUS,INFO,STATUS,active,,,DBF Flavor : {value},implemented,core,COMMAND:STATUS,compiled_registry_v1,src/help/helpdata_messages.cpp,true,true,true,,,"owner_scope=COMMAND:STATUS ; facility_derived=STATUS ; default_text_shape=singleline ; source=all_messages() ; enrichment_pending=HELP_TOPIC,CMDHELPCHK"
MSG_STATUS_TAGS_SUMMARY_62C72174,STATUS_TAGS_SUMMARY_LINE,StatusTagsSummaryLine,en-US,GLOBAL,STATUS,INFO,STATUS,active,,,Tags : {value},implemented,core,COMMAND:STATUS,compiled_registry_v1,src/help/helpdata_messages.cpp,true,true,true,,,"owner_scope=COMMAND:STATUS ; facility_derived=STATUS ; default_text_shape=singleline ; source=all_messages() ; enrichment_pending=HELP_TOPIC,CMDHELPCHK"
MSG_STATUS_TAGS_TITLE_10F70658,STATUS_TAGS_TITLE,StatusTagsTitle,en-US,GLOBAL,STATUS,INFO,STATUS,active,,,Tags,implemented,core,COMMAND:STATUS,compiled_registry_v1,src/help/helpdata_messages.cpp,true,true,true,,,"owner_scope=COMMAND:STATUS ; facility_derived=STATUS ; default_text_shape=singleline ; source=all_messages() ; enrichment_pending=HELP_TOPIC,CMDHELPCHK"
MSG_STATUS_RECORDS_LINE_B8DAB395,STATUS_RECORDS_LINE,StatusRecordsLine,en-US,GLOBAL,STATUS,INFO,STATUS,active,,,Records : {value},implemented,core,COMMAND:STATUS,compiled_registry_v1,src/help/helpdata_messages.cpp,true,true,true,,,"owner_scope=COMMAND:STATUS ; facility_derived=STATUS ; default_text_shape=singleline ; source=all_messages() ; enrichment_pending=HELP_TOPIC,CMDHELPCHK"
MSG_STATUS_LMDB_CLOSED__85411030,STATUS_LMDB_CLOSED_LINE,StatusLmdbClosedLine,en-US,GLOBAL,STATUS,INFO,STATUS,active,,,LMDB : (closed),implemented,core,COMMAND:STATUS,compiled_registry_v1,src/help/helpdata_messages.cpp,true,true,true,,,"owner_scope=COMMAND:STATUS ; facility_derived=STATUS ; default_text_shape=singleline ; source=all_messages() ; enrichment_pending=HELP_TOPIC,CMDHELPCHK"
MSG_STATUS_LMDB_ENV_LIN_A506395C,STATUS_LMDB_ENV_LINE,StatusLmdbEnvLine,en-US,GLOBAL,STATUS,INFO,STATUS,active,,,LMDB : envdir={envdir}{tag_clause},implemented,core,COMMAND:STATUS,compiled_registry_v1,src/help/helpdata_messages.cpp,true,true,true,,,"owner_scope=COMMAND:STATUS ; facility_derived=STATUS ; default_text_shape=singleline ; source=all_messages() ; enrichment_pending=HELP_TOPIC,CMDHELPCHK"
MSG_STATUS_FIELDS_TITLE_29AF7ACD,STATUS_FIELDS_TITLE,StatusFieldsTitle,en-US,GLOBAL,STATUS,INFO,STATUS,active,,,Fields ({count}),implemented,core,COMMAND:STATUS,compiled_registry_v1,src/help/helpdata_messages.cpp,true,true,true,,,"owner_scope=COMMAND:STATUS ; facility_derived=STATUS ; default_text_shape=singleline ; source=all_messages() ; enrichment_pending=HELP_TOPIC,CMDHELPCHK"
MSG_STATUS_ORDER_PHYSIC_FF0F3848,STATUS_ORDER_PHYSICAL_LINE,StatusOrderPhysicalLine,en-US,GLOBAL,STATUS,INFO,STATUS,active,,,Order : PHYSICAL,implemented,core,COMMAND:STATUS,compiled_registry_v1,src/help/helpdata_messages.cpp,true,true,true,,,"owner_scope=COMMAND:STATUS ; facility_derived=STATUS ; default_text_shape=singleline ; source=all_messages() ; enrichment_pending=HELP_TOPIC,CMDHELPCHK"
MSG_STRUCT_USAGE_TEXT_81709992,STRUCT_USAGE_TEXT,StructUsageText,en-US,GLOBAL,STATUS,INFO,STRUCT,active,,,Usage: / STRUCT (Current area fields + index info) / STRUCT USAGE (Show this usage) / STRUCT INDEX (Explicit index info mode; default) / STRUCT FIELDS (Fields only) / STRUCT ALL (A,implemented,core,COMMAND:STRUCT,compiled_registry_v1,src/help/helpdata_messages.cpp,true,true,true,,,"owner_scope=COMMAND:STRUCT ; facility_derived=STRUCT ; default_text_shape=multiline ; source=all_messages() ; enrichment_pending=HELP_TOPIC,CMDHELPCHK"
MSG_STRUCT_NO_ENGINE_TE_BC9E044B,STRUCT_NO_ENGINE_TEXT,StructNoEngineText,en-US,GLOBAL,ERROR,ERROR,STRUCT,active,,,No engine available.,implemented,core,COMMAND:STRUCT,compiled_registry_v1,src/help/helpdata_messages.cpp,true,true,true,,,"owner_scope=COMMAND:STRUCT ; facility_derived=STRUCT ; default_text_shape=singleline ; source=all_messages() ; enrichment_pending=HELP_TOPIC,CMDHELPCHK"
MSG_STRUCT_NO_OPEN_AREA_A794DB2C,STRUCT_NO_OPEN_AREAS_TEXT,StructNoOpenAreasText,en-US,GLOBAL,STATUS,INFO,STRUCT,active,,,No open areas.,implemented,core,COMMAND:STRUCT,compiled_registry_v1,src/help/helpdata_messages.cpp,true,true,true,,,"owner_scope=COMMAND:STRUCT ; facility_derived=STRUCT ; default_text_shape=singleline ; source=all_messages() ; enrichment_pending=HELP_TOPIC,CMDHELPCHK"
MSG_STRUCT_NO_FILE_OPEN_6846218F,STRUCT_NO_FILE_OPEN_CURRENT_AREA_TEXT,StructNoFileOpenCurrentAreaText,en-US,GLOBAL,STATUS,INFO,STRUCT,active,,,No file open in current area.,implemented,core,COMMAND:STRUCT,compiled_registry_v1,src/help/helpdata_messages.cpp,true,true,true,,,"owner_scope=COMMAND:STRUCT ; facility_derived=STRUCT ; default_text_shape=singleline ; source=all_messages() ; enrichment_pending=HELP_TOPIC,CMDHELPCHK"
MSG_STRUCT_AREA_HEADER__8A98580E,STRUCT_AREA_HEADER_LINE,StructAreaHeaderLine,en-US,GLOBAL,STATUS,INFO,STRUCT,active,,,Area {slot}: {path} ({base}),implemented,core,COMMAND:STRUCT,compiled_registry_v1,src/help/helpdata_messages.cpp,true,true,true,,,"owner_scope=COMMAND:STRUCT ; facility_derived=STRUCT ; default_text_shape=singleline ; source=all_messages() ; enrichment_pending=HELP_TOPIC,CMDHELPCHK"
MSG_STRUCT_FIELDS_TITLE_7A74C88B,STRUCT_FIELDS_TITLE,StructFieldsTitle,en-US,GLOBAL,STATUS,INFO,STRUCT,active,,,Fields ({count}),implemented,core,COMMAND:STRUCT,compiled_registry_v1,src/help/helpdata_messages.cpp,true,true,true,,,"owner_scope=COMMAND:STRUCT ; facility_derived=STRUCT ; default_text_shape=singleline ; source=all_messages() ; enrichment_pending=HELP_TOPIC,CMDHELPCHK"
MSG_STRUCT_DBFILE_LINE_D92F8BCC,STRUCT_DBFILE_LINE,StructDbfileLine,en-US,GLOBAL,STATUS,INFO,STRUCT,active,,,Dbfile : {path} ({base}),implemented,core,COMMAND:STRUCT,compiled_registry_v1,src/help/helpdata_messages.cpp,true,true,true,,,"owner_scope=COMMAND:STRUCT ; facility_derived=STRUCT ; default_text_shape=singleline ; source=all_messages() ; enrichment_pending=HELP_TOPIC,CMDHELPCHK"
MSG_STRUCT_INDEX_FILE_L_CE228BB9,STRUCT_INDEX_FILE_LINE,StructIndexFileLine,en-US,GLOBAL,STATUS,INFO,STRUCT,active,,,Index file : {value},implemented,core,COMMAND:STRUCT,compiled_registry_v1,src/help/helpdata_messages.cpp,true,true,true,,,"owner_scope=COMMAND:STRUCT ; facility_derived=STRUCT ; default_text_shape=singleline ; source=all_messages() ; enrichment_pending=HELP_TOPIC,CMDHELPCHK"
MSG_STRUCT_TAGS_SUMMARY_A73D7B5A,STRUCT_TAGS_SUMMARY_LINE,StructTagsSummaryLine,en-US,GLOBAL,STATUS,INFO,STRUCT,active,,,Tags : {value},implemented,core,COMMAND:STRUCT,compiled_registry_v1,src/help/helpdata_messages.cpp,true,true,true,,,"owner_scope=COMMAND:STRUCT ; facility_derived=STRUCT ; default_text_shape=singleline ; source=all_messages() ; enrichment_pending=HELP_TOPIC,CMDHELPCHK"
MSG_STRUCT_ACTIVE_TAG_L_94D00C87,STRUCT_ACTIVE_TAG_LINE,StructActiveTagLine,en-US,GLOBAL,STATUS,INFO,STRUCT,active,,,Active tag : {value},implemented,core,COMMAND:STRUCT,compiled_registry_v1,src/help/helpdata_messages.cpp,true,true,true,,,"owner_scope=COMMAND:STRUCT ; facility_derived=STRUCT ; default_text_shape=singleline ; source=all_messages() ; enrichment_pending=HELP_TOPIC,CMDHELPCHK"
MSG_STRUCT_CNX_TAGS_VER_FADC3A8C,STRUCT_CNX_TAGS_VERBOSE_TITLE,StructCnxTagsVerboseTitle,en-US,GLOBAL,STATUS,INFO,STRUCT,active,,,CNX Tags (verbose),implemented,core,COMMAND:STRUCT,compiled_registry_v1,src/help/helpdata_messages.cpp,true,true,true,,,"owner_scope=COMMAND:STRUCT ; facility_derived=STRUCT ; default_text_shape=singleline ; source=all_messages() ; enrichment_pending=HELP_TOPIC,CMDHELPCHK"
MSG_STRUCT_CNX_MARKS_AC_80DFC336,STRUCT_CNX_MARKS_ACTIVE_NOTE,StructCnxMarksActiveNote,en-US,GLOBAL,STATUS,INFO,STRUCT,active,,,* marks active,implemented,core,COMMAND:STRUCT,compiled_registry_v1,src/help/helpdata_messages.cpp,true,true,true,,,"owner_scope=COMMAND:STRUCT ; facility_derived=STRUCT ; default_text_shape=singleline ; source=all_messages() ; enrichment_pending=HELP_TOPIC,CMDHELPCHK"
MSG_DBAREA_USAGE_TEXT_0C921FFE,DBAREA_USAGE_TEXT,DbareaUsageText,en-US,GLOBAL,STATUS,INFO,DBAREA,active,,,Usage: / DBAREA / DBAREA USAGE / Notes: / - DBAREA is read-only; it reports the current work-area summary. /,implemented,core,COMMAND:DBAREA,compiled_registry_v1,src/help/helpdata_messages.cpp,true,true,true,,,"owner_scope=COMMAND:DBAREA ; facility_derived=DBAREA ; default_text_shape=multiline ; source=all_messages() ; enrichment_pending=HELP_TOPIC,CMDHELPCHK"
MSG_DBAREA_NO_TABLE_OPE_7677CA99,DBAREA_NO_TABLE_OPEN_TEXT,DbareaNoTableOpenText,en-US,GLOBAL,ERROR,ERROR,DBAREA,active,,,DBAREA: no table open.,implemented,core,COMMAND:DBAREA,compiled_registry_v1,src/help/helpdata_messages.cpp,true,true,true,,,"owner_scope=COMMAND:DBAREA ; facility_derived=DBAREA ; default_text_shape=singleline ; source=all_messages() ; enrichment_pending=HELP_TOPIC,CMDHELPCHK"
MSG_DBAREA_BANNER_TITLE_6E757E12,DBAREA_BANNER_TITLE,DbareaBannerTitle,en-US,GLOBAL,STATUS,INFO,DBAREA,active,,,DBAREA - Current Work Area Summary,implemented,core,COMMAND:DBAREA,compiled_registry_v1,src/help/helpdata_messages.cpp,true,true,true,,,"owner_scope=COMMAND:DBAREA ; facility_derived=DBAREA ; default_text_shape=singleline ; source=all_messages() ; enrichment_pending=HELP_TOPIC,CMDHELPCHK"
MSG_DBAREA_INDEX_ORDER__0D669440,DBAREA_INDEX_ORDER_TITLE,DbareaIndexOrderTitle,en-US,GLOBAL,STATUS,INFO,DBAREA,active,,,Index / Order,implemented,core,COMMAND:DBAREA,compiled_registry_v1,src/help/helpdata_messages.cpp,true,true,true,,,"owner_scope=COMMAND:DBAREA ; facility_derived=DBAREA ; default_text_shape=singleline ; source=all_messages() ; enrichment_pending=HELP_TOPIC,CMDHELPCHK"
MSG_DBAREA_FIELDS_TITLE_C4745E4C,DBAREA_FIELDS_TITLE,DbareaFieldsTitle,en-US,GLOBAL,STATUS,INFO,DBAREA,active,,,Fields,implemented,core,COMMAND:DBAREA,compiled_registry_v1,src/help/helpdata_messages.cpp,true,true,true,,,"owner_scope=COMMAND:DBAREA ; facility_derived=DBAREA ; default_text_shape=singleline ; source=all_messages() ; enrichment_pending=HELP_TOPIC,CMDHELPCHK"
MSG_DBAREAS_USAGE_TEXT_BC61A655,DBAREAS_USAGE_TEXT,DbareasUsageText,en-US,GLOBAL,WORKSPACE,INFO,DBAREAS,active,,,Usage: / DBAREAS / DBAREAS USAGE / DBAREAS <n> / DBAREAS ALL / DBAREAS REL / Notes: / - DBAREAS with no arguments reports the current area by delegating to DBAREA. / - DBAREAS <n> ,implemented,core,COMMAND:DBAREAS,compiled_registry_v1,src/help/helpdata_messages.cpp,true,true,true,,,"owner_scope=COMMAND:DBAREAS ; facility_derived=DBAREAS ; default_text_shape=multiline ; source=all_messages() ; enrichment_pending=HELP_TOPIC,CMDHELPCHK"
MSG_DBAREAS_NO_OPEN_WOR_5821977B,DBAREAS_NO_OPEN_WORK_AREAS_TEXT,DbareasNoOpenWorkAreasText,en-US,GLOBAL,WORKSPACE,INFO,DBAREAS,active,,,DBAREAS: no open work areas.,implemented,core,COMMAND:DBAREAS,compiled_registry_v1,src/help/helpdata_messages.cpp,true,true,true,,,"owner_scope=COMMAND:DBAREAS ; facility_derived=DBAREAS ; default_text_shape=singleline ; source=all_messages() ; enrichment_pending=HELP_TOPIC,CMDHELPCHK"
MSG_DBAREAS_SLOT_OUT_OF_C6E5C623,DBAREAS_SLOT_OUT_OF_RANGE_TEXT,DbareasSlotOutOfRangeText,en-US,GLOBAL,WORKSPACE,INFO,DBAREAS,active,,,DBAREAS: slot out of range: {slot} (0..{max}),implemented,core,COMMAND:DBAREAS,compiled_registry_v1,src/help/helpdata_messages.cpp,true,true,true,,,"owner_scope=COMMAND:DBAREAS ; facility_derived=DBAREAS ; default_text_shape=singleline ; source=all_messages() ; enrichment_pending=HELP_TOPIC,CMDHELPCHK"
MSG_DBAREAS_AREA_NOT_OP_389E16FA,DBAREAS_AREA_NOT_OPEN_TEXT,DbareasAreaNotOpenText,en-US,GLOBAL,WORKSPACE,INFO,DBAREAS,active,,,DBAREAS: area {slot} is not open.,implemented,core,COMMAND:DBAREAS,compiled_registry_v1,src/help/helpdata_messages.cpp,true,true,true,,,"owner_scope=COMMAND:DBAREAS ; facility_derived=DBAREAS ; default_text_shape=singleline ; source=all_messages() ; enrichment_pending=HELP_TOPIC,CMDHELPCHK"
MSG_DBAREAS_RELATIONS_M_3CAFA445,DBAREAS_RELATIONS_MODULE_MISSING_TEXT,DbareasRelationsModuleMissingText,en-US,GLOBAL,WORKSPACE,INFO,DBAREAS,active,,,Relations: (module not present),implemented,core,COMMAND:DBAREAS,compiled_registry_v1,src/help/helpdata_messages.cpp,true,true,true,,,"owner_scope=COMMAND:DBAREAS ; facility_derived=DBAREAS ; default_text_shape=singleline ; source=all_messages() ; enrichment_pending=HELP_TOPIC,CMDHELPCHK"
MSG_FIELDS_USAGE_TEXT_403533F6,FIELDS_USAGE_TEXT,FieldsUsageText,en-US,GLOBAL,STATUS,INFO,FIELDS,active,,,"Usage: / FIELDS / FIELDS USAGE / Notes: / - Reports field number, name, type, length, and decimals for the current area. / - FIELDS is read-only. /",implemented,core,COMMAND:FIELDS,compiled_registry_v1,src/help/helpdata_messages.cpp,true,true,true,,,"owner_scope=COMMAND:FIELDS ; facility_derived=FIELDS ; default_text_shape=multiline ; source=all_messages() ; enrichment_pending=HELP_TOPIC,CMDHELPCHK"
MSG_FIELDS_NO_FIELDS_TE_A6755DD6,FIELDS_NO_FIELDS_TEXT,FieldsNoFieldsText,en-US,GLOBAL,STATUS,INFO,FIELDS,active,,,(No fields),implemented,core,COMMAND:FIELDS,compiled_registry_v1,src/help/helpdata_messages.cpp,true,true,true,,,"owner_scope=COMMAND:FIELDS ; facility_derived=FIELDS ; default_text_shape=singleline ; source=all_messages() ; enrichment_pending=HELP_TOPIC,CMDHELPCHK"
MSG_DESCEND_USAGE_TEXT_EE97A6B7,DESCEND_USAGE_TEXT,DescendUsageText,en-US,GLOBAL,STATUS,INFO,DESCEND,active,,,Usage: / DESCEND / DESCEND USAGE /,implemented,core,COMMAND:DESCEND,compiled_registry_v1,src/help/helpdata_messages.cpp,true,true,true,,,"owner_scope=COMMAND:DESCEND ; facility_derived=DESCEND ; default_text_shape=multiline ; source=all_messages() ; enrichment_pending=HELP_TOPIC,CMDHELPCHK"
MSG_ORDER_DESCENDING_SE_2D84E568,ORDER_DESCENDING_SET,OrderDescendingSet,en-US,GLOBAL,STATUS,INFO,XINDEX,active,,,Order: DESCENDING.,implemented,core,SUBSYSTEM:XINDEX,compiled_registry_v1,src/help/helpdata_messages.cpp,true,true,true,,,"owner_scope=SUBSYSTEM:XINDEX ; facility_derived=XINDEX ; default_text_shape=singleline ; source=all_messages() ; enrichment_pending=HELP_TOPIC,CMDHELPCHK"
MSG_COLOR_USAGE_TEXT_BC4D749E,COLOR_USAGE_TEXT,ColorUsageText,en-US,GLOBAL,STATUS,INFO,COLOR,active,,,Usage: / COLOR / COLOR USAGE / COLOR DEFAULT / COLOR GREEN / COLOR AMBER / COLOR TREE ON / COLOR TREE OFF / COLOR TREECOLOR ON / COLOR TREECOLOR OFF / Notes: / - COLOR with no argu,implemented,core,COMMAND:COLOR,compiled_registry_v1,src/help/helpdata_messages.cpp,true,true,true,,,"owner_scope=COMMAND:COLOR ; facility_derived=COLOR ; default_text_shape=multiline ; source=all_messages() ; enrichment_pending=HELP_TOPIC,CMDHELPCHK"
MSG_COLOR_STATUS_TEXT_A9226BAC,COLOR_STATUS_TEXT,ColorStatusText,en-US,GLOBAL,STATUS,INFO,COLOR,active,,,COLOR is {value},implemented,core,COMMAND:COLOR,compiled_registry_v1,src/help/helpdata_messages.cpp,true,true,true,,,"owner_scope=COMMAND:COLOR ; facility_derived=COLOR ; default_text_shape=singleline ; source=all_messages() ; enrichment_pending=HELP_TOPIC,CMDHELPCHK"
MSG_COLOR_TREECOLOR_STA_82023717,COLOR_TREECOLOR_STATUS_TEXT,ColorTreeColorStatusText,en-US,GLOBAL,STATUS,INFO,COLOR,active,,,TREECOLOR is {value},implemented,core,COMMAND:COLOR,compiled_registry_v1,src/help/helpdata_messages.cpp,true,true,true,,,"owner_scope=COMMAND:COLOR ; facility_derived=COLOR ; default_text_shape=singleline ; source=all_messages() ; enrichment_pending=HELP_TOPIC,CMDHELPCHK"
MSG_COLOR_TREE_PALETTE__47843E8A,COLOR_TREE_PALETTE_HEADER_TEXT,ColorTreePaletteHeaderText,en-US,GLOBAL,STATUS,INFO,COLOR,active,,,TREE palette rotates across {count} levels:,implemented,core,COMMAND:COLOR,compiled_registry_v1,src/help/helpdata_messages.cpp,true,true,true,,,"owner_scope=COMMAND:COLOR ; facility_derived=COLOR ; default_text_shape=singleline ; source=all_messages() ; enrichment_pending=HELP_TOPIC,CMDHELPCHK"
MSG_COLOR_TREE_LEVEL_LI_F00FEBF2,COLOR_TREE_LEVEL_LINE_TEXT,ColorTreeLevelLineText,en-US,GLOBAL,STATUS,INFO,COLOR,active,,,Level {level}: {value},implemented,core,COMMAND:COLOR,compiled_registry_v1,src/help/helpdata_messages.cpp,true,true,true,,,"owner_scope=COMMAND:COLOR ; facility_derived=COLOR ; default_text_shape=singleline ; source=all_messages() ; enrichment_pending=HELP_TOPIC,CMDHELPCHK"
MSG_COLOR_TREE_SET_STAT_D3D370C0,COLOR_TREE_SET_STATUS_TEXT,ColorTreeSetStatusText,en-US,GLOBAL,STATUS,INFO,COLOR,active,,,TREECOLOR set to {value},implemented,core,COMMAND:COLOR,compiled_registry_v1,src/help/helpdata_messages.cpp,true,true,true,,,"owner_scope=COMMAND:COLOR ; facility_derived=COLOR ; default_text_shape=singleline ; source=all_messages() ; enrichment_pending=HELP_TOPIC,CMDHELPCHK"
MSG_COLOR_SET_STATUS_TE_23110056,COLOR_SET_STATUS_TEXT,ColorSetStatusText,en-US,GLOBAL,STATUS,INFO,COLOR,active,,,COLOR set to {value},implemented,core,COMMAND:COLOR,compiled_registry_v1,src/help/helpdata_messages.cpp,true,true,true,,,"owner_scope=COMMAND:COLOR ; facility_derived=COLOR ; default_text_shape=singleline ; source=all_messages() ; enrichment_pending=HELP_TOPIC,CMDHELPCHK"
MSG_VALIDATE_USAGE_TEXT_91BAB882,VALIDATE_USAGE_TEXT,ValidateUsageText,en-US,GLOBAL,STATUS,INFO,VALIDATE,active,,,Usage: / VALIDATE USAGE / VALIDATE UNIQUE USAGE / VALIDATE UNIQUE FIELD <name> [IGNORE DELETED] [REPAIR] [REPORT TO <path>] / Examples: / VALIDATE UNIQUE FIELD SID / VALIDATE UNIQU,implemented,core,COMMAND:VALIDATE,compiled_registry_v1,src/help/helpdata_messages.cpp,true,true,true,,,"owner_scope=COMMAND:VALIDATE ; facility_derived=VALIDATE ; default_text_shape=multiline ; source=all_messages() ; enrichment_pending=HELP_TOPIC,CMDHELPCHK"
MSG_VALIDATE_UNKNOWN_SU_9B21B234,VALIDATE_UNKNOWN_SUBCOMMAND_TEXT,ValidateUnknownSubcommandText,en-US,GLOBAL,ERROR,ERROR,VALIDATE,active,,,VALIDATE: unknown subcommand '{command}'.,implemented,core,COMMAND:VALIDATE,compiled_registry_v1,src/help/helpdata_messages.cpp,true,true,true,,,"owner_scope=COMMAND:VALIDATE ; facility_derived=VALIDATE ; default_text_shape=singleline ; source=all_messages() ; enrichment_pending=HELP_TOPIC,CMDHELPCHK"
MSG_DOTHELP_USAGE_TEXT_03ADA915,DOTHELP_USAGE_TEXT,DotHelpUsageText,en-US,GLOBAL,STATUS,INFO,DOTHELP,active,,,Usage: / DOTHELP / DOTHELP USAGE / DOTHELP <term> / HELP /DOT <term> /,implemented,core,COMMAND:DOTHELP,compiled_registry_v1,src/help/helpdata_messages.cpp,true,true,true,,,"owner_scope=COMMAND:DOTHELP ; facility_derived=DOTHELP ; default_text_shape=multiline ; source=all_messages() ; enrichment_pending=HELP_TOPIC,CMDHELPCHK"
MSG_DOTHELP_TITLE_TEXT_AFF7051E,DOTHELP_TITLE_TEXT,DotHelpTitleText,en-US,GLOBAL,STATUS,INFO,DOTHELP,active,,,DOTTALK REFERENCE,implemented,core,COMMAND:DOTHELP,compiled_registry_v1,src/help/helpdata_messages.cpp,true,true,true,,,"owner_scope=COMMAND:DOTHELP ; facility_derived=DOTHELP ; default_text_shape=singleline ; source=all_messages() ; enrichment_pending=HELP_TOPIC,CMDHELPCHK"
MSG_DOTHELP_SUBTITLE_TE_5BD85D26,DOTHELP_SUBTITLE_TEXT,DotHelpSubtitleText,en-US,GLOBAL,STATUS,INFO,DOTHELP,active,,,Project-native commands and subsystems,implemented,core,COMMAND:DOTHELP,compiled_registry_v1,src/help/helpdata_messages.cpp,true,true,true,,,"owner_scope=COMMAND:DOTHELP ; facility_derived=DOTHELP ; default_text_shape=singleline ; source=all_messages() ; enrichment_pending=HELP_TOPIC,CMDHELPCHK"
MSG_DOTHELP_SEARCH_USAG_95CCE30B,DOTHELP_SEARCH_USAGE_TEXT,DotHelpSearchUsageText,en-US,GLOBAL,STATUS,INFO,DOTHELP,active,,,Usage: / DOTHELP <term> / HELP /DOT <term>,implemented,core,COMMAND:DOTHELP,compiled_registry_v1,src/help/helpdata_messages.cpp,true,true,true,,,"owner_scope=COMMAND:DOTHELP ; facility_derived=DOTHELP ; default_text_shape=multiline ; source=all_messages() ; enrichment_pending=HELP_TOPIC,CMDHELPCHK"
MSG_DOTHELP_MATCHES_TIT_F24C2A17,DOTHELP_MATCHES_TITLE_TEXT,DotHelpMatchesTitleText,en-US,GLOBAL,STATUS,INFO,DOTHELP,active,,,Matching DotTalk helpers:,implemented,core,COMMAND:DOTHELP,compiled_registry_v1,src/help/helpdata_messages.cpp,true,true,true,,,"owner_scope=COMMAND:DOTHELP ; facility_derived=DOTHELP ; default_text_shape=singleline ; source=all_messages() ; enrichment_pending=HELP_TOPIC,CMDHELPCHK"
MSG_DOTHELP_NO_TOPIC_TE_83BA9382,DOTHELP_NO_TOPIC_TEXT,DotHelpNoTopicText,en-US,GLOBAL,ERROR,ERROR,DOTHELP,active,,,No DotTalk help found for: {command},implemented,core,COMMAND:DOTHELP,compiled_registry_v1,src/help/helpdata_messages.cpp,true,true,true,,,"owner_scope=COMMAND:DOTHELP ; facility_derived=DOTHELP ; default_text_shape=singleline ; source=all_messages() ; enrichment_pending=HELP_TOPIC,CMDHELPCHK"
MSG_DOTHELP_TRY_HELP_HI_F75B33E4,DOTHELP_TRY_HELP_HINT_TEXT,DotHelpTryHelpHintText,en-US,GLOBAL,STATUS,INFO,DOTHELP,active,,,Try HELP /DOT <term> or plain HELP <term>.,implemented,core,COMMAND:DOTHELP,compiled_registry_v1,src/help/helpdata_messages.cpp,true,true,true,,,"owner_scope=COMMAND:DOTHELP ; facility_derived=DOTHELP ; default_text_shape=singleline ; source=all_messages() ; enrichment_pending=HELP_TOPIC,CMDHELPCHK"
MSG_FOXHELP_USAGE_TEXT_14B886C4,FOXHELP_USAGE_TEXT,FoxHelpUsageText,en-US,GLOBAL,STATUS,INFO,FOXHELP,active,,,Usage: / FOXHELP / FOXHELP USAGE / FOXHELP <name> / FOXHELP <search> / FH / FH <name> / FH <search> / Notes: / - FOXHELP with no arguments lists the FoxPro-style command subset. / ,implemented,core,COMMAND:FOXHELP,compiled_registry_v1,src/help/helpdata_messages.cpp,true,true,true,,,"owner_scope=COMMAND:FOXHELP ; facility_derived=FOXHELP ; default_text_shape=multiline ; source=all_messages() ; enrichment_pending=HELP_TOPIC,CMDHELPCHK"
MSG_FOXHELP_SUBSET_TITL_A077317B,FOXHELP_SUBSET_TITLE_TEXT,FoxHelpSubsetTitleText,en-US,GLOBAL,STATUS,INFO,FOXHELP,active,,,FoxPro-style commands (subset):,implemented,core,COMMAND:FOXHELP,compiled_registry_v1,src/help/helpdata_messages.cpp,true,true,true,,,"owner_scope=COMMAND:FOXHELP ; facility_derived=FOXHELP ; default_text_shape=singleline ; source=all_messages() ; enrichment_pending=HELP_TOPIC,CMDHELPCHK"
MSG_FOXHELP_TIP_TEXT_3271007A,FOXHELP_TIP_TEXT,FoxHelpTipText,en-US,GLOBAL,STATUS,INFO,FOXHELP,active,,,"Tip: FOXHELP <NAME> for details, e.g. FOXHELP INDEX",implemented,core,COMMAND:FOXHELP,compiled_registry_v1,src/help/helpdata_messages.cpp,true,true,true,,,"owner_scope=COMMAND:FOXHELP ; facility_derived=FOXHELP ; default_text_shape=singleline ; source=all_messages() ; enrichment_pending=HELP_TOPIC,CMDHELPCHK"
MSG_FOXHELP_MATCHES_TIT_4428D829,FOXHELP_MATCHES_TITLE_TEXT,FoxHelpMatchesTitleText,en-US,GLOBAL,STATUS,INFO,FOXHELP,active,,,"Matches for ""{command}"":",implemented,core,COMMAND:FOXHELP,compiled_registry_v1,src/help/helpdata_messages.cpp,true,true,true,,,"owner_scope=COMMAND:FOXHELP ; facility_derived=FOXHELP ; default_text_shape=singleline ; source=all_messages() ; enrichment_pending=HELP_TOPIC,CMDHELPCHK"
MSG_FOXHELP_NO_TOPIC_TE_6AE01D03,FOXHELP_NO_TOPIC_TEXT,FoxHelpNoTopicText,en-US,GLOBAL,ERROR,ERROR,FOXHELP,active,,,No help found for: {command},implemented,core,COMMAND:FOXHELP,compiled_registry_v1,src/help/helpdata_messages.cpp,true,true,true,,,"owner_scope=COMMAND:FOXHELP ; facility_derived=FOXHELP ; default_text_shape=singleline ; source=all_messages() ; enrichment_pending=HELP_TOPIC,CMDHELPCHK"
MSG_FOXHELP_TRY_LIST_HI_B607FCA9,FOXHELP_TRY_LIST_HINT_TEXT,FoxHelpTryListHintText,en-US,GLOBAL,STATUS,INFO,FOXHELP,active,,,Try FOXHELP (no args) to list commands.,implemented,core,COMMAND:FOXHELP,compiled_registry_v1,src/help/helpdata_messages.cpp,true,true,true,,,"owner_scope=COMMAND:FOXHELP ; facility_derived=FOXHELP ; default_text_shape=singleline ; source=all_messages() ; enrichment_pending=HELP_TOPIC,CMDHELPCHK"
MSG_PSHELL_USAGE_TEXT_965AD462,PSHELL_USAGE_TEXT,PshellUsageText,en-US,GLOBAL,STATUS,INFO,PSHELL,active,,,Usage: / PSHELL / PSHELL USAGE / PSHELL LIST-CATEGORIES / PSHELL <category> / PSHELL <term> / Examples: / PSHELL PYTHON / PSHELL PY-VENV-CREATE / PSHELL CLEAN / Notes: / - PSHELL i,implemented,core,COMMAND:PSHELL,compiled_registry_v1,src/help/helpdata_messages.cpp,true,true,true,,,"owner_scope=COMMAND:PSHELL ; facility_derived=PSHELL ; default_text_shape=multiline ; source=all_messages() ; enrichment_pending=HELP_TOPIC,CMDHELPCHK"
MSG_APPEND_USAGE_BLANK__4599D4B7,APPEND_USAGE_BLANK_NO_ARGS_NOTE,AppendUsageBlankNoArgsNote,en-US,GLOBAL,STATUS,INFO,APPEND,active,,,APPEND with no arguments appends one blank record.,implemented,core,COMMAND:APPEND,compiled_registry_v1,src/help/helpdata_messages.cpp,true,true,true,,,"owner_scope=COMMAND:APPEND ; facility_derived=APPEND ; default_text_shape=singleline ; source=all_messages() ; enrichment_pending=HELP_TOPIC,CMDHELPCHK"
MSG_APPEND_USAGE_MANY_S_5DF8D36C,APPEND_USAGE_MANY_SMART_NOTE,AppendUsageManySmartNote,en-US,GLOBAL,STATUS,INFO,APPEND,active,,,APPEND MANY uses the smart batch append path.,implemented,core,COMMAND:APPEND,compiled_registry_v1,src/help/helpdata_messages.cpp,true,true,true,,,"owner_scope=COMMAND:APPEND ; facility_derived=APPEND ; default_text_shape=singleline ; source=all_messages() ; enrichment_pending=HELP_TOPIC,CMDHELPCHK"
MSG_APPEND_USAGE_RAW_NO_C9FA6E6E,APPEND_USAGE_RAW_NO_INLINE_INDEX_NOTE,AppendUsageRawNoInlineIndexNote,en-US,GLOBAL,STATUS,INFO,APPEND,active,,,APPEND RAW uses the raw append path without inline index update.,implemented,core,COMMAND:APPEND,compiled_registry_v1,src/help/helpdata_messages.cpp,true,true,true,,,"owner_scope=COMMAND:APPEND ; facility_derived=APPEND ; default_text_shape=singleline ; source=all_messages() ; enrichment_pending=HELP_TOPIC,CMDHELPCHK"
MSG_APPEND_USAGE_RAW_MA_154C47FF,APPEND_USAGE_RAW_MANY_LINE,AppendUsageRawManyLine,en-US,GLOBAL,ERROR,ERROR,APPEND,active,,,Usage: APPEND RAW MANY <count>,implemented,core,COMMAND:APPEND,compiled_registry_v1,src/help/helpdata_messages.cpp,true,true,true,,,"owner_scope=COMMAND:APPEND ; facility_derived=APPEND ; default_text_shape=singleline ; source=all_messages() ; enrichment_pending=HELP_TOPIC,CMDHELPCHK"
MSG_APPEND_USAGE_RAW_SU_9F8ADD1F,APPEND_USAGE_RAW_SUMMARY_LINE,AppendUsageRawSummaryLine,en-US,GLOBAL,ERROR,ERROR,APPEND,active,,,Usage: APPEND RAW | APPEND RAW MANY <count>,implemented,core,COMMAND:APPEND,compiled_registry_v1,src/help/helpdata_messages.cpp,true,true,true,,,"owner_scope=COMMAND:APPEND ; facility_derived=APPEND ; default_text_shape=singleline ; source=all_messages() ; enrichment_pending=HELP_TOPIC,CMDHELPCHK"
MSG_APPEND_USAGE_MANY_L_7D339E79,APPEND_USAGE_MANY_LINE,AppendUsageManyLine,en-US,GLOBAL,ERROR,ERROR,APPEND,active,,,Usage: APPEND MANY <count>,implemented,core,COMMAND:APPEND,compiled_registry_v1,src/help/helpdata_messages.cpp,true,true,true,,,"owner_scope=COMMAND:APPEND ; facility_derived=APPEND ; default_text_shape=singleline ; source=all_messages() ; enrichment_pending=HELP_TOPIC,CMDHELPCHK"
MSG_APPEND_INVALID_COUN_AA4532FE,APPEND_INVALID_COUNT,AppendInvalidCount,en-US,GLOBAL,ERROR,ERROR,APPEND,active,,,invalid count '{value}',implemented,core,COMMAND:APPEND,compiled_registry_v1,src/help/helpdata_messages.cpp,true,true,true,,,"owner_scope=COMMAND:APPEND ; facility_derived=APPEND ; default_text_shape=singleline ; source=all_messages() ; enrichment_pending=HELP_TOPIC,CMDHELPCHK"
MSG_APPEND_TABLE_LOCKED_FBE45A33,APPEND_TABLE_LOCKED,AppendTableLocked,en-US,GLOBAL,ERROR,ERROR,APPEND,active,,,table locked ({detail}),implemented,core,COMMAND:APPEND,compiled_registry_v1,src/help/helpdata_messages.cpp,true,true,true,,,"owner_scope=COMMAND:APPEND ; facility_derived=APPEND ; default_text_shape=singleline ; source=all_messages() ; enrichment_pending=HELP_TOPIC,CMDHELPCHK"
MSG_APPEND_MANY_STOPPED_3B2EB63B,APPEND_MANY_STOPPED,AppendManyStopped,en-US,GLOBAL,ERROR,ERROR,APPEND,active,,,MANY stopped after {count} successful append(s),implemented,core,COMMAND:APPEND,compiled_registry_v1,src/help/helpdata_messages.cpp,true,true,true,,,"owner_scope=COMMAND:APPEND ; facility_derived=APPEND ; default_text_shape=singleline ; source=all_messages() ; enrichment_pending=HELP_TOPIC,CMDHELPCHK"
MSG_APPEND_FAILED_33EC705B,APPEND_FAILED,AppendFailed,en-US,GLOBAL,ERROR,ERROR,APPEND,active,,,append failed,implemented,core,COMMAND:APPEND,compiled_registry_v1,src/help/helpdata_messages.cpp,true,true,true,,,"owner_scope=COMMAND:APPEND ; facility_derived=APPEND ; default_text_shape=singleline ; source=all_messages() ; enrichment_pending=HELP_TOPIC,CMDHELPCHK"
MSG_APPEND_RAW_MANY_STO_94AF5E9D,APPEND_RAW_MANY_STOPPED,AppendRawManyStopped,en-US,GLOBAL,ERROR,ERROR,APPEND,active,,,RAW MANY stopped after {count} successful append(s),implemented,core,COMMAND:APPEND,compiled_registry_v1,src/help/helpdata_messages.cpp,true,true,true,,,"owner_scope=COMMAND:APPEND ; facility_derived=APPEND ; default_text_shape=singleline ; source=all_messages() ; enrichment_pending=HELP_TOPIC,CMDHELPCHK"
MSG_APPEND_MANY_SUCCESS_CFA3EF4E,APPEND_MANY_SUCCESS,AppendManySuccess,en-US,GLOBAL,STATUS,INFO,APPEND,active,,,Appended {count} blank record(s),implemented,core,COMMAND:APPEND,compiled_registry_v1,src/help/helpdata_messages.cpp,true,true,true,,,"owner_scope=COMMAND:APPEND ; facility_derived=APPEND ; default_text_shape=singleline ; source=all_messages() ; enrichment_pending=HELP_TOPIC,CMDHELPCHK"
MSG_APPEND_RAW_MANY_SUC_BC14ECD5,APPEND_RAW_MANY_SUCCESS,AppendRawManySuccess,en-US,GLOBAL,STATUS,INFO,APPEND,active,,,Appended {count} raw blank record(s),implemented,core,COMMAND:APPEND,compiled_registry_v1,src/help/helpdata_messages.cpp,true,true,true,,,"owner_scope=COMMAND:APPEND ; facility_derived=APPEND ; default_text_shape=singleline ; source=all_messages() ; enrichment_pending=HELP_TOPIC,CMDHELPCHK"
MSG_APPEND_BLANK_SUCCES_27FADB21,APPEND_BLANK_SUCCESS,AppendBlankSuccess,en-US,GLOBAL,STATUS,INFO,APPEND,active,,,Appended blank record {recno},implemented,core,COMMAND:APPEND,compiled_registry_v1,src/help/helpdata_messages.cpp,true,true,true,,,"owner_scope=COMMAND:APPEND ; facility_derived=APPEND ; default_text_shape=singleline ; source=all_messages() ; enrichment_pending=HELP_TOPIC,CMDHELPCHK"
MSG_APPEND_BLANK_USAGE__904AB975,APPEND_BLANK_USAGE_SHARED_NOTE,AppendBlankUsageSharedNote,en-US,GLOBAL,STATUS,INFO,APPEND_BLANK,active,,,Appends one blank record through shared append support.,implemented,core,COMMAND:APPEND_BLANK,compiled_registry_v1,src/help/helpdata_messages.cpp,true,true,true,,,"owner_scope=COMMAND:APPEND_BLANK ; facility_derived=APPEND_BLANK ; default_text_shape=singleline ; source=all_messages() ; enrichment_pending=HELP_TOPIC,CMDHELPCHK"
MSG_SET_VAR_USAGE_LINE_0DD8D6EC,SET_VAR_USAGE_LINE,SetVarUsageLine,en-US,GLOBAL,ERROR,ERROR,SHELL_VARS,active,,,Usage: SET VAR <name> = <text>,implemented,core,SUBSYSTEM:SHELL_VARS,compiled_registry_v1,src/help/helpdata_messages.cpp,true,true,true,,,"owner_scope=SUBSYSTEM:SHELL_VARS ; facility_derived=SHELL_VARS ; default_text_shape=singleline ; source=all_messages() ; enrichment_pending=HELP_TOPIC,CMDHELPCHK"
MSG_SHOW_VAR_USAGE_LINE_95E476D0,SHOW_VAR_USAGE_LINE,ShowVarUsageLine,en-US,GLOBAL,ERROR,ERROR,SHELL_VARS,active,,,Usage: SHOW VAR [<name>],implemented,core,SUBSYSTEM:SHELL_VARS,compiled_registry_v1,src/help/helpdata_messages.cpp,true,true,true,,,"owner_scope=SUBSYSTEM:SHELL_VARS ; facility_derived=SHELL_VARS ; default_text_shape=singleline ; source=all_messages() ; enrichment_pending=HELP_TOPIC,CMDHELPCHK"
MSG_CLEAR_VAR_USAGE_LIN_A328988E,CLEAR_VAR_USAGE_LINE,ClearVarUsageLine,en-US,GLOBAL,ERROR,ERROR,SHELL_VARS,active,,,Usage: CLEAR VAR <name|ALL>,implemented,core,SUBSYSTEM:SHELL_VARS,compiled_registry_v1,src/help/helpdata_messages.cpp,true,true,true,,,"owner_scope=SUBSYSTEM:SHELL_VARS ; facility_derived=SHELL_VARS ; default_text_shape=singleline ; source=all_messages() ; enrichment_pending=HELP_TOPIC,CMDHELPCHK"
MSG_VAR_INVALID_NAME_BC25EEBD,VAR_INVALID_NAME,VarInvalidName,en-US,GLOBAL,ERROR,ERROR,SHELL_VARS,active,,,invalid name: {name},implemented,core,SUBSYSTEM:SHELL_VARS,compiled_registry_v1,src/help/helpdata_messages.cpp,true,true,true,,,"owner_scope=SUBSYSTEM:SHELL_VARS ; facility_derived=SHELL_VARS ; default_text_shape=singleline ; source=all_messages() ; enrichment_pending=HELP_TOPIC,CMDHELPCHK"
MSG_VAR_BANG_EVAL_ERROR_1F8C021A,VAR_BANG_EVAL_ERROR,VarBangEvalError,en-US,GLOBAL,ERROR,ERROR,SHELL_VARS,active,,,{detail},implemented,core,SUBSYSTEM:SHELL_VARS,compiled_registry_v1,src/help/helpdata_messages.cpp,true,true,true,,,"owner_scope=SUBSYSTEM:SHELL_VARS ; facility_derived=SHELL_VARS ; default_text_shape=singleline ; source=all_messages() ; enrichment_pending=HELP_TOPIC,CMDHELPCHK"
MSG_VARS_DEFINED_COUNT_0AFBF84F,VARS_DEFINED_COUNT,VarsDefinedCount,en-US,GLOBAL,STATUS,INFO,SHELL_VARS,active,,,VARS: {count} defined.,implemented,core,SUBSYSTEM:SHELL_VARS,compiled_registry_v1,src/help/helpdata_messages.cpp,true,true,true,,,"owner_scope=SUBSYSTEM:SHELL_VARS ; facility_derived=SHELL_VARS ; default_text_shape=singleline ; source=all_messages() ; enrichment_pending=HELP_TOPIC,CMDHELPCHK"
MSG_VAR_NOT_DEFINED_C18E5366,VAR_NOT_DEFINED,VarNotDefined,en-US,GLOBAL,ERROR,ERROR,SHELL_VARS,active,,,VAR not defined: {name},implemented,core,SUBSYSTEM:SHELL_VARS,compiled_registry_v1,src/help/helpdata_messages.cpp,true,true,true,,,"owner_scope=SUBSYSTEM:SHELL_VARS ; facility_derived=SHELL_VARS ; default_text_shape=singleline ; source=all_messages() ; enrichment_pending=HELP_TOPIC,CMDHELPCHK"
MSG_VAR_COMMAND_USAGE_L_B4B5D670,VAR_COMMAND_USAGE_LINE,VarCommandUsageLine,en-US,GLOBAL,ERROR,ERROR,SHELL_VARS,active,,,Usage: SET VAR | SHOW VAR | CLEAR VAR,implemented,core,SUBSYSTEM:SHELL_VARS,compiled_registry_v1,src/help/helpdata_messages.cpp,true,true,true,,,"owner_scope=SUBSYSTEM:SHELL_VARS ; facility_derived=SHELL_VARS ; default_text_shape=singleline ; source=all_messages() ; enrichment_pending=HELP_TOPIC,CMDHELPCHK"
MSG_AGGS_FAMILY_TITLE_B250111D,AGGS_FAMILY_TITLE,AggsFamilyTitle,en-US,GLOBAL,STATUS,INFO,AGGS,active,,,Aggregate verbs owned by AGGS,implemented,core,COMMAND:AGGS,compiled_registry_v1,src/help/helpdata_messages.cpp,true,true,true,,,"owner_scope=COMMAND:AGGS ; facility_derived=AGGS ; default_text_shape=singleline ; source=all_messages() ; enrichment_pending=HELP_TOPIC,CMDHELPCHK"
MSG_AGGS_DIRECT_VERBS_T_ED575BB6,AGGS_DIRECT_VERBS_TITLE,AggsDirectVerbsTitle,en-US,GLOBAL,STATUS,INFO,AGGS,active,,,Direct aggregate verbs:,implemented,core,COMMAND:AGGS,compiled_registry_v1,src/help/helpdata_messages.cpp,true,true,true,,,"owner_scope=COMMAND:AGGS ; facility_derived=AGGS ; default_text_shape=singleline ; source=all_messages() ; enrichment_pending=HELP_TOPIC,CMDHELPCHK"
MSG_AGG_USAGE_HEADING_786C61C8,AGG_USAGE_HEADING,AggUsageHeading,en-US,GLOBAL,STATUS,INFO,AGGS,active,,,usage:,implemented,core,COMMAND:AGGS,compiled_registry_v1,src/help/helpdata_messages.cpp,true,true,true,,,"owner_scope=COMMAND:AGGS ; facility_derived=AGGS ; default_text_shape=singleline ; source=all_messages() ; enrichment_pending=HELP_TOPIC,CMDHELPCHK"
MSG_AGG_ERROR_DETAIL_611B2A74,AGG_ERROR_DETAIL,AggErrorDetail,en-US,GLOBAL,ERROR,ERROR,AGGS,active,,,error: {detail},implemented,core,COMMAND:AGGS,compiled_registry_v1,src/help/helpdata_messages.cpp,true,true,true,,,"owner_scope=COMMAND:AGGS ; facility_derived=AGGS ; default_text_shape=singleline ; source=all_messages() ; enrichment_pending=HELP_TOPIC,CMDHELPCHK"
MSG_AGGS_OWNER_NOTE_D0ABDABE,AGGS_OWNER_NOTE,AggsOwnerNote,en-US,GLOBAL,STATUS,INFO,AGGS,active,,,AGGS owns the usage/help contract for these aggregate verbs.,implemented,core,COMMAND:AGGS,compiled_registry_v1,src/help/helpdata_messages.cpp,true,true,true,,,"owner_scope=COMMAND:AGGS ; facility_derived=AGGS ; default_text_shape=singleline ; source=all_messages() ; enrichment_pending=HELP_TOPIC,CMDHELPCHK"
MSG_AGGS_DIRECT_ALIAS_N_C68244C3,AGGS_DIRECT_ALIAS_NOTE,AggsDirectAliasNote,en-US,GLOBAL,STATUS,INFO,AGGS,active,,,"Direct SUM, AVG, MIN, and MAX are command aliases for normal use.",implemented,core,COMMAND:AGGS,compiled_registry_v1,src/help/helpdata_messages.cpp,true,true,true,,,"owner_scope=COMMAND:AGGS ; facility_derived=AGGS ; default_text_shape=singleline ; source=all_messages() ; enrichment_pending=HELP_TOPIC,CMDHELPCHK"
MSG_AGGS_FOR_WHERE_ACCE_BD109DB7,AGGS_FOR_WHERE_ACCEPTED_NOTE,AggsForWhereAcceptedNote,en-US,GLOBAL,STATUS,INFO,AGGS,active,,,FOR and WHERE are both accepted predicate introducers.,implemented,core,COMMAND:AGGS,compiled_registry_v1,src/help/helpdata_messages.cpp,true,true,true,,,"owner_scope=COMMAND:AGGS ; facility_derived=AGGS ; default_text_shape=singleline ; source=all_messages() ; enrichment_pending=HELP_TOPIC,CMDHELPCHK"
MSG_AGGS_DELETED_ONLY_N_C6FD8306,AGGS_DELETED_ONLY_NOTE,AggsDeletedOnlyNote,en-US,GLOBAL,STATUS,INFO,AGGS,active,,,DELETED limits the aggregate to deleted records.,implemented,core,COMMAND:AGGS,compiled_registry_v1,src/help/helpdata_messages.cpp,true,true,true,,,"owner_scope=COMMAND:AGGS ; facility_derived=AGGS ; default_text_shape=singleline ; source=all_messages() ; enrichment_pending=HELP_TOPIC,CMDHELPCHK"
MSG_AGGS_NOT_DELETED_ON_58286AB3,AGGS_NOT_DELETED_ONLY_NOTE,AggsNotDeletedOnlyNote,en-US,GLOBAL,STATUS,INFO,AGGS,active,,,NOT DELETED and !DELETED limit the aggregate to visible/non-deleted records.,implemented,core,COMMAND:AGGS,compiled_registry_v1,src/help/helpdata_messages.cpp,true,true,true,,,"owner_scope=COMMAND:AGGS ; facility_derived=AGGS ; default_text_shape=singleline ; source=all_messages() ; enrichment_pending=HELP_TOPIC,CMDHELPCHK"
MSG_AGGS_CURSOR_RESTORE_9460C4A7,AGGS_CURSOR_RESTORE_NOTE,AggsCursorRestoreNote,en-US,GLOBAL,STATUS,INFO,AGGS,active,,,Aggregate scans restore the cursor best-effort.,implemented,core,COMMAND:AGGS,compiled_registry_v1,src/help/helpdata_messages.cpp,true,true,true,,,"owner_scope=COMMAND:AGGS ; facility_derived=AGGS ; default_text_shape=singleline ; source=all_messages() ; enrichment_pending=HELP_TOPIC,CMDHELPCHK"
MSG_AGGS_READ_ONLY_NOTE_E4DAAF9F,AGGS_READ_ONLY_NOTE,AggsReadOnlyNote,en-US,GLOBAL,STATUS,INFO,AGGS,active,,,Aggregates report values; they do not mutate table data.,implemented,core,COMMAND:AGGS,compiled_registry_v1,src/help/helpdata_messages.cpp,true,true,true,,,"owner_scope=COMMAND:AGGS ; facility_derived=AGGS ; default_text_shape=singleline ; source=all_messages() ; enrichment_pending=HELP_TOPIC,CMDHELPCHK"
MSG_AGG_USAGE_OWNER_NOT_3DCB2FBA,AGG_USAGE_OWNER_NOTE,AggUsageOwnerNote,en-US,GLOBAL,STATUS,INFO,AGGS,active,,,AGGS owns this usage contract.,implemented,core,COMMAND:AGGS,compiled_registry_v1,src/help/helpdata_messages.cpp,true,true,true,,,"owner_scope=COMMAND:AGGS ; facility_derived=AGGS ; default_text_shape=singleline ; source=all_messages() ; enrichment_pending=HELP_TOPIC,CMDHELPCHK"
MSG_AGG_USAGE_DIRECT_VE_3CBEB727,AGG_USAGE_DIRECT_VERB_NOTE,AggUsageDirectVerbNote,en-US,GLOBAL,STATUS,INFO,AGGS,active,,,{verb} is the direct aggregate verb for normal command-line use.,implemented,core,COMMAND:AGGS,compiled_registry_v1,src/help/helpdata_messages.cpp,true,true,true,,,"owner_scope=COMMAND:AGGS ; facility_derived=AGGS ; default_text_shape=singleline ; source=all_messages() ; enrichment_pending=HELP_TOPIC,CMDHELPCHK"
MSG_AGG_USAGE_READ_ONLY_2CB9C6C3,AGG_USAGE_READ_ONLY_NOTE,AggUsageReadOnlyNote,en-US,GLOBAL,STATUS,INFO,AGGS,active,,,This aggregate reports a value and does not mutate table data.,implemented,core,COMMAND:AGGS,compiled_registry_v1,src/help/helpdata_messages.cpp,true,true,true,,,"owner_scope=COMMAND:AGGS ; facility_derived=AGGS ; default_text_shape=singleline ; source=all_messages() ; enrichment_pending=HELP_TOPIC,CMDHELPCHK"
MSG_AUTODBF_USAGE_LINE_318A4985,AUTODBF_USAGE_LINE,AutoDbfUsageLine,en-US,GLOBAL,STATUS,INFO,AUTODBF,active,,,AUTODBF <table> FROM <csvfile> [HEADER|NOHEADER|AUTO] [INFER|TEXTONLY] [OVERWRITE],implemented,core,COMMAND:AUTODBF,compiled_registry_v1,src/help/helpdata_messages.cpp,true,true,true,,,"owner_scope=COMMAND:AUTODBF ; facility_derived=AUTODBF ; default_text_shape=singleline ; source=all_messages() ; enrichment_pending=HELP_TOPIC,CMDHELPCHK"
MSG_AUTODBF_USAGE_X64_L_B4A1C9F2,AUTODBF_USAGE_X64_LINE,AutoDbfUsageX64Line,en-US,GLOBAL,STATUS,INFO,AUTODBF,active,,,AUTODBF X64 <table> FROM <csvfile> [HEADER|NOHEADER|AUTO] [INFER|TEXTONLY] [OVERWRITE],implemented,core,COMMAND:AUTODBF,compiled_registry_v1,src/help/helpdata_messages.cpp,true,true,true,,,"owner_scope=COMMAND:AUTODBF ; facility_derived=AUTODBF ; default_text_shape=singleline ; source=all_messages() ; enrichment_pending=HELP_TOPIC,CMDHELPCHK"
MSG_AUTODBF_DEFAULT_FLA_88D4FDC1,AUTODBF_DEFAULT_FLAVOR_NOTE,AutoDbfDefaultFlavorNote,en-US,GLOBAL,STATUS,INFO,AUTODBF,active,,,X64 table flavor,implemented,core,COMMAND:AUTODBF,compiled_registry_v1,src/help/helpdata_messages.cpp,true,true,true,,,"owner_scope=COMMAND:AUTODBF ; facility_derived=AUTODBF ; default_text_shape=singleline ; source=all_messages() ; enrichment_pending=HELP_TOPIC,CMDHELPCHK"
MSG_AUTODBF_DEFAULT_HEA_6D8A6902,AUTODBF_DEFAULT_HEADER_NOTE,AutoDbfDefaultHeaderNote,en-US,GLOBAL,STATUS,INFO,AUTODBF,active,,,"AUTO header detection, conservative",implemented,core,COMMAND:AUTODBF,compiled_registry_v1,src/help/helpdata_messages.cpp,true,true,true,,,"owner_scope=COMMAND:AUTODBF ; facility_derived=AUTODBF ; default_text_shape=singleline ; source=all_messages() ; enrichment_pending=HELP_TOPIC,CMDHELPCHK"
MSG_AUTODBF_DEFAULT_INF_20C89F7E,AUTODBF_DEFAULT_INFER_NOTE,AutoDbfDefaultInferNote,en-US,GLOBAL,STATUS,INFO,AUTODBF,active,,,INFER field types,implemented,core,COMMAND:AUTODBF,compiled_registry_v1,src/help/helpdata_messages.cpp,true,true,true,,,"owner_scope=COMMAND:AUTODBF ; facility_derived=AUTODBF ; default_text_shape=singleline ; source=all_messages() ; enrichment_pending=HELP_TOPIC,CMDHELPCHK"
MSG_AUTODBF_DEFAULT_OVE_B357EA4A,AUTODBF_DEFAULT_OVERWRITE_NOTE,AutoDbfDefaultOverwriteNote,en-US,GLOBAL,STATUS,INFO,AUTODBF,active,,,no overwrite unless OVERWRITE is supplied,implemented,core,COMMAND:AUTODBF,compiled_registry_v1,src/help/helpdata_messages.cpp,true,true,true,,,"owner_scope=COMMAND:AUTODBF ; facility_derived=AUTODBF ; default_text_shape=singleline ; source=all_messages() ; enrichment_pending=HELP_TOPIC,CMDHELPCHK"
MSG_AUTODBF_CSV_PARSER__0A703DBA,AUTODBF_CSV_PARSER_NOTE,AutoDbfCsvParserNote,en-US,GLOBAL,STATUS,INFO,AUTODBF,active,,,CSV parsing uses the existing comma CSV parser.,implemented,core,COMMAND:AUTODBF,compiled_registry_v1,src/help/helpdata_messages.cpp,true,true,true,,,"owner_scope=COMMAND:AUTODBF ; facility_derived=AUTODBF ; default_text_shape=singleline ; source=all_messages() ; enrichment_pending=HELP_TOPIC,CMDHELPCHK"
MSG_AUTODBF_LONG_TEXT_R_67BF7622,AUTODBF_LONG_TEXT_REJECTED_NOTE,AutoDbfLongTextRejectedNote,en-US,GLOBAL,STATUS,INFO,AUTODBF,active,,,Long text is rejected for now rather than auto-promoted to M.,implemented,core,COMMAND:AUTODBF,compiled_registry_v1,src/help/helpdata_messages.cpp,true,true,true,,,"owner_scope=COMMAND:AUTODBF ; facility_derived=AUTODBF ; default_text_shape=singleline ; source=all_messages() ; enrichment_pending=HELP_TOPIC,CMDHELPCHK"
MSG_AUTODBF_HEADER_NORM_93B3907F,AUTODBF_HEADER_NORMALIZE_NOTE,AutoDbfHeaderNormalizeNote,en-US,GLOBAL,STATUS,INFO,AUTODBF,active,,,"Header names are normalized, uniquified, and sent through x64 fallback-name mangling.",implemented,core,COMMAND:AUTODBF,compiled_registry_v1,src/help/helpdata_messages.cpp,true,true,true,,,"owner_scope=COMMAND:AUTODBF ; facility_derived=AUTODBF ; default_text_shape=singleline ; source=all_messages() ; enrichment_pending=HELP_TOPIC,CMDHELPCHK"
MSG_AUTODBF_MISSING_TAB_39BFEBF0,AUTODBF_MISSING_TABLE_NAME,AutoDbfMissingTableName,en-US,GLOBAL,ERROR,ERROR,AUTODBF,active,,,missing table name.,implemented,core,COMMAND:AUTODBF,compiled_registry_v1,src/help/helpdata_messages.cpp,true,true,true,,,"owner_scope=COMMAND:AUTODBF ; facility_derived=AUTODBF ; default_text_shape=singleline ; source=all_messages() ; enrichment_pending=HELP_TOPIC,CMDHELPCHK"
MSG_AUTODBF_MISSING_TAB_DEA89918,AUTODBF_MISSING_TABLE_NAME_AFTER_X64,AutoDbfMissingTableNameAfterX64,en-US,GLOBAL,ERROR,ERROR,AUTODBF,active,,,missing table name after X64.,implemented,core,COMMAND:AUTODBF,compiled_registry_v1,src/help/helpdata_messages.cpp,true,true,true,,,"owner_scope=COMMAND:AUTODBF ; facility_derived=AUTODBF ; default_text_shape=singleline ; source=all_messages() ; enrichment_pending=HELP_TOPIC,CMDHELPCHK"
MSG_AUTODBF_EXPECTED_FR_DD68FED4,AUTODBF_EXPECTED_FROM,AutoDbfExpectedFrom,en-US,GLOBAL,ERROR,ERROR,AUTODBF,active,,,expected FROM after table name.,implemented,core,COMMAND:AUTODBF,compiled_registry_v1,src/help/helpdata_messages.cpp,true,true,true,,,"owner_scope=COMMAND:AUTODBF ; facility_derived=AUTODBF ; default_text_shape=singleline ; source=all_messages() ; enrichment_pending=HELP_TOPIC,CMDHELPCHK"
MSG_AUTODBF_MISSING_CSV_300338C2,AUTODBF_MISSING_CSV_FILE,AutoDbfMissingCsvFile,en-US,GLOBAL,ERROR,ERROR,AUTODBF,active,,,missing CSV file name after FROM.,implemented,core,COMMAND:AUTODBF,compiled_registry_v1,src/help/helpdata_messages.cpp,true,true,true,,,"owner_scope=COMMAND:AUTODBF ; facility_derived=AUTODBF ; default_text_shape=singleline ; source=all_messages() ; enrichment_pending=HELP_TOPIC,CMDHELPCHK"
MSG_AUTODBF_MAXCHAR_REQ_3E7E2EFC,AUTODBF_MAXCHAR_REQUIRES_VALUE,AutoDbfMaxCharRequiresValue,en-US,GLOBAL,ERROR,ERROR,AUTODBF,active,,,MAXCHAR requires a value.,implemented,core,COMMAND:AUTODBF,compiled_registry_v1,src/help/helpdata_messages.cpp,true,true,true,,,"owner_scope=COMMAND:AUTODBF ; facility_derived=AUTODBF ; default_text_shape=singleline ; source=all_messages() ; enrichment_pending=HELP_TOPIC,CMDHELPCHK"
MSG_AUTODBF_INVALID_MAX_B9E7BEC3,AUTODBF_INVALID_MAXCHAR_VALUE,AutoDbfInvalidMaxCharValue,en-US,GLOBAL,ERROR,ERROR,AUTODBF,active,,,invalid MAXCHAR value.,implemented,core,COMMAND:AUTODBF,compiled_registry_v1,src/help/helpdata_messages.cpp,true,true,true,,,"owner_scope=COMMAND:AUTODBF ; facility_derived=AUTODBF ; default_text_shape=singleline ; source=all_messages() ; enrichment_pending=HELP_TOPIC,CMDHELPCHK"
MSG_AUTODBF_MAXCHAR_RAN_9673DF04,AUTODBF_MAXCHAR_RANGE,AutoDbfMaxCharRange,en-US,GLOBAL,ERROR,ERROR,AUTODBF,active,,,MAXCHAR must be between 1 and 254.,implemented,core,COMMAND:AUTODBF,compiled_registry_v1,src/help/helpdata_messages.cpp,true,true,true,,,"owner_scope=COMMAND:AUTODBF ; facility_derived=AUTODBF ; default_text_shape=singleline ; source=all_messages() ; enrichment_pending=HELP_TOPIC,CMDHELPCHK"
MSG_AUTODBF_UNKNOWN_OPT_9C6F2FA1,AUTODBF_UNKNOWN_OPTION,AutoDbfUnknownOption,en-US,GLOBAL,ERROR,ERROR,AUTODBF,active,,,unknown option '{option}'.,implemented,core,COMMAND:AUTODBF,compiled_registry_v1,src/help/helpdata_messages.cpp,true,true,true,,,"owner_scope=COMMAND:AUTODBF ; facility_derived=AUTODBF ; default_text_shape=singleline ; source=all_messages() ; enrichment_pending=HELP_TOPIC,CMDHELPCHK"
MSG_AUTODBF_CANNOT_OPEN_F50AEB16,AUTODBF_CANNOT_OPEN_READ,AutoDbfCannotOpenRead,en-US,GLOBAL,ERROR,ERROR,AUTODBF,active,,,Cannot open {path} for read.,implemented,core,COMMAND:AUTODBF,compiled_registry_v1,src/help/helpdata_messages.cpp,true,true,true,,,"owner_scope=COMMAND:AUTODBF ; facility_derived=AUTODBF ; default_text_shape=singleline ; source=all_messages() ; enrichment_pending=HELP_TOPIC,CMDHELPCHK"
MSG_AUTODBF_EMPTY_CSV_8E488D15,AUTODBF_EMPTY_CSV,AutoDbfEmptyCsv,en-US,GLOBAL,ERROR,ERROR,AUTODBF,active,,,Empty CSV.,implemented,core,COMMAND:AUTODBF,compiled_registry_v1,src/help/helpdata_messages.cpp,true,true,true,,,"owner_scope=COMMAND:AUTODBF ; facility_derived=AUTODBF ; default_text_shape=singleline ; source=all_messages() ; enrichment_pending=HELP_TOPIC,CMDHELPCHK"
MSG_AUTODBF_COLUMN_COUN_C7C47FBB,AUTODBF_COLUMN_COUNT_MISMATCH,AutoDbfColumnCountMismatch,en-US,GLOBAL,ERROR,ERROR,AUTODBF,active,,,column count mismatch,implemented,core,COMMAND:AUTODBF,compiled_registry_v1,src/help/helpdata_messages.cpp,true,true,true,,,"owner_scope=COMMAND:AUTODBF ; facility_derived=AUTODBF ; default_text_shape=singleline ; source=all_messages() ; enrichment_pending=HELP_TOPIC,CMDHELPCHK"
MSG_AUTODBF_TEXT_WIDTH__070C7312,AUTODBF_TEXT_WIDTH_EXCEEDS_LIMIT,AutoDbfTextWidthExceedsLimit,en-US,GLOBAL,ERROR,ERROR,AUTODBF,active,,,text width {width} exceeds current fixed-field limit {limit},implemented,core,COMMAND:AUTODBF,compiled_registry_v1,src/help/helpdata_messages.cpp,true,true,true,,,"owner_scope=COMMAND:AUTODBF ; facility_derived=AUTODBF ; default_text_shape=singleline ; source=all_messages() ; enrichment_pending=HELP_TOPIC,CMDHELPCHK"
MSG_AUTODBF_LONG_TEXT_R_0160545F,AUTODBF_LONG_TEXT_REQUIRES_BYTES,AutoDbfLongTextRequiresBytes,en-US,GLOBAL,ERROR,ERROR,AUTODBF,active,,,long text requires {bytes} bytes; AUTODBF does not auto-promote to memo yet,implemented,core,COMMAND:AUTODBF,compiled_registry_v1,src/help/helpdata_messages.cpp,true,true,true,,,"owner_scope=COMMAND:AUTODBF ; facility_derived=AUTODBF ; default_text_shape=singleline ; source=all_messages() ; enrichment_pending=HELP_TOPIC,CMDHELPCHK"
MSG_AUTODBF_MEMO_INFERE_99F366E2,AUTODBF_MEMO_INFERENCE_DISABLED,AutoDbfMemoInferenceDisabled,en-US,GLOBAL,ERROR,ERROR,AUTODBF,active,,,memo inference is disabled for AUTODBF first pass,implemented,core,COMMAND:AUTODBF,compiled_registry_v1,src/help/helpdata_messages.cpp,true,true,true,,,"owner_scope=COMMAND:AUTODBF ; facility_derived=AUTODBF ; default_text_shape=singleline ; source=all_messages() ; enrichment_pending=HELP_TOPIC,CMDHELPCHK"
MSG_AUTODBF_FIELD_WIDTH_C8822F59,AUTODBF_FIELD_WIDTH_OUT_OF_RANGE,AutoDbfFieldWidthOutOfRange,en-US,GLOBAL,ERROR,ERROR,AUTODBF,active,,,field width {width} is outside current fixed-field limits,implemented,core,COMMAND:AUTODBF,compiled_registry_v1,src/help/helpdata_messages.cpp,true,true,true,,,"owner_scope=COMMAND:AUTODBF ; facility_derived=AUTODBF ; default_text_shape=singleline ; source=all_messages() ; enrichment_pending=HELP_TOPIC,CMDHELPCHK"
MSG_AUTODBF_DECIMAL_COU_21BDA2B1,AUTODBF_DECIMAL_COUNT_INVALID,AutoDbfDecimalCountInvalid,en-US,GLOBAL,ERROR,ERROR,AUTODBF,active,,,decimal count {decimals} is invalid for width {width},implemented,core,COMMAND:AUTODBF,compiled_registry_v1,src/help/helpdata_messages.cpp,true,true,true,,,"owner_scope=COMMAND:AUTODBF ; facility_derived=AUTODBF ; default_text_shape=singleline ; source=all_messages() ; enrichment_pending=HELP_TOPIC,CMDHELPCHK"
MSG_AUTODBF_COLUMN_DETA_9A12A5A5,AUTODBF_COLUMN_DETAIL,AutoDbfColumnDetail,en-US,GLOBAL,ERROR,ERROR,AUTODBF,active,,,column {index} ({name}): {detail},implemented,core,COMMAND:AUTODBF,compiled_registry_v1,src/help/helpdata_messages.cpp,true,true,true,,,"owner_scope=COMMAND:AUTODBF ; facility_derived=AUTODBF ; default_text_shape=singleline ; source=all_messages() ; enrichment_pending=HELP_TOPIC,CMDHELPCHK"
MSG_AUTODBF_CHARACTER_W_D8092D65,AUTODBF_CHARACTER_WIDTH_OVERFLOW,AutoDbfCharacterWidthOverflow,en-US,GLOBAL,ERROR,ERROR,AUTODBF,active,,,character width overflow,implemented,core,COMMAND:AUTODBF,compiled_registry_v1,src/help/helpdata_messages.cpp,true,true,true,,,"owner_scope=COMMAND:AUTODBF ; facility_derived=AUTODBF ; default_text_shape=singleline ; source=all_messages() ; enrichment_pending=HELP_TOPIC,CMDHELPCHK"
MSG_AUTODBF_INVALID_NUM_20C935F2,AUTODBF_INVALID_NUMERIC_VALUE,AutoDbfInvalidNumericValue,en-US,GLOBAL,ERROR,ERROR,AUTODBF,active,,,invalid numeric value,implemented,core,COMMAND:AUTODBF,compiled_registry_v1,src/help/helpdata_messages.cpp,true,true,true,,,"owner_scope=COMMAND:AUTODBF ; facility_derived=AUTODBF ; default_text_shape=singleline ; source=all_messages() ; enrichment_pending=HELP_TOPIC,CMDHELPCHK"
MSG_AUTODBF_NUMERIC_WID_6E6A5BC2,AUTODBF_NUMERIC_WIDTH_OVERFLOW,AutoDbfNumericWidthOverflow,en-US,GLOBAL,ERROR,ERROR,AUTODBF,active,,,numeric width overflow,implemented,core,COMMAND:AUTODBF,compiled_registry_v1,src/help/helpdata_messages.cpp,true,true,true,,,"owner_scope=COMMAND:AUTODBF ; facility_derived=AUTODBF ; default_text_shape=singleline ; source=all_messages() ; enrichment_pending=HELP_TOPIC,CMDHELPCHK"
MSG_AUTODBF_INVALID_DAT_D8D3E5CE,AUTODBF_INVALID_DATE_VALUE,AutoDbfInvalidDateValue,en-US,GLOBAL,ERROR,ERROR,AUTODBF,active,,,invalid date value; expected YYYY-MM-DD,implemented,core,COMMAND:AUTODBF,compiled_registry_v1,src/help/helpdata_messages.cpp,true,true,true,,,"owner_scope=COMMAND:AUTODBF ; facility_derived=AUTODBF ; default_text_shape=singleline ; source=all_messages() ; enrichment_pending=HELP_TOPIC,CMDHELPCHK"
MSG_AUTODBF_INVALID_LOG_A1110CCA,AUTODBF_INVALID_LOGICAL_VALUE,AutoDbfInvalidLogicalValue,en-US,GLOBAL,ERROR,ERROR,AUTODBF,active,,,invalid logical value,implemented,core,COMMAND:AUTODBF,compiled_registry_v1,src/help/helpdata_messages.cpp,true,true,true,,,"owner_scope=COMMAND:AUTODBF ; facility_derived=AUTODBF ; default_text_shape=singleline ; source=all_messages() ; enrichment_pending=HELP_TOPIC,CMDHELPCHK"
MSG_AUTODBF_UNSUPPORTED_B4E9892E,AUTODBF_UNSUPPORTED_FIELD_TYPE,AutoDbfUnsupportedFieldType,en-US,GLOBAL,ERROR,ERROR,AUTODBF,active,,,unsupported AUTODBF field type,implemented,core,COMMAND:AUTODBF,compiled_registry_v1,src/help/helpdata_messages.cpp,true,true,true,,,"owner_scope=COMMAND:AUTODBF ; facility_derived=AUTODBF ; default_text_shape=singleline ; source=all_messages() ; enrichment_pending=HELP_TOPIC,CMDHELPCHK"
MSG_AUTODBF_LINE_EXPECT_2538A99F,AUTODBF_LINE_EXPECTED_COLUMNS_FOUND,AutoDbfLineExpectedColumnsFound,en-US,GLOBAL,ERROR,ERROR,AUTODBF,active,,,"line {line}: expected {expected} column(s), found {found}",implemented,core,COMMAND:AUTODBF,compiled_registry_v1,src/help/helpdata_messages.cpp,true,true,true,,,"owner_scope=COMMAND:AUTODBF ; facility_derived=AUTODBF ; default_text_shape=singleline ; source=all_messages() ; enrichment_pending=HELP_TOPIC,CMDHELPCHK"
MSG_AUTODBF_LINE_COLUMN_F937C1B7,AUTODBF_LINE_COLUMN_DETAIL,AutoDbfLineColumnDetail,en-US,GLOBAL,ERROR,ERROR,AUTODBF,active,,,"line {line}, column {column} ({name}): {detail}",implemented,core,COMMAND:AUTODBF,compiled_registry_v1,src/help/helpdata_messages.cpp,true,true,true,,,"owner_scope=COMMAND:AUTODBF ; facility_derived=AUTODBF ; default_text_shape=singleline ; source=all_messages() ; enrichment_pending=HELP_TOPIC,CMDHELPCHK"
MSG_AUTODBF_APPEND_BLAN_DCB777E3,AUTODBF_APPEND_BLANK_FAILED,AutoDbfAppendBlankFailed,en-US,GLOBAL,ERROR,ERROR,AUTODBF,active,,,line {line}: appendBlank failed,implemented,core,COMMAND:AUTODBF,compiled_registry_v1,src/help/helpdata_messages.cpp,true,true,true,,,"owner_scope=COMMAND:AUTODBF ; facility_derived=AUTODBF ; default_text_shape=singleline ; source=all_messages() ; enrichment_pending=HELP_TOPIC,CMDHELPCHK"
MSG_AUTODBF_SET_FAILED_B2FD8D62,AUTODBF_SET_FAILED,AutoDbfSetFailed,en-US,GLOBAL,ERROR,ERROR,AUTODBF,active,,,"line {line}, column {column} ({name}): set failed",implemented,core,COMMAND:AUTODBF,compiled_registry_v1,src/help/helpdata_messages.cpp,true,true,true,,,"owner_scope=COMMAND:AUTODBF ; facility_derived=AUTODBF ; default_text_shape=singleline ; source=all_messages() ; enrichment_pending=HELP_TOPIC,CMDHELPCHK"
MSG_AUTODBF_WRITE_CURRE_0DD71536,AUTODBF_WRITE_CURRENT_FAILED,AutoDbfWriteCurrentFailed,en-US,GLOBAL,ERROR,ERROR,AUTODBF,active,,,line {line}: writeCurrent failed,implemented,core,COMMAND:AUTODBF,compiled_registry_v1,src/help/helpdata_messages.cpp,true,true,true,,,"owner_scope=COMMAND:AUTODBF ; facility_derived=AUTODBF ; default_text_shape=singleline ; source=all_messages() ; enrichment_pending=HELP_TOPIC,CMDHELPCHK"
MSG_AUTODBF_PLAN_TITLE_F1C58521,AUTODBF_PLAN_TITLE,AutoDbfPlanTitle,en-US,GLOBAL,STATUS,INFO,AUTODBF,active,,,AUTODBF plan,implemented,core,COMMAND:AUTODBF,compiled_registry_v1,src/help/helpdata_messages.cpp,true,true,true,,,"owner_scope=COMMAND:AUTODBF ; facility_derived=AUTODBF ; default_text_shape=singleline ; source=all_messages() ; enrichment_pending=HELP_TOPIC,CMDHELPCHK"
MSG_AUTODBF_PLAN_CSV_LI_40A96CC7,AUTODBF_PLAN_CSV_LINE,AutoDbfPlanCsvLine,en-US,GLOBAL,STATUS,INFO,AUTODBF,active,,,CSV: {path},implemented,core,COMMAND:AUTODBF,compiled_registry_v1,src/help/helpdata_messages.cpp,true,true,true,,,"owner_scope=COMMAND:AUTODBF ; facility_derived=AUTODBF ; default_text_shape=singleline ; source=all_messages() ; enrichment_pending=HELP_TOPIC,CMDHELPCHK"
MSG_AUTODBF_PLAN_HEADER_F7490E09,AUTODBF_PLAN_HEADER_LINE,AutoDbfPlanHeaderLine,en-US,GLOBAL,STATUS,INFO,AUTODBF,active,,,Header: {mode}{suffix},implemented,core,COMMAND:AUTODBF,compiled_registry_v1,src/help/helpdata_messages.cpp,true,true,true,,,"owner_scope=COMMAND:AUTODBF ; facility_derived=AUTODBF ; default_text_shape=singleline ; source=all_messages() ; enrichment_pending=HELP_TOPIC,CMDHELPCHK"
MSG_AUTODBF_PLAN_DATA_R_201D0B7E,AUTODBF_PLAN_DATA_ROWS_LINE,AutoDbfPlanDataRowsLine,en-US,GLOBAL,STATUS,INFO,AUTODBF,active,,,Data rows: {count},implemented,core,COMMAND:AUTODBF,compiled_registry_v1,src/help/helpdata_messages.cpp,true,true,true,,,"owner_scope=COMMAND:AUTODBF ; facility_derived=AUTODBF ; default_text_shape=singleline ; source=all_messages() ; enrichment_pending=HELP_TOPIC,CMDHELPCHK"
MSG_AUTODBF_PLAN_COLUMN_FFCCED20,AUTODBF_PLAN_COLUMNS_LINE,AutoDbfPlanColumnsLine,en-US,GLOBAL,STATUS,INFO,AUTODBF,active,,,Columns: {count},implemented,core,COMMAND:AUTODBF,compiled_registry_v1,src/help/helpdata_messages.cpp,true,true,true,,,"owner_scope=COMMAND:AUTODBF ; facility_derived=AUTODBF ; default_text_shape=singleline ; source=all_messages() ; enrichment_pending=HELP_TOPIC,CMDHELPCHK"
MSG_AUTODBF_PLAN_DESCRI_93703AB1,AUTODBF_PLAN_DESCRIPTOR_SUFFIX,AutoDbfPlanDescriptorSuffix,en-US,GLOBAL,STATUS,INFO,AUTODBF,active,,,descriptor={name},implemented,core,COMMAND:AUTODBF,compiled_registry_v1,src/help/helpdata_messages.cpp,true,true,true,,,"owner_scope=COMMAND:AUTODBF ; facility_derived=AUTODBF ; default_text_shape=singleline ; source=all_messages() ; enrichment_pending=HELP_TOPIC,CMDHELPCHK"
MSG_AUTODBF_PLAN_SOURCE_5407B8B7,AUTODBF_PLAN_SOURCE_SUFFIX,AutoDbfPlanSourceSuffix,en-US,GLOBAL,STATUS,INFO,AUTODBF,active,,,source='{name}',implemented,core,COMMAND:AUTODBF,compiled_registry_v1,src/help/helpdata_messages.cpp,true,true,true,,,"owner_scope=COMMAND:AUTODBF ; facility_derived=AUTODBF ; default_text_shape=singleline ; source=all_messages() ; enrichment_pending=HELP_TOPIC,CMDHELPCHK"
MSG_AUTODBF_TARGET_EXIS_ABF8F1EC,AUTODBF_TARGET_EXISTS,AutoDbfTargetExists,en-US,GLOBAL,ERROR,ERROR,AUTODBF,active,,,target exists: {path},implemented,core,COMMAND:AUTODBF,compiled_registry_v1,src/help/helpdata_messages.cpp,true,true,true,,,"owner_scope=COMMAND:AUTODBF ; facility_derived=AUTODBF ; default_text_shape=singleline ; source=all_messages() ; enrichment_pending=HELP_TOPIC,CMDHELPCHK"
MSG_AUTODBF_USE_OVERWRI_59EE7F77,AUTODBF_USE_OVERWRITE_NOTE,AutoDbfUseOverwriteNote,en-US,GLOBAL,STATUS,INFO,AUTODBF,active,,,Use OVERWRITE to replace it.,implemented,core,COMMAND:AUTODBF,compiled_registry_v1,src/help/helpdata_messages.cpp,true,true,true,,,"owner_scope=COMMAND:AUTODBF ; facility_derived=AUTODBF ; default_text_shape=singleline ; source=all_messages() ; enrichment_pending=HELP_TOPIC,CMDHELPCHK"
MSG_AUTODBF_SCAN_FAILED_9FE60F13,AUTODBF_SCAN_FAILED_AT_LINE,AutoDbfScanFailedAtLine,en-US,GLOBAL,ERROR,ERROR,AUTODBF,active,,,"{detail} at line {line} (expected {expected}, found {found})",implemented,core,COMMAND:AUTODBF,compiled_registry_v1,src/help/helpdata_messages.cpp,true,true,true,,,"owner_scope=COMMAND:AUTODBF ; facility_derived=AUTODBF ; default_text_shape=singleline ; source=all_messages() ; enrichment_pending=HELP_TOPIC,CMDHELPCHK"
MSG_AUTODBF_NO_DATA_ROW_9866A92B,AUTODBF_NO_DATA_ROWS,AutoDbfNoDataRows,en-US,GLOBAL,ERROR,ERROR,AUTODBF,active,,,no data rows found.,implemented,core,COMMAND:AUTODBF,compiled_registry_v1,src/help/helpdata_messages.cpp,true,true,true,,,"owner_scope=COMMAND:AUTODBF ; facility_derived=AUTODBF ; default_text_shape=singleline ; source=all_messages() ; enrichment_pending=HELP_TOPIC,CMDHELPCHK"
MSG_AUTODBF_CREATE_FAIL_32E4186D,AUTODBF_CREATE_FAILED,AutoDbfCreateFailed,en-US,GLOBAL,ERROR,ERROR,AUTODBF,active,,,create failed: {detail},implemented,core,COMMAND:AUTODBF,compiled_registry_v1,src/help/helpdata_messages.cpp,true,true,true,,,"owner_scope=COMMAND:AUTODBF ; facility_derived=AUTODBF ; default_text_shape=singleline ; source=all_messages() ; enrichment_pending=HELP_TOPIC,CMDHELPCHK"
MSG_AUTODBF_REOPEN_FAIL_FFAE7A99,AUTODBF_REOPEN_FAILED_DETAIL,AutoDbfReopenFailedDetail,en-US,GLOBAL,ERROR,ERROR,AUTODBF,active,,,file written but could not reopen table: {detail},implemented,core,COMMAND:AUTODBF,compiled_registry_v1,src/help/helpdata_messages.cpp,true,true,true,,,"owner_scope=COMMAND:AUTODBF ; facility_derived=AUTODBF ; default_text_shape=singleline ; source=all_messages() ; enrichment_pending=HELP_TOPIC,CMDHELPCHK"
MSG_AUTODBF_REOPEN_FAIL_37141277,AUTODBF_REOPEN_FAILED_GENERIC,AutoDbfReopenFailedGeneric,en-US,GLOBAL,ERROR,ERROR,AUTODBF,active,,,file written but could not reopen table.,implemented,core,COMMAND:AUTODBF,compiled_registry_v1,src/help/helpdata_messages.cpp,true,true,true,,,"owner_scope=COMMAND:AUTODBF ; facility_derived=AUTODBF ; default_text_shape=singleline ; source=all_messages() ; enrichment_pending=HELP_TOPIC,CMDHELPCHK"
MSG_AUTODBF_IMPORT_FAIL_06F35D40,AUTODBF_IMPORT_FAILED,AutoDbfImportFailed,en-US,GLOBAL,ERROR,ERROR,AUTODBF,active,,,failed during import: {detail},implemented,core,COMMAND:AUTODBF,compiled_registry_v1,src/help/helpdata_messages.cpp,true,true,true,,,"owner_scope=COMMAND:AUTODBF ; facility_derived=AUTODBF ; default_text_shape=singleline ; source=all_messages() ; enrichment_pending=HELP_TOPIC,CMDHELPCHK"
MSG_AUTODBF_PARTIAL_ROW_5507B459,AUTODBF_PARTIAL_ROWS_IMPORTED,AutoDbfPartialRowsImported,en-US,GLOBAL,STATUS,INFO,AUTODBF,active,,,Partial rows imported: {count},implemented,core,COMMAND:AUTODBF,compiled_registry_v1,src/help/helpdata_messages.cpp,true,true,true,,,"owner_scope=COMMAND:AUTODBF ; facility_derived=AUTODBF ; default_text_shape=singleline ; source=all_messages() ; enrichment_pending=HELP_TOPIC,CMDHELPCHK"
MSG_AUTODBF_OK_TITLE_97211557,AUTODBF_OK_TITLE,AutoDbfOkTitle,en-US,GLOBAL,STATUS,INFO,AUTODBF,active,,,AUTODBF OK,implemented,core,COMMAND:AUTODBF,compiled_registry_v1,src/help/helpdata_messages.cpp,true,true,true,,,"owner_scope=COMMAND:AUTODBF ; facility_derived=AUTODBF ; default_text_shape=singleline ; source=all_messages() ; enrichment_pending=HELP_TOPIC,CMDHELPCHK"
MSG_AUTODBF_CREATED_LIN_ACA09FDB,AUTODBF_CREATED_LINE,AutoDbfCreatedLine,en-US,GLOBAL,STATUS,INFO,AUTODBF,active,,,Created: {path} [X64],implemented,core,COMMAND:AUTODBF,compiled_registry_v1,src/help/helpdata_messages.cpp,true,true,true,,,"owner_scope=COMMAND:AUTODBF ; facility_derived=AUTODBF ; default_text_shape=singleline ; source=all_messages() ; enrichment_pending=HELP_TOPIC,CMDHELPCHK"
MSG_AUTODBF_IMPORTED_RO_E3AC73EC,AUTODBF_IMPORTED_ROWS_LINE,AutoDbfImportedRowsLine,en-US,GLOBAL,STATUS,INFO,AUTODBF,active,,,Imported rows: {count},implemented,core,COMMAND:AUTODBF,compiled_registry_v1,src/help/helpdata_messages.cpp,true,true,true,,,"owner_scope=COMMAND:AUTODBF ; facility_derived=AUTODBF ; default_text_shape=singleline ; source=all_messages() ; enrichment_pending=HELP_TOPIC,CMDHELPCHK"
MSG_AUTODBF_OPENED_LINE_3418510E,AUTODBF_OPENED_LINE,AutoDbfOpenedLine,en-US,GLOBAL,STATUS,INFO,AUTODBF,active,,,Opened: {path},implemented,core,COMMAND:AUTODBF,compiled_registry_v1,src/help/helpdata_messages.cpp,true,true,true,,,"owner_scope=COMMAND:AUTODBF ; facility_derived=AUTODBF ; default_text_shape=singleline ; source=all_messages() ; enrichment_pending=HELP_TOPIC,CMDHELPCHK"
MSG_ABOUT_USAGE_LINE_0CA5DF6D,ABOUT_USAGE_LINE,AboutUsageLine,en-US,GLOBAL,STATUS,INFO,ABOUT,active,,,ABOUT,implemented,core,COMMAND:ABOUT,compiled_registry_v1,src/help/helpdata_messages.cpp,true,true,true,,,"owner_scope=COMMAND:ABOUT ; facility_derived=ABOUT ; default_text_shape=singleline ; source=all_messages() ; enrichment_pending=HELP_TOPIC,CMDHELPCHK"
MSG_ABOUT_USAGE_USAGE_L_4D9438F1,ABOUT_USAGE_USAGE_LINE,AboutUsageUsageLine,en-US,GLOBAL,STATUS,INFO,ABOUT,active,,,ABOUT USAGE,implemented,core,COMMAND:ABOUT,compiled_registry_v1,src/help/helpdata_messages.cpp,true,true,true,,,"owner_scope=COMMAND:ABOUT ; facility_derived=ABOUT ; default_text_shape=singleline ; source=all_messages() ; enrichment_pending=HELP_TOPIC,CMDHELPCHK"
MSG_ABOUT_PAGE1_TEXT_F775E71A,ABOUT_PAGE1_TEXT,AboutPage1Text,en-US,GLOBAL,STATUS,INFO,ABOUT,active,,,ABOUT - Page 1 of 2 / =================== / / DotTalk++ / / Author / Derald Grimwood / / Dedicated to / Kathy Grimwood / / Project / DotTalk++ is a modern C++ xBase-inspired databa,implemented,core,COMMAND:ABOUT,compiled_registry_v1,src/help/helpdata_messages.cpp,true,true,true,,,"owner_scope=COMMAND:ABOUT ; facility_derived=ABOUT ; default_text_shape=multiline ; source=all_messages() ; enrichment_pending=HELP_TOPIC,CMDHELPCHK"
MSG_ABOUT_PAGE2_TITLE_DD9FF75E,ABOUT_PAGE2_TITLE,AboutPage2Title,en-US,GLOBAL,STATUS,INFO,ABOUT,active,,,ABOUT - Page 2 of 2,implemented,core,COMMAND:ABOUT,compiled_registry_v1,src/help/helpdata_messages.cpp,true,true,true,,,"owner_scope=COMMAND:ABOUT ; facility_derived=ABOUT ; default_text_shape=singleline ; source=all_messages() ; enrichment_pending=HELP_TOPIC,CMDHELPCHK"
MSG_ABOUT_SECTION_APPLI_5DFCC9E6,ABOUT_SECTION_APPLICATION,AboutSectionApplication,en-US,GLOBAL,STATUS,INFO,ABOUT,active,,,Application,implemented,core,COMMAND:ABOUT,compiled_registry_v1,src/help/helpdata_messages.cpp,true,true,true,,,"owner_scope=COMMAND:ABOUT ; facility_derived=ABOUT ; default_text_shape=singleline ; source=all_messages() ; enrichment_pending=HELP_TOPIC,CMDHELPCHK"
MSG_ABOUT_SECTION_OPERA_C874D800,ABOUT_SECTION_OPERATING_SYSTEM,AboutSectionOperatingSystem,en-US,GLOBAL,STATUS,INFO,ABOUT,active,,,Operating System,implemented,core,COMMAND:ABOUT,compiled_registry_v1,src/help/helpdata_messages.cpp,true,true,true,,,"owner_scope=COMMAND:ABOUT ; facility_derived=ABOUT ; default_text_shape=singleline ; source=all_messages() ; enrichment_pending=HELP_TOPIC,CMDHELPCHK"
MSG_ABOUT_SECTION_HARDW_A2189E6A,ABOUT_SECTION_HARDWARE,AboutSectionHardware,en-US,GLOBAL,STATUS,INFO,ABOUT,active,,,Hardware,implemented,core,COMMAND:ABOUT,compiled_registry_v1,src/help/helpdata_messages.cpp,true,true,true,,,"owner_scope=COMMAND:ABOUT ; facility_derived=ABOUT ; default_text_shape=singleline ; source=all_messages() ; enrichment_pending=HELP_TOPIC,CMDHELPCHK"
MSG_ABOUT_SECTION_STORA_A4E6E6F0,ABOUT_SECTION_STORAGE,AboutSectionStorage,en-US,GLOBAL,STATUS,INFO,ABOUT,active,,,Storage,implemented,core,COMMAND:ABOUT,compiled_registry_v1,src/help/helpdata_messages.cpp,true,true,true,,,"owner_scope=COMMAND:ABOUT ; facility_derived=ABOUT ; default_text_shape=singleline ; source=all_messages() ; enrichment_pending=HELP_TOPIC,CMDHELPCHK"
MSG_ABOUT_SECTION_CONSO_8F9B5F18,ABOUT_SECTION_CONSOLE,AboutSectionConsole,en-US,GLOBAL,STATUS,INFO,ABOUT,active,,,Console,implemented,core,COMMAND:ABOUT,compiled_registry_v1,src/help/helpdata_messages.cpp,true,true,true,,,"owner_scope=COMMAND:ABOUT ; facility_derived=ABOUT ; default_text_shape=singleline ; source=all_messages() ; enrichment_pending=HELP_TOPIC,CMDHELPCHK"
MSG_ABOUT_SECTION_NETWO_80A07CB9,ABOUT_SECTION_NETWORK,AboutSectionNetwork,en-US,GLOBAL,STATUS,INFO,ABOUT,active,,,Network,implemented,core,COMMAND:ABOUT,compiled_registry_v1,src/help/helpdata_messages.cpp,true,true,true,,,"owner_scope=COMMAND:ABOUT ; facility_derived=ABOUT ; default_text_shape=singleline ; source=all_messages() ; enrichment_pending=HELP_TOPIC,CMDHELPCHK"
MSG_ABOUT_SECTION_CURRE_11C0F0AF,ABOUT_SECTION_CURRENT_SESSION,AboutSectionCurrentSession,en-US,GLOBAL,STATUS,INFO,ABOUT,active,,,Current Session,implemented,core,COMMAND:ABOUT,compiled_registry_v1,src/help/helpdata_messages.cpp,true,true,true,,,"owner_scope=COMMAND:ABOUT ; facility_derived=ABOUT ; default_text_shape=singleline ; source=all_messages() ; enrichment_pending=HELP_TOPIC,CMDHELPCHK"
MSG_ABOUT_KEY_NAME_ACDD23E7,ABOUT_KEY_NAME,AboutKeyName,en-US,GLOBAL,STATUS,INFO,ABOUT,active,,,Name,implemented,core,COMMAND:ABOUT,compiled_registry_v1,src/help/helpdata_messages.cpp,true,true,true,,,"owner_scope=COMMAND:ABOUT ; facility_derived=ABOUT ; default_text_shape=singleline ; source=all_messages() ; enrichment_pending=HELP_TOPIC,CMDHELPCHK"
MSG_ABOUT_KEY_BUILD_MOD_19A642C9,ABOUT_KEY_BUILD_MODE,AboutKeyBuildMode,en-US,GLOBAL,STATUS,INFO,ABOUT,active,,,Build Mode,implemented,core,COMMAND:ABOUT,compiled_registry_v1,src/help/helpdata_messages.cpp,true,true,true,,,"owner_scope=COMMAND:ABOUT ; facility_derived=ABOUT ; default_text_shape=singleline ; source=all_messages() ; enrichment_pending=HELP_TOPIC,CMDHELPCHK"
MSG_ABOUT_KEY_BUILD_DAT_688C4345,ABOUT_KEY_BUILD_DATE,AboutKeyBuildDate,en-US,GLOBAL,STATUS,INFO,ABOUT,active,,,Build Date,implemented,core,COMMAND:ABOUT,compiled_registry_v1,src/help/helpdata_messages.cpp,true,true,true,,,"owner_scope=COMMAND:ABOUT ; facility_derived=ABOUT ; default_text_shape=singleline ; source=all_messages() ; enrichment_pending=HELP_TOPIC,CMDHELPCHK"
MSG_ABOUT_KEY_ARCHITECT_93FA4AEA,ABOUT_KEY_ARCHITECTURE,AboutKeyArchitecture,en-US,GLOBAL,STATUS,INFO,ABOUT,active,,,Architecture,implemented,core,COMMAND:ABOUT,compiled_registry_v1,src/help/helpdata_messages.cpp,true,true,true,,,"owner_scope=COMMAND:ABOUT ; facility_derived=ABOUT ; default_text_shape=singleline ; source=all_messages() ; enrichment_pending=HELP_TOPIC,CMDHELPCHK"
MSG_ABOUT_KEY_COMPILER_1086707D,ABOUT_KEY_COMPILER,AboutKeyCompiler,en-US,GLOBAL,STATUS,INFO,ABOUT,active,,,Compiler,implemented,core,COMMAND:ABOUT,compiled_registry_v1,src/help/helpdata_messages.cpp,true,true,true,,,"owner_scope=COMMAND:ABOUT ; facility_derived=ABOUT ; default_text_shape=singleline ; source=all_messages() ; enrichment_pending=HELP_TOPIC,CMDHELPCHK"
MSG_ABOUT_KEY_CPP_STD_A18142F8,ABOUT_KEY_CPP_STD,AboutKeyCppStd,en-US,GLOBAL,STATUS,INFO,ABOUT,active,,,C++ Std,implemented,core,COMMAND:ABOUT,compiled_registry_v1,src/help/helpdata_messages.cpp,true,true,true,,,"owner_scope=COMMAND:ABOUT ; facility_derived=ABOUT ; default_text_shape=singleline ; source=all_messages() ; enrichment_pending=HELP_TOPIC,CMDHELPCHK"
MSG_ABOUT_KEY_OS_81642C59,ABOUT_KEY_OS,AboutKeyOs,en-US,GLOBAL,STATUS,INFO,ABOUT,active,,,OS,implemented,core,COMMAND:ABOUT,compiled_registry_v1,src/help/helpdata_messages.cpp,true,true,true,,,"owner_scope=COMMAND:ABOUT ; facility_derived=ABOUT ; default_text_shape=singleline ; source=all_messages() ; enrichment_pending=HELP_TOPIC,CMDHELPCHK"
MSG_ABOUT_KEY_CPU_THREA_33BA40EB,ABOUT_KEY_CPU_THREADS,AboutKeyCpuThreads,en-US,GLOBAL,STATUS,INFO,ABOUT,active,,,CPU Threads,implemented,core,COMMAND:ABOUT,compiled_registry_v1,src/help/helpdata_messages.cpp,true,true,true,,,"owner_scope=COMMAND:ABOUT ; facility_derived=ABOUT ; default_text_shape=singleline ; source=all_messages() ; enrichment_pending=HELP_TOPIC,CMDHELPCHK"
MSG_ABOUT_KEY_INSTALLED_37D2A243,ABOUT_KEY_INSTALLED_RAM,AboutKeyInstalledRam,en-US,GLOBAL,STATUS,INFO,ABOUT,active,,,Installed RAM,implemented,core,COMMAND:ABOUT,compiled_registry_v1,src/help/helpdata_messages.cpp,true,true,true,,,"owner_scope=COMMAND:ABOUT ; facility_derived=ABOUT ; default_text_shape=singleline ; source=all_messages() ; enrichment_pending=HELP_TOPIC,CMDHELPCHK"
MSG_ABOUT_KEY_DISK_ROOT_BC25E672,ABOUT_KEY_DISK_ROOT,AboutKeyDiskRoot,en-US,GLOBAL,STATUS,INFO,ABOUT,active,,,Disk Root,implemented,core,COMMAND:ABOUT,compiled_registry_v1,src/help/helpdata_messages.cpp,true,true,true,,,"owner_scope=COMMAND:ABOUT ; facility_derived=ABOUT ; default_text_shape=singleline ; source=all_messages() ; enrichment_pending=HELP_TOPIC,CMDHELPCHK"
MSG_ABOUT_KEY_DISK_FREE_841CB557,ABOUT_KEY_DISK_FREE,AboutKeyDiskFree,en-US,GLOBAL,STATUS,INFO,ABOUT,active,,,Disk Free,implemented,core,COMMAND:ABOUT,compiled_registry_v1,src/help/helpdata_messages.cpp,true,true,true,,,"owner_scope=COMMAND:ABOUT ; facility_derived=ABOUT ; default_text_shape=singleline ; source=all_messages() ; enrichment_pending=HELP_TOPIC,CMDHELPCHK"
MSG_ABOUT_KEY_DISK_TOTA_298DEE28,ABOUT_KEY_DISK_TOTAL,AboutKeyDiskTotal,en-US,GLOBAL,STATUS,INFO,ABOUT,active,,,Disk Total,implemented,core,COMMAND:ABOUT,compiled_registry_v1,src/help/helpdata_messages.cpp,true,true,true,,,"owner_scope=COMMAND:ABOUT ; facility_derived=ABOUT ; default_text_shape=singleline ; source=all_messages() ; enrichment_pending=HELP_TOPIC,CMDHELPCHK"
MSG_ABOUT_KEY_SIZE_A4ACD35E,ABOUT_KEY_SIZE,AboutKeySize,en-US,GLOBAL,STATUS,INFO,ABOUT,active,,,Size,implemented,core,COMMAND:ABOUT,compiled_registry_v1,src/help/helpdata_messages.cpp,true,true,true,,,"owner_scope=COMMAND:ABOUT ; facility_derived=ABOUT ; default_text_shape=singleline ; source=all_messages() ; enrichment_pending=HELP_TOPIC,CMDHELPCHK"
MSG_ABOUT_KEY_ANSI_VT_31CECA84,ABOUT_KEY_ANSI_VT,AboutKeyAnsiVt,en-US,GLOBAL,STATUS,INFO,ABOUT,active,,,ANSI / VT,implemented,core,COMMAND:ABOUT,compiled_registry_v1,src/help/helpdata_messages.cpp,true,true,true,,,"owner_scope=COMMAND:ABOUT ; facility_derived=ABOUT ; default_text_shape=singleline ; source=all_messages() ; enrichment_pending=HELP_TOPIC,CMDHELPCHK"
MSG_ABOUT_KEY_COMPUTER__BA1B036C,ABOUT_KEY_COMPUTER_NAME,AboutKeyComputerName,en-US,GLOBAL,STATUS,INFO,ABOUT,active,,,Computer Name,implemented,core,COMMAND:ABOUT,compiled_registry_v1,src/help/helpdata_messages.cpp,true,true,true,,,"owner_scope=COMMAND:ABOUT ; facility_derived=ABOUT ; default_text_shape=singleline ; source=all_messages() ; enrichment_pending=HELP_TOPIC,CMDHELPCHK"
MSG_ABOUT_KEY_LOCAL_IPV_89EE8FE4,ABOUT_KEY_LOCAL_IPV4,AboutKeyLocalIpv4,en-US,GLOBAL,STATUS,INFO,ABOUT,active,,,Local IPv4,implemented,core,COMMAND:ABOUT,compiled_registry_v1,src/help/helpdata_messages.cpp,true,true,true,,,"owner_scope=COMMAND:ABOUT ; facility_derived=ABOUT ; default_text_shape=singleline ; source=all_messages() ; enrichment_pending=HELP_TOPIC,CMDHELPCHK"
MSG_ABOUT_KEY_FILE_OPEN_8CE8423C,ABOUT_KEY_FILE_OPEN,AboutKeyFileOpen,en-US,GLOBAL,STATUS,INFO,ABOUT,active,,,File Open,implemented,core,COMMAND:ABOUT,compiled_registry_v1,src/help/helpdata_messages.cpp,true,true,true,,,"owner_scope=COMMAND:ABOUT ; facility_derived=ABOUT ; default_text_shape=singleline ; source=all_messages() ; enrichment_pending=HELP_TOPIC,CMDHELPCHK"
MSG_ABOUT_KEY_DBFILE_E9B07284,ABOUT_KEY_DBFILE,AboutKeyDbfile,en-US,GLOBAL,STATUS,INFO,ABOUT,active,,,Dbfile,implemented,core,COMMAND:ABOUT,compiled_registry_v1,src/help/helpdata_messages.cpp,true,true,true,,,"owner_scope=COMMAND:ABOUT ; facility_derived=ABOUT ; default_text_shape=singleline ; source=all_messages() ; enrichment_pending=HELP_TOPIC,CMDHELPCHK"
MSG_ABOUT_KEY_RECORDS_25A1653A,ABOUT_KEY_RECORDS,AboutKeyRecords,en-US,GLOBAL,STATUS,INFO,ABOUT,active,,,Records,implemented,core,COMMAND:ABOUT,compiled_registry_v1,src/help/helpdata_messages.cpp,true,true,true,,,"owner_scope=COMMAND:ABOUT ; facility_derived=ABOUT ; default_text_shape=singleline ; source=all_messages() ; enrichment_pending=HELP_TOPIC,CMDHELPCHK"
MSG_ABOUT_KEY_FIELDS_C568D653,ABOUT_KEY_FIELDS,AboutKeyFields,en-US,GLOBAL,STATUS,INFO,ABOUT,active,,,Fields,implemented,core,COMMAND:ABOUT,compiled_registry_v1,src/help/helpdata_messages.cpp,true,true,true,,,"owner_scope=COMMAND:ABOUT ; facility_derived=ABOUT ; default_text_shape=singleline ; source=all_messages() ; enrichment_pending=HELP_TOPIC,CMDHELPCHK"
MSG_ABOUT_YES_2AFB1DBF,ABOUT_YES,AboutYes,en-US,GLOBAL,STATUS,INFO,ABOUT,active,,,Yes,implemented,core,COMMAND:ABOUT,compiled_registry_v1,src/help/helpdata_messages.cpp,true,true,true,,,"owner_scope=COMMAND:ABOUT ; facility_derived=ABOUT ; default_text_shape=singleline ; source=all_messages() ; enrichment_pending=HELP_TOPIC,CMDHELPCHK"
MSG_ABOUT_NO_A33595CF,ABOUT_NO,AboutNo,en-US,GLOBAL,STATUS,INFO,ABOUT,active,,,No,implemented,core,COMMAND:ABOUT,compiled_registry_v1,src/help/helpdata_messages.cpp,true,true,true,,,"owner_scope=COMMAND:ABOUT ; facility_derived=ABOUT ; default_text_shape=singleline ; source=all_messages() ; enrichment_pending=HELP_TOPIC,CMDHELPCHK"
MSG_ABOUT_ENABLED_2BD5618B,ABOUT_ENABLED,AboutEnabled,en-US,GLOBAL,STATUS,INFO,ABOUT,active,,,enabled,implemented,core,COMMAND:ABOUT,compiled_registry_v1,src/help/helpdata_messages.cpp,true,true,true,,,"owner_scope=COMMAND:ABOUT ; facility_derived=ABOUT ; default_text_shape=singleline ; source=all_messages() ; enrichment_pending=HELP_TOPIC,CMDHELPCHK"
MSG_ABOUT_DISABLED_7F2788FC,ABOUT_DISABLED,AboutDisabled,en-US,GLOBAL,STATUS,INFO,ABOUT,active,,,disabled,implemented,core,COMMAND:ABOUT,compiled_registry_v1,src/help/helpdata_messages.cpp,true,true,true,,,"owner_scope=COMMAND:ABOUT ; facility_derived=ABOUT ; default_text_shape=singleline ; source=all_messages() ; enrichment_pending=HELP_TOPIC,CMDHELPCHK"
MSG_ABOUT_NONE_94AE6D9F,ABOUT_NONE,AboutNone,en-US,GLOBAL,STATUS,INFO,ABOUT,active,,,(none),implemented,core,COMMAND:ABOUT,compiled_registry_v1,src/help/helpdata_messages.cpp,true,true,true,,,"owner_scope=COMMAND:ABOUT ; facility_derived=ABOUT ; default_text_shape=singleline ; source=all_messages() ; enrichment_pending=HELP_TOPIC,CMDHELPCHK"
MSG_ABOUT_UNAVAILABLE_CFAB16EB,ABOUT_UNAVAILABLE,AboutUnavailable,en-US,GLOBAL,STATUS,INFO,ABOUT,active,,,(unavailable),implemented,core,COMMAND:ABOUT,compiled_registry_v1,src/help/helpdata_messages.cpp,true,true,true,,,"owner_scope=COMMAND:ABOUT ; facility_derived=ABOUT ; default_text_shape=singleline ; source=all_messages() ; enrichment_pending=HELP_TOPIC,CMDHELPCHK"
MSG_SHELL_STARTUP_BANNE_4F21AEC3,SHELL_STARTUP_BANNER_LINE,ShellStartupBannerLine,en-US,GLOBAL,STATUS,INFO,SHELL,active,,,"DotTalk++ type HELP. USE, SELECT <n>, AREA, COLOR <GREEN|AMBER|DEFAULT>, ABOUT, QUIT.",implemented,core,SUBSYSTEM:SHELL,compiled_registry_v1,src/help/helpdata_messages.cpp,true,true,true,,,"owner_scope=SUBSYSTEM:SHELL ; facility_derived=SHELL ; default_text_shape=singleline ; source=all_messages() ; enrichment_pending=HELP_TOPIC,CMDHELPCHK"
MSG_SHELL_STARTUP_DEV_L_F1E52F57,SHELL_STARTUP_DEV_LINE,ShellStartupDevLine,en-US,GLOBAL,STATUS,INFO,SHELL,active,,,"Dev: CMDHELPCHK, GPS, WORKSPACE, ERSATZ.",implemented,core,SUBSYSTEM:SHELL,compiled_registry_v1,src/help/helpdata_messages.cpp,true,true,true,,,"owner_scope=SUBSYSTEM:SHELL ; facility_derived=SHELL ; default_text_shape=singleline ; source=all_messages() ; enrichment_pending=HELP_TOPIC,CMDHELPCHK"
MSG_SHELL_STARTUP_HELLO_10AB8299,SHELL_STARTUP_HELLO_LINE,ShellStartupHelloLine,en-US,GLOBAL,STATUS,INFO,SHELL,active,,,Hello World!,implemented,core,SUBSYSTEM:SHELL,compiled_registry_v1,src/help/helpdata_messages.cpp,true,true,true,,,"owner_scope=SUBSYSTEM:SHELL ; facility_derived=SHELL ; default_text_shape=singleline ; source=all_messages() ; enrichment_pending=HELP_TOPIC,CMDHELPCHK"
MSG_SHELL_BLOCK_CANCELL_F07B44A2,SHELL_BLOCK_CANCELLED,ShellBlockCancelled,en-US,GLOBAL,STATUS,INFO,SHELL,active,,,BLOCK: cancelled,implemented,core,SUBSYSTEM:SHELL,compiled_registry_v1,src/help/helpdata_messages.cpp,true,true,true,,,"owner_scope=SUBSYSTEM:SHELL ; facility_derived=SHELL ; default_text_shape=singleline ; source=all_messages() ; enrichment_pending=HELP_TOPIC,CMDHELPCHK"
MSG_SHELL_LOOP_BLOCK_CA_E948A078,SHELL_LOOP_BLOCK_CANCELLED,ShellLoopBlockCancelled,en-US,GLOBAL,STATUS,INFO,SHELL,active,,,LOOP BLOCK: cancelled,implemented,core,SUBSYSTEM:SHELL,compiled_registry_v1,src/help/helpdata_messages.cpp,true,true,true,,,"owner_scope=SUBSYSTEM:SHELL ; facility_derived=SHELL ; default_text_shape=singleline ; source=all_messages() ; enrichment_pending=HELP_TOPIC,CMDHELPCHK"
MSG_SHELL_QUIT_CANCELED_B2B9379E,SHELL_QUIT_CANCELED,ShellQuitCanceled,en-US,GLOBAL,STATUS,INFO,SHELL,active,,,QUIT canceled.,implemented,core,SUBSYSTEM:SHELL,compiled_registry_v1,src/help/helpdata_messages.cpp,true,true,true,,,"owner_scope=SUBSYSTEM:SHELL ; facility_derived=SHELL ; default_text_shape=singleline ; source=all_messages() ; enrichment_pending=HELP_TOPIC,CMDHELPCHK"
MSG_BUILDLMDB_USAGE_TEX_CCE25F6C,BUILDLMDB_USAGE_TEXT,BuildLmdbUsageText,en-US,GLOBAL,STATUS,INFO,BUILDLMDB,active,,,Usage: BUILDLMDB [HELP|?] [MAPSIZE <n[K|M|G]> | SIZE <n[K|M|G]> | / TINY|SMALL|MEDIUM|LARGE|XL|HUGE] / [YES|AUTO|NOPROMPT] [CLEAN|FORCE] [QUIET] / / BUILDLMDB / Rebuild LMDB backin,implemented,core,COMMAND:BUILDLMDB,compiled_registry_v1,src/help/helpdata_messages.cpp,true,true,true,,,"owner_scope=COMMAND:BUILDLMDB ; facility_derived=BUILDLMDB ; default_text_shape=multiline ; source=all_messages() ; enrichment_pending=HELP_TOPIC,CMDHELPCHK"
MSG_BUILDLMDB_ENV_PATH__90DE0740,BUILDLMDB_ENV_PATH_NOT_DIRECTORY,BuildLmdbEnvPathNotDirectory,en-US,GLOBAL,ERROR,ERROR,BUILDLMDB,active,,,env path exists but is not a directory: {path},implemented,core,COMMAND:BUILDLMDB,compiled_registry_v1,src/help/helpdata_messages.cpp,true,true,true,,,"owner_scope=COMMAND:BUILDLMDB ; facility_derived=BUILDLMDB ; default_text_shape=singleline ; source=all_messages() ; enrichment_pending=HELP_TOPIC,CMDHELPCHK"
MSG_BUILDLMDB_UNABLE_CR_11E9FFCF,BUILDLMDB_UNABLE_CREATE_BACKUPS_DIR,BuildLmdbUnableCreateBackupsDir,en-US,GLOBAL,ERROR,ERROR,BUILDLMDB,active,,,unable to create backups dir: {path},implemented,core,COMMAND:BUILDLMDB,compiled_registry_v1,src/help/helpdata_messages.cpp,true,true,true,,,"owner_scope=COMMAND:BUILDLMDB ; facility_derived=BUILDLMDB ; default_text_shape=singleline ; source=all_messages() ; enrichment_pending=HELP_TOPIC,CMDHELPCHK"
MSG_BUILDLMDB_COPY_FAIL_A822D970,BUILDLMDB_COPY_FAILED,BuildLmdbCopyFailed,en-US,GLOBAL,ERROR,ERROR,BUILDLMDB,active,,,copy failed: {detail},implemented,core,COMMAND:BUILDLMDB,compiled_registry_v1,src/help/helpdata_messages.cpp,true,true,true,,,"owner_scope=COMMAND:BUILDLMDB ; facility_derived=BUILDLMDB ; default_text_shape=singleline ; source=all_messages() ; enrichment_pending=HELP_TOPIC,CMDHELPCHK"
MSG_BUILDLMDB_REMOVE_AL_B5D9E152,BUILDLMDB_REMOVE_ALL_FAILED,BuildLmdbRemoveAllFailed,en-US,GLOBAL,ERROR,ERROR,BUILDLMDB,active,,,remove_all failed after copy: {detail},implemented,core,COMMAND:BUILDLMDB,compiled_registry_v1,src/help/helpdata_messages.cpp,true,true,true,,,"owner_scope=COMMAND:BUILDLMDB ; facility_derived=BUILDLMDB ; default_text_shape=singleline ; source=all_messages() ; enrichment_pending=HELP_TOPIC,CMDHELPCHK"
MSG_BUILDLMDB_ARCHIVED__EA5275BF,BUILDLMDB_ARCHIVED_ENVDIR,BuildLmdbArchivedEnvdir,en-US,GLOBAL,STATUS,INFO,BUILDLMDB,active,,,archived envdir to: {path},implemented,core,COMMAND:BUILDLMDB,compiled_registry_v1,src/help/helpdata_messages.cpp,true,true,true,,,"owner_scope=COMMAND:BUILDLMDB ; facility_derived=BUILDLMDB ; default_text_shape=singleline ; source=all_messages() ; enrichment_pending=HELP_TOPIC,CMDHELPCHK"
MSG_BUILDLMDB_LMDB_STEP_4AA2B87D,BUILDLMDB_LMDB_STEP_TAG_FAILED,BuildLmdbLmdbStepTagFailed,en-US,GLOBAL,ERROR,ERROR,BUILDLMDB,active,,,{step} failed for tag {tag}: {code} ({detail}),implemented,core,COMMAND:BUILDLMDB,compiled_registry_v1,src/help/helpdata_messages.cpp,true,true,true,,,"owner_scope=COMMAND:BUILDLMDB ; facility_derived=BUILDLMDB ; default_text_shape=singleline ; source=all_messages() ; enrichment_pending=HELP_TOPIC,CMDHELPCHK"
MSG_BUILDLMDB_PUT_FAILE_A2F8801C,BUILDLMDB_PUT_FAILED,BuildLmdbPutFailed,en-US,GLOBAL,ERROR,ERROR,BUILDLMDB,active,,,put failed for tag {tag} rec {recno}: {code} ({detail}),implemented,core,COMMAND:BUILDLMDB,compiled_registry_v1,src/help/helpdata_messages.cpp,true,true,true,,,"owner_scope=COMMAND:BUILDLMDB ; facility_derived=BUILDLMDB ; default_text_shape=singleline ; source=all_messages() ; enrichment_pending=HELP_TOPIC,CMDHELPCHK"
MSG_BUILDLMDB_UNABLE_CR_8F3EFBC1,BUILDLMDB_UNABLE_CREATE_ENV_DIR,BuildLmdbUnableCreateEnvDir,en-US,GLOBAL,ERROR,ERROR,BUILDLMDB,active,,,unable to create env dir: {path},implemented,core,COMMAND:BUILDLMDB,compiled_registry_v1,src/help/helpdata_messages.cpp,true,true,true,,,"owner_scope=COMMAND:BUILDLMDB ; facility_derived=BUILDLMDB ; default_text_shape=singleline ; source=all_messages() ; enrichment_pending=HELP_TOPIC,CMDHELPCHK"
MSG_BUILDLMDB_LMDB_STEP_40026EE9,BUILDLMDB_LMDB_STEP_FAILED,BuildLmdbLmdbStepFailed,en-US,GLOBAL,ERROR,ERROR,BUILDLMDB,active,,,{step} failed: {code} ({detail}),implemented,core,COMMAND:BUILDLMDB,compiled_registry_v1,src/help/helpdata_messages.cpp,true,true,true,,,"owner_scope=COMMAND:BUILDLMDB ; facility_derived=BUILDLMDB ; default_text_shape=singleline ; source=all_messages() ; enrichment_pending=HELP_TOPIC,CMDHELPCHK"
MSG_BUILDLMDB_MAPSIZE_R_D4A22F96,BUILDLMDB_MAPSIZE_REQUIRES_VALUE,BuildLmdbMapsizeRequiresValue,en-US,GLOBAL,ERROR,ERROR,BUILDLMDB,active,,,"{keyword} requires a value like 64M, 128M, 1G.",implemented,core,COMMAND:BUILDLMDB,compiled_registry_v1,src/help/helpdata_messages.cpp,true,true,true,,,"owner_scope=COMMAND:BUILDLMDB ; facility_derived=BUILDLMDB ; default_text_shape=singleline ; source=all_messages() ; enrichment_pending=HELP_TOPIC,CMDHELPCHK"
MSG_BUILDLMDB_INVALID_M_6465A054,BUILDLMDB_INVALID_MAPSIZE,BuildLmdbInvalidMapsize,en-US,GLOBAL,ERROR,ERROR,BUILDLMDB,active,,,invalid mapsize: {value},implemented,core,COMMAND:BUILDLMDB,compiled_registry_v1,src/help/helpdata_messages.cpp,true,true,true,,,"owner_scope=COMMAND:BUILDLMDB ; facility_derived=BUILDLMDB ; default_text_shape=singleline ; source=all_messages() ; enrichment_pending=HELP_TOPIC,CMDHELPCHK"
MSG_BUILDLMDB_UNKNOWN_O_21AE0041,BUILDLMDB_UNKNOWN_OPTIONS,BuildLmdbUnknownOptions,en-US,GLOBAL,ERROR,ERROR,BUILDLMDB,active,,,unknown option(s): {options},implemented,core,COMMAND:BUILDLMDB,compiled_registry_v1,src/help/helpdata_messages.cpp,true,true,true,,,"owner_scope=COMMAND:BUILDLMDB ; facility_derived=BUILDLMDB ; default_text_shape=singleline ; source=all_messages() ; enrichment_pending=HELP_TOPIC,CMDHELPCHK"
MSG_BUILDLMDB_NO_TABLE__6F3C5485,BUILDLMDB_NO_TABLE_OPEN,BuildLmdbNoTableOpen,en-US,GLOBAL,ERROR,ERROR,BUILDLMDB,active,,,No table open.,implemented,core,COMMAND:BUILDLMDB,compiled_registry_v1,src/help/helpdata_messages.cpp,true,true,true,,,"owner_scope=COMMAND:BUILDLMDB ; facility_derived=BUILDLMDB ; default_text_shape=singleline ; source=all_messages() ; enrichment_pending=HELP_TOPIC,CMDHELPCHK"
MSG_BUILDLMDB_TARGET_CO_63F35C71,BUILDLMDB_TARGET_CONTAINER_LINE,BuildLmdbTargetContainerLine,en-US,GLOBAL,STATUS,INFO,BUILDLMDB,active,,,target container {path},implemented,core,COMMAND:BUILDLMDB,compiled_registry_v1,src/help/helpdata_messages.cpp,true,true,true,,,"owner_scope=COMMAND:BUILDLMDB ; facility_derived=BUILDLMDB ; default_text_shape=singleline ; source=all_messages() ; enrichment_pending=HELP_TOPIC,CMDHELPCHK"
MSG_BUILDLMDB_ENV_LINE_59B94A21,BUILDLMDB_ENV_LINE,BuildLmdbEnvLine,en-US,GLOBAL,STATUS,INFO,BUILDLMDB,active,,,LMDB env {path},implemented,core,COMMAND:BUILDLMDB,compiled_registry_v1,src/help/helpdata_messages.cpp,true,true,true,,,"owner_scope=COMMAND:BUILDLMDB ; facility_derived=BUILDLMDB ; default_text_shape=singleline ; source=all_messages() ; enrichment_pending=HELP_TOPIC,CMDHELPCHK"
MSG_BUILDLMDB_MAPSIZE_I_5DD6817B,BUILDLMDB_MAPSIZE_INFO_LINE,BuildLmdbMapsizeInfoLine,en-US,GLOBAL,STATUS,INFO,BUILDLMDB,active,,,mapsize {value},implemented,core,COMMAND:BUILDLMDB,compiled_registry_v1,src/help/helpdata_messages.cpp,true,true,true,,,"owner_scope=COMMAND:BUILDLMDB ; facility_derived=BUILDLMDB ; default_text_shape=singleline ; source=all_messages() ; enrichment_pending=HELP_TOPIC,CMDHELPCHK"
MSG_BUILDLMDB_DESTRUCTI_62A06164,BUILDLMDB_DESTRUCTIVE_WARNING_TEXT,BuildLmdbDestructiveWarningText,en-US,GLOBAL,WARNING,WARNING,BUILDLMDB,active,,,/ WARNING: LMDB environment directory already exists and appears to contain data: / {path} / Rebuilding will DROP and recreate all tag databases inside it. / This is a destructive ,implemented,core,COMMAND:BUILDLMDB,compiled_registry_v1,src/help/helpdata_messages.cpp,true,true,true,,,"owner_scope=COMMAND:BUILDLMDB ; facility_derived=BUILDLMDB ; default_text_shape=multiline ; source=all_messages() ; enrichment_pending=HELP_TOPIC,CMDHELPCHK"
MSG_BUILDLMDB_AUTO_CONF_9847C51D,BUILDLMDB_AUTO_CONFIRMED,BuildLmdbAutoConfirmed,en-US,GLOBAL,STATUS,INFO,BUILDLMDB,active,,,auto-confirmed rebuild of existing env.,implemented,core,COMMAND:BUILDLMDB,compiled_registry_v1,src/help/helpdata_messages.cpp,true,true,true,,,"owner_scope=COMMAND:BUILDLMDB ; facility_derived=BUILDLMDB ; default_text_shape=singleline ; source=all_messages() ; enrichment_pending=HELP_TOPIC,CMDHELPCHK"
MSG_BUILDLMDB_RELEASING_1F5C040A,BUILDLMDB_RELEASING_ACTIVE_INDEX,BuildLmdbReleasingActiveIndex,en-US,GLOBAL,STATUS,INFO,BUILDLMDB,active,,,releasing active index/order before rebuild.,implemented,core,COMMAND:BUILDLMDB,compiled_registry_v1,src/help/helpdata_messages.cpp,true,true,true,,,"owner_scope=COMMAND:BUILDLMDB ; facility_derived=BUILDLMDB ; default_text_shape=singleline ; source=all_messages() ; enrichment_pending=HELP_TOPIC,CMDHELPCHK"
MSG_BUILDLMDB_ARCHIVE_F_E2BE388F,BUILDLMDB_ARCHIVE_FAILED_ABORTING,BuildLmdbArchiveFailedAborting,en-US,GLOBAL,ERROR,ERROR,BUILDLMDB,active,,,archive failed - aborting.,implemented,core,COMMAND:BUILDLMDB,compiled_registry_v1,src/help/helpdata_messages.cpp,true,true,true,,,"owner_scope=COMMAND:BUILDLMDB ; facility_derived=BUILDLMDB ; default_text_shape=singleline ; source=all_messages() ; enrichment_pending=HELP_TOPIC,CMDHELPCHK"
MSG_BUILDLMDB_TAG_OK_LI_231D5DAF,BUILDLMDB_TAG_OK_LINE,BuildLmdbTagOkLine,en-US,GLOBAL,STATUS,INFO,BUILDLMDB,active,,,[{index}] {tag} : OK,implemented,core,COMMAND:BUILDLMDB,compiled_registry_v1,src/help/helpdata_messages.cpp,true,true,true,,,"owner_scope=COMMAND:BUILDLMDB ; facility_derived=BUILDLMDB ; default_text_shape=singleline ; source=all_messages() ; enrichment_pending=HELP_TOPIC,CMDHELPCHK"
MSG_BUILDLMDB_DONE_TAGS_1A4F5B00,BUILDLMDB_DONE_TAGS_REBUILT,BuildLmdbDoneTagsRebuilt,en-US,GLOBAL,STATUS,INFO,BUILDLMDB,active,,,done OK={count} tags rebuilt.,implemented,core,COMMAND:BUILDLMDB,compiled_registry_v1,src/help/helpdata_messages.cpp,true,true,true,,,"owner_scope=COMMAND:BUILDLMDB ; facility_derived=BUILDLMDB ; default_text_shape=singleline ; source=all_messages() ; enrichment_pending=HELP_TOPIC,CMDHELPCHK"
MSG_BUILDLMDB_CDX_CONTA_FDF45D75,BUILDLMDB_CDX_CONTAINER_LINE,BuildLmdbCdxContainerLine,en-US,GLOBAL,STATUS,INFO,BUILDLMDB,active,,,CDX container : {path},implemented,core,COMMAND:BUILDLMDB,compiled_registry_v1,src/help/helpdata_messages.cpp,true,true,true,,,"owner_scope=COMMAND:BUILDLMDB ; facility_derived=BUILDLMDB ; default_text_shape=singleline ; source=all_messages() ; enrichment_pending=HELP_TOPIC,CMDHELPCHK"
MSG_BUILDLMDB_LMDB_ENVI_C5C0C147,BUILDLMDB_LMDB_ENVIRONMENT_LINE,BuildLmdbLmdbEnvironmentLine,en-US,GLOBAL,STATUS,INFO,BUILDLMDB,active,,,LMDB environment: {path},implemented,core,COMMAND:BUILDLMDB,compiled_registry_v1,src/help/helpdata_messages.cpp,true,true,true,,,"owner_scope=COMMAND:BUILDLMDB ; facility_derived=BUILDLMDB ; default_text_shape=singleline ; source=all_messages() ; enrichment_pending=HELP_TOPIC,CMDHELPCHK"
MSG_BUILDLMDB_MAPSIZE_R_82335600,BUILDLMDB_MAPSIZE_REPORT_LINE,BuildLmdbMapsizeReportLine,en-US,GLOBAL,STATUS,INFO,BUILDLMDB,active,,,Mapsize : {value},implemented,core,COMMAND:BUILDLMDB,compiled_registry_v1,src/help/helpdata_messages.cpp,true,true,true,,,"owner_scope=COMMAND:BUILDLMDB ; facility_derived=BUILDLMDB ; default_text_shape=singleline ; source=all_messages() ; enrichment_pending=HELP_TOPIC,CMDHELPCHK"
MSG_BUILDLMDB_FAILED_TO_A3858A24,BUILDLMDB_FAILED_TO_BUILD_ENV,BuildLmdbFailedToBuildEnv,en-US,GLOBAL,ERROR,ERROR,BUILDLMDB,active,,,failed to build LMDB environment.,implemented,core,COMMAND:BUILDLMDB,compiled_registry_v1,src/help/helpdata_messages.cpp,true,true,true,,,"owner_scope=COMMAND:BUILDLMDB ; facility_derived=BUILDLMDB ; default_text_shape=singleline ; source=all_messages() ; enrichment_pending=HELP_TOPIC,CMDHELPCHK"
MSG_BBOX_USAGE_TEXT_8EC76F45,BBOX_USAGE_TEXT,BBoxUsageText,en-US,GLOBAL,STATUS,INFO,BBOX,active,,,Usage: / BBOX / BBOX USAGE / BBOX MODEL / BBOX LANES / BBOX COMMENTS / BBOX HELP / BBOX MANUALGEN / BBOX DATADICT / BBOX MESSAGING / BBOX MAINT / Notes: / - BBOX is read-only and e,implemented,core,COMMAND:BBOX,compiled_registry_v1,src/help/helpdata_messages.cpp,true,true,true,,,"owner_scope=COMMAND:BBOX ; facility_derived=BBOX ; default_text_shape=multiline ; source=all_messages() ; enrichment_pending=HELP_TOPIC,CMDHELPCHK"
MSG_BBOX_MODEL_TEXT_F7B2CB0A,BBOX_MODEL_TEXT,BBoxModelText,en-US,GLOBAL,STATUS,INFO,BBOX,active,,,"BLACKBOX MODEL / DATA IN / source comments, usage contracts, DBFs, scripts, Markdown, media, source code, catalogs / / PROCESSING / scan, harvest, classify, import, build, validate",implemented,core,COMMAND:BBOX,compiled_registry_v1,src/help/helpdata_messages.cpp,true,true,true,,,"owner_scope=COMMAND:BBOX ; facility_derived=BBOX ; default_text_shape=multiline ; source=all_messages() ; enrichment_pending=HELP_TOPIC,CMDHELPCHK"
MSG_BBOX_LANES_TEXT_058CE9B7,BBOX_LANES_TEXT,BBoxLanesText,en-US,GLOBAL,STATUS,INFO,BBOX,active,,,"BBOX LANES / COMMENTS source comments and @dottalk.usage -> SRC* evidence catalogs / HELP registry, DOTREF, usage contracts -> HELP DATA and CMDHELP / MANUALGEN manual sections/med",implemented,core,COMMAND:BBOX,compiled_registry_v1,src/help/helpdata_messages.cpp,true,true,true,,,"owner_scope=COMMAND:BBOX ; facility_derived=BBOX ; default_text_shape=multiline ; source=all_messages() ; enrichment_pending=HELP_TOPIC,CMDHELPCHK"
MSG_BBOX_COMMENTS_LANE__9CF24EEC,BBOX_COMMENTS_LANE_TEXT,BBoxCommentsLaneText,en-US,GLOBAL,STATUS,INFO,BBOX,active,,,"COMMENTS BLACKBOX / DATA IN: source files, header comments, @dottalk.usage v1 blocks / PROCESS: harvest, classify, import, validate, review disposition / OUT: SRCFILE, SRCBLOCK, SR",implemented,core,COMMAND:BBOX,compiled_registry_v1,src/help/helpdata_messages.cpp,true,true,true,,,"owner_scope=COMMAND:BBOX ; facility_derived=BBOX ; default_text_shape=multiline ; source=all_messages() ; enrichment_pending=HELP_TOPIC,CMDHELPCHK"
MSG_BBOX_HELP_LANE_TEXT_A9FE5310,BBOX_HELP_LANE_TEXT,BBoxHelpLaneText,en-US,GLOBAL,STATUS,INFO,BBOX,active,,,"HELP BLACKBOX / DATA IN: command registry, dotref.hpp, foxref.hpp, usage contracts, curated rows, source-mined facts / PROCESS: CMDHELP BUILD, HELP DATA generation, validation, run",implemented,core,COMMAND:BBOX,compiled_registry_v1,src/help/helpdata_messages.cpp,true,true,true,,,"owner_scope=COMMAND:BBOX ; facility_derived=BBOX ; default_text_shape=multiline ; source=all_messages() ; enrichment_pending=HELP_TOPIC,CMDHELPCHK"
MSG_BBOX_MANUALGEN_LANE_45B2A7C7,BBOX_MANUALGEN_LANE_TEXT,BBoxManualgenLaneText,en-US,GLOBAL,STATUS,INFO,BBOX,active,,,"MANUALGEN BLACKBOX / DATA IN: section files, appendices, media anchors, review queues, manifests / PROCESS: assemble, normalize, validate, publish, catalog, runtime smoke / OUT: pu",implemented,core,COMMAND:BBOX,compiled_registry_v1,src/help/helpdata_messages.cpp,true,true,true,,,"owner_scope=COMMAND:BBOX ; facility_derived=BBOX ; default_text_shape=multiline ; source=all_messages() ; enrichment_pending=HELP_TOPIC,CMDHELPCHK"
MSG_BBOX_DATADICT_LANE__011AEC68,BBOX_DATADICT_LANE_TEXT,BBoxDatadictLaneText,en-US,GLOBAL,STATUS,INFO,BBOX,active,,,"DATADICT BLACKBOX / DATA IN: data dictionary manifests, DD* candidate rows, x64 DATA_DICTIONARY_* physical tables / PROCESS: stage, import, validate, CDX/LMDB build, runtime smoke ",implemented,core,COMMAND:BBOX,compiled_registry_v1,src/help/helpdata_messages.cpp,true,true,true,,,"owner_scope=COMMAND:BBOX ; facility_derived=BBOX ; default_text_shape=multiline ; source=all_messages() ; enrichment_pending=HELP_TOPIC,CMDHELPCHK"
MSG_BBOX_MESSAGING_LANE_7A94FEB4,BBOX_MESSAGING_LANE_TEXT,BBoxMessagingLaneText,en-US,GLOBAL,STATUS,INFO,BBOX,active,,,"MESSAGING BLACKBOX / DATA IN: hard-coded text, message IDs, message arguments, locale/language rows / PROCESS: extract, catalog, localize, validate placeholders, replace source str",implemented,core,COMMAND:BBOX,compiled_registry_v1,src/help/helpdata_messages.cpp,true,true,true,,,"owner_scope=COMMAND:BBOX ; facility_derived=BBOX ; default_text_shape=multiline ; source=all_messages() ; enrichment_pending=HELP_TOPIC,CMDHELPCHK"
MSG_BBOX_MAINT_LANE_TEX_B01C0C80,BBOX_MAINT_LANE_TEXT,BBoxMaintLaneText,en-US,GLOBAL,STATUS,INFO,BBOX,active,,,"MAINT BLACKBOX / PURPOSE: developer/SDLC maintenance inspection over documented lanes and cookbooks / PRIMARY APP: native C++ MAINT surface, planned separately / EXTERNAL TOOLS: Py",implemented,core,COMMAND:BBOX,compiled_registry_v1,src/help/helpdata_messages.cpp,true,true,true,,,"owner_scope=COMMAND:BBOX ; facility_derived=BBOX ; default_text_shape=multiline ; source=all_messages() ; enrichment_pending=HELP_TOPIC,CMDHELPCHK"
MSG_BBOX_UNKNOWN_TOPIC_B94B155F,BBOX_UNKNOWN_TOPIC,BBoxUnknownTopic,en-US,GLOBAL,ERROR,ERROR,BBOX,active,,,unknown topic: {topic},implemented,core,COMMAND:BBOX,compiled_registry_v1,src/help/helpdata_messages.cpp,true,true,true,,,"owner_scope=COMMAND:BBOX ; facility_derived=BBOX ; default_text_shape=singleline ; source=all_messages() ; enrichment_pending=HELP_TOPIC,CMDHELPCHK"
MSG_MAINT_USAGE_TEXT_15498F4E,MAINT_USAGE_TEXT,MaintUsageText,en-US,GLOBAL,STATUS,INFO,MAINT,active,,,Usage: / MAINT / MAINT USAGE / MAINT STATUS / MAINT LANES / MAINT COOKBOOK / MAINT BOUNDARY / MAINT BBOX / Notes: / - MAINT is read-only first wave. / - MAINT inspects maintenance ,implemented,core,COMMAND:MAINT,compiled_registry_v1,src/help/helpdata_messages.cpp,true,true,true,,,"owner_scope=COMMAND:MAINT ; facility_derived=MAINT ; default_text_shape=multiline ; source=all_messages() ; enrichment_pending=HELP_TOPIC,CMDHELPCHK"
MSG_MAINT_STATUS_TEXT_EE431F83,MAINT_STATUS_TEXT,MaintStatusText,en-US,GLOBAL,STATUS,INFO,MAINT,active,,,"MAINT STATUS / mode: read-only / purpose: inspect DotTalk++ maintenance/SDLC lanes and boundaries / native app: yes, C++ command surface / executes maintenance scripts: no / mutate",implemented,core,COMMAND:MAINT,compiled_registry_v1,src/help/helpdata_messages.cpp,true,true,true,,,"owner_scope=COMMAND:MAINT ; facility_derived=MAINT ; default_text_shape=multiline ; source=all_messages() ; enrichment_pending=HELP_TOPIC,CMDHELPCHK"
MSG_MAINT_LANES_TEXT_BD68B790,MAINT_LANES_TEXT,MaintLanesText,en-US,GLOBAL,STATUS,INFO,MAINT,active,,,"MAINT LANES / comments - source comments and @dottalk.usage evidence / help - HELP, CMDHELP, DOTREF, and help-route evidence / cmdhelpchk - HELP/registry/source-contract validation",implemented,core,COMMAND:MAINT,compiled_registry_v1,src/help/helpdata_messages.cpp,true,true,true,,,"owner_scope=COMMAND:MAINT ; facility_derived=MAINT ; default_text_shape=multiline ; source=all_messages() ; enrichment_pending=HELP_TOPIC,CMDHELPCHK"
MSG_MAINT_COOKBOOK_TEXT_81B392DA,MAINT_COOKBOOK_TEXT,MaintCookbookText,en-US,GLOBAL,STATUS,INFO,MAINT,active,,,MAINT COOKBOOK / docs root : docs\maintenance / script root : dottalkpp\scripts\maintenance / runtime scripts stay under dottalkpp\data\scripts / native source support is reserved ,implemented,core,COMMAND:MAINT,compiled_registry_v1,src/help/helpdata_messages.cpp,true,true,true,,,"owner_scope=COMMAND:MAINT ; facility_derived=MAINT ; default_text_shape=multiline ; source=all_messages() ; enrichment_pending=HELP_TOPIC,CMDHELPCHK"
MSG_MAINT_BOUNDARY_TEXT_8C0A6B8B,MAINT_BOUNDARY_TEXT,MaintBoundaryText,en-US,GLOBAL,STATUS,INFO,MAINT,active,,,MAINT BOUNDARY / first-wave MAINT is inspection-only. / It must not mutate: / - source files / - HELP DATA or raw HELP DBFs / - CMDHELPCHK expectations / - metadata catalogs / - DB,implemented,core,COMMAND:MAINT,compiled_registry_v1,src/help/helpdata_messages.cpp,true,true,true,,,"owner_scope=COMMAND:MAINT ; facility_derived=MAINT ; default_text_shape=multiline ; source=all_messages() ; enrichment_pending=HELP_TOPIC,CMDHELPCHK"
MSG_MAINT_BBOX_RELATION_D09B8D6D,MAINT_BBOX_RELATION_TEXT,MaintBboxRelationText,en-US,GLOBAL,STATUS,INFO,MAINT,active,,,"MAINT BBOX / BBOX teaches the Blackbox model: data in, processing, information out. / MAINT inspects the SDLC maintenance controls around those transformations. / Relationship: / B",implemented,core,COMMAND:MAINT,compiled_registry_v1,src/help/helpdata_messages.cpp,true,true,true,,,"owner_scope=COMMAND:MAINT ; facility_derived=MAINT ; default_text_shape=multiline ; source=all_messages() ; enrichment_pending=HELP_TOPIC,CMDHELPCHK"
MSG_MAINT_UNKNOWN_TOPIC_F5D00F7E,MAINT_UNKNOWN_TOPIC,MaintUnknownTopic,en-US,GLOBAL,ERROR,ERROR,MAINT,active,,,unknown topic: {topic} / Use MAINT USAGE.,implemented,core,COMMAND:MAINT,compiled_registry_v1,src/help/helpdata_messages.cpp,true,true,true,,,"owner_scope=COMMAND:MAINT ; facility_derived=MAINT ; default_text_shape=multiline ; source=all_messages() ; enrichment_pending=HELP_TOPIC,CMDHELPCHK"
MSG_DDICT_USAGE_TEXT_AC929814,DDICT_USAGE_TEXT,DDictUsageText,en-US,GLOBAL,STATUS,INFO,DDICT,active,,,Usage: / DDICT HELP / DDICT STATUS / DDICT TABLES / DDICT OBJECTS [TYPE <type>] [PROFILE <profile>] / DDICT FIELDS <table> / DDICT TAGS <table> / DDICT REL <object-id-or-name> [IN|,implemented,core,COMMAND:DDICT,compiled_registry_v1,src/help/helpdata_messages.cpp,true,true,true,,,"owner_scope=COMMAND:DDICT ; facility_derived=DDICT ; default_text_shape=multiline ; source=all_messages() ; enrichment_pending=HELP_TOPIC,CMDHELPCHK"
MSG_DDICT_STATUS_TITLE_4437961A,DDICT_STATUS_TITLE,DDictStatusTitle,en-US,GLOBAL,STATUS,INFO,DDICT,active,,,DDICT STATUS,implemented,core,COMMAND:DDICT,compiled_registry_v1,src/help/helpdata_messages.cpp,true,true,true,,,"owner_scope=COMMAND:DDICT ; facility_derived=DDICT ; default_text_shape=singleline ; source=all_messages() ; enrichment_pending=HELP_TOPIC,CMDHELPCHK"
MSG_DDICT_ACTIVE_CATALO_A54440BD,DDICT_ACTIVE_CATALOG_LINE,DDictActiveCatalogLine,en-US,GLOBAL,STATUS,INFO,DDICT,active,,,Active catalog: {path},implemented,core,COMMAND:DDICT,compiled_registry_v1,src/help/helpdata_messages.cpp,true,true,true,,,"owner_scope=COMMAND:DDICT ; facility_derived=DDICT ; default_text_shape=singleline ; source=all_messages() ; enrichment_pending=HELP_TOPIC,CMDHELPCHK"
MSG_DDICT_READ_MODE_LIN_C41F8CA8,DDICT_READ_MODE_LINE,DDictReadModeLine,en-US,GLOBAL,STATUS,INFO,DDICT,active,,,Read mode : READ-ONLY,implemented,core,COMMAND:DDICT,compiled_registry_v1,src/help/helpdata_messages.cpp,true,true,true,,,"owner_scope=COMMAND:DDICT ; facility_derived=DDICT ; default_text_shape=singleline ; source=all_messages() ; enrichment_pending=HELP_TOPIC,CMDHELPCHK"
MSG_DDICT_DBF_TABLES_LI_8E1AA9C8,DDICT_DBF_TABLES_LINE,DDictDbfTablesLine,en-US,GLOBAL,STATUS,INFO,DDICT,active,,,DBF tables : {present} / {expected},implemented,core,COMMAND:DDICT,compiled_registry_v1,src/help/helpdata_messages.cpp,true,true,true,,,"owner_scope=COMMAND:DDICT ; facility_derived=DDICT ; default_text_shape=singleline ; source=all_messages() ; enrichment_pending=HELP_TOPIC,CMDHELPCHK"
MSG_DDICT_DTX_SIDECARS__1D54D998,DDICT_DTX_SIDECARS_LINE,DDictDtxSidecarsLine,en-US,GLOBAL,STATUS,INFO,DDICT,active,,,DTX sidecars : {present} / {expected},implemented,core,COMMAND:DDICT,compiled_registry_v1,src/help/helpdata_messages.cpp,true,true,true,,,"owner_scope=COMMAND:DDICT ; facility_derived=DDICT ; default_text_shape=singleline ; source=all_messages() ; enrichment_pending=HELP_TOPIC,CMDHELPCHK"
MSG_DDICT_DBF_BYTES_LIN_B45A4A25,DDICT_DBF_BYTES_LINE,DDictDbfBytesLine,en-US,GLOBAL,STATUS,INFO,DDICT,active,,,DBF bytes : {bytes},implemented,core,COMMAND:DDICT,compiled_registry_v1,src/help/helpdata_messages.cpp,true,true,true,,,"owner_scope=COMMAND:DDICT ; facility_derived=DDICT ; default_text_shape=singleline ; source=all_messages() ; enrichment_pending=HELP_TOPIC,CMDHELPCHK"
MSG_DDICT_CATALOG_STATE_73ABC751,DDICT_CATALOG_STATE_PRESENT_LINE,DDictCatalogStatePresentLine,en-US,GLOBAL,STATUS,INFO,DDICT,active,,,Catalog state : ACTIVE_CATALOG_PRESENT,implemented,core,COMMAND:DDICT,compiled_registry_v1,src/help/helpdata_messages.cpp,true,true,true,,,"owner_scope=COMMAND:DDICT ; facility_derived=DDICT ; default_text_shape=singleline ; source=all_messages() ; enrichment_pending=HELP_TOPIC,CMDHELPCHK"
MSG_DDICT_CATALOG_STATE_F90A6500,DDICT_CATALOG_STATE_REVIEW_LINE,DDictCatalogStateReviewLine,en-US,GLOBAL,STATUS,INFO,DDICT,active,,,Catalog state : ACTIVE_CATALOG_REVIEW,implemented,core,COMMAND:DDICT,compiled_registry_v1,src/help/helpdata_messages.cpp,true,true,true,,,"owner_scope=COMMAND:DDICT ; facility_derived=DDICT ; default_text_shape=singleline ; source=all_messages() ; enrichment_pending=HELP_TOPIC,CMDHELPCHK"
MSG_DDICT_TABLES_TITLE_9DE3DF64,DDICT_TABLES_TITLE,DDictTablesTitle,en-US,GLOBAL,STATUS,INFO,DDICT,active,,,DDICT TABLES,implemented,core,COMMAND:DDICT,compiled_registry_v1,src/help/helpdata_messages.cpp,true,true,true,,,"owner_scope=COMMAND:DDICT ; facility_derived=DDICT ; default_text_shape=singleline ; source=all_messages() ; enrichment_pending=HELP_TOPIC,CMDHELPCHK"
MSG_DDICT_TABLES_COLUMN_198311FD,DDICT_TABLES_COLUMN_HEADER,DDictTablesColumnHeader,en-US,GLOBAL,STATUS,INFO,DDICT,active,,,Table DBF DTX DBF_BYTES,implemented,core,COMMAND:DDICT,compiled_registry_v1,src/help/helpdata_messages.cpp,true,true,true,,,"owner_scope=COMMAND:DDICT ; facility_derived=DDICT ; default_text_shape=singleline ; source=all_messages() ; enrichment_pending=HELP_TOPIC,CMDHELPCHK"
MSG_DDICT_TABLES_DIVIDE_B6084357,DDICT_TABLES_DIVIDER,DDictTablesDivider,en-US,GLOBAL,STATUS,INFO,DDICT,active,,,---------- --- --- ---------,implemented,core,COMMAND:DDICT,compiled_registry_v1,src/help/helpdata_messages.cpp,true,true,true,,,"owner_scope=COMMAND:DDICT ; facility_derived=DDICT ; default_text_shape=singleline ; source=all_messages() ; enrichment_pending=HELP_TOPIC,CMDHELPCHK"
MSG_DDICT_FIELDS_REQUIR_4A65CFDF,DDICT_FIELDS_REQUIRES_TABLE_NAME,DDictFieldsRequiresTableName,en-US,GLOBAL,ERROR,ERROR,DDICT,active,,,FIELDS requires a table name.,implemented,core,COMMAND:DDICT,compiled_registry_v1,src/help/helpdata_messages.cpp,true,true,true,,,"owner_scope=COMMAND:DDICT ; facility_derived=DDICT ; default_text_shape=singleline ; source=all_messages() ; enrichment_pending=HELP_TOPIC,CMDHELPCHK"
MSG_DDICT_FIELDS_TITLE_75B73F48,DDICT_FIELDS_TITLE,DDictFieldsTitle,en-US,GLOBAL,STATUS,INFO,DDICT,active,,,DDICT FIELDS {table},implemented,core,COMMAND:DDICT,compiled_registry_v1,src/help/helpdata_messages.cpp,true,true,true,,,"owner_scope=COMMAND:DDICT ; facility_derived=DDICT ; default_text_shape=singleline ; source=all_messages() ; enrichment_pending=HELP_TOPIC,CMDHELPCHK"
MSG_DDICT_FIELD_ROWS_LI_0E38777F,DDICT_FIELD_ROWS_LINE,DDictFieldRowsLine,en-US,GLOBAL,STATUS,INFO,DDICT,active,,,Field rows : {count},implemented,core,COMMAND:DDICT,compiled_registry_v1,src/help/helpdata_messages.cpp,true,true,true,,,"owner_scope=COMMAND:DDICT ; facility_derived=DDICT ; default_text_shape=singleline ; source=all_messages() ; enrichment_pending=HELP_TOPIC,CMDHELPCHK"
MSG_DDICT_METADATA_OWNE_B4FB0D39,DDICT_METADATA_OWNER_LINE,DDictMetadataOwnerLine,en-US,GLOBAL,STATUS,INFO,DDICT,active,,,Metadata owner: {owner},implemented,core,COMMAND:DDICT,compiled_registry_v1,src/help/helpdata_messages.cpp,true,true,true,,,"owner_scope=COMMAND:DDICT ; facility_derived=DDICT ; default_text_shape=singleline ; source=all_messages() ; enrichment_pending=HELP_TOPIC,CMDHELPCHK"
MSG_DDICT_FIELDS_NO_FIE_1CF18410,DDICT_FIELDS_NO_FIELDS_LINE,DDictFieldsNoFieldsLine,en-US,GLOBAL,STATUS,INFO,DDICT,active,,,Result : NO_FIELDS_FOUND,implemented,core,COMMAND:DDICT,compiled_registry_v1,src/help/helpdata_messages.cpp,true,true,true,,,"owner_scope=COMMAND:DDICT ; facility_derived=DDICT ; default_text_shape=singleline ; source=all_messages() ; enrichment_pending=HELP_TOPIC,CMDHELPCHK"
MSG_DDICT_FIELDS_EXPECT_BA9CE6D0,DDICT_FIELDS_EXPECTED_OWNERS_NOTE,DDictFieldsExpectedOwnersNote,en-US,GLOBAL,STATUS,INFO,DDICT,active,,,Note : expected DDOBJECT rows where OBJTYPE=CATALOG_FIELD and OWNER in {owners},implemented,core,COMMAND:DDICT,compiled_registry_v1,src/help/helpdata_messages.cpp,true,true,true,,,"owner_scope=COMMAND:DDICT ; facility_derived=DDICT ; default_text_shape=singleline ; source=all_messages() ; enrichment_pending=HELP_TOPIC,CMDHELPCHK"
MSG_DDICT_FIELDS_COLUMN_54BF4A80,DDICT_FIELDS_COLUMN_HEADER,DDictFieldsColumnHeader,en-US,GLOBAL,STATUS,INFO,DDICT,active,,,Field OBJID STATUS PROFILE ATTRS,implemented,core,COMMAND:DDICT,compiled_registry_v1,src/help/helpdata_messages.cpp,true,true,true,,,"owner_scope=COMMAND:DDICT ; facility_derived=DDICT ; default_text_shape=singleline ; source=all_messages() ; enrichment_pending=HELP_TOPIC,CMDHELPCHK"
MSG_DDICT_FIELDS_DIVIDE_BAE6655C,DDICT_FIELDS_DIVIDER,DDictFieldsDivider,en-US,GLOBAL,STATUS,INFO,DDICT,active,,,---------- ------------------------ ------------------------ ------------ -----,implemented,core,COMMAND:DDICT,compiled_registry_v1,src/help/helpdata_messages.cpp,true,true,true,,,"owner_scope=COMMAND:DDICT ; facility_derived=DDICT ; default_text_shape=singleline ; source=all_messages() ; enrichment_pending=HELP_TOPIC,CMDHELPCHK"
MSG_DDICT_TAGS_REQUIRES_364DA1CF,DDICT_TAGS_REQUIRES_TABLE_NAME,DDictTagsRequiresTableName,en-US,GLOBAL,ERROR,ERROR,DDICT,active,,,TAGS requires a table name.,implemented,core,COMMAND:DDICT,compiled_registry_v1,src/help/helpdata_messages.cpp,true,true,true,,,"owner_scope=COMMAND:DDICT ; facility_derived=DDICT ; default_text_shape=singleline ; source=all_messages() ; enrichment_pending=HELP_TOPIC,CMDHELPCHK"
MSG_DDICT_TAGS_TITLE_6F6EE564,DDICT_TAGS_TITLE,DDictTagsTitle,en-US,GLOBAL,STATUS,INFO,DDICT,active,,,DDICT TAGS {table},implemented,core,COMMAND:DDICT,compiled_registry_v1,src/help/helpdata_messages.cpp,true,true,true,,,"owner_scope=COMMAND:DDICT ; facility_derived=DDICT ; default_text_shape=singleline ; source=all_messages() ; enrichment_pending=HELP_TOPIC,CMDHELPCHK"
MSG_DDICT_TABLE_DBF_LIN_61845FB9,DDICT_TABLE_DBF_LINE,DDictTableDbfLine,en-US,GLOBAL,STATUS,INFO,DDICT,active,,,Table DBF : {value},implemented,core,COMMAND:DDICT,compiled_registry_v1,src/help/helpdata_messages.cpp,true,true,true,,,"owner_scope=COMMAND:DDICT ; facility_derived=DDICT ; default_text_shape=singleline ; source=all_messages() ; enrichment_pending=HELP_TOPIC,CMDHELPCHK"
MSG_DDICT_CDX_ARTIFACT__0C0BE990,DDICT_CDX_ARTIFACT_LINE,DDictCdxArtifactLine,en-US,GLOBAL,STATUS,INFO,DDICT,active,,,CDX artifact : {value},implemented,core,COMMAND:DDICT,compiled_registry_v1,src/help/helpdata_messages.cpp,true,true,true,,,"owner_scope=COMMAND:DDICT ; facility_derived=DDICT ; default_text_shape=singleline ; source=all_messages() ; enrichment_pending=HELP_TOPIC,CMDHELPCHK"
MSG_DDICT_LMDB_MIRROR_L_8F4C75B5,DDICT_LMDB_MIRROR_LINE,DDictLmdbMirrorLine,en-US,GLOBAL,STATUS,INFO,DDICT,active,,,LMDB mirror : {value},implemented,core,COMMAND:DDICT,compiled_registry_v1,src/help/helpdata_messages.cpp,true,true,true,,,"owner_scope=COMMAND:DDICT ; facility_derived=DDICT ; default_text_shape=singleline ; source=all_messages() ; enrichment_pending=HELP_TOPIC,CMDHELPCHK"
MSG_DDICT_CATALOG_TAGS__6C187041,DDICT_CATALOG_TAGS_LINE,DDictCatalogTagsLine,en-US,GLOBAL,STATUS,INFO,DDICT,active,,,Catalog tags : {count},implemented,core,COMMAND:DDICT,compiled_registry_v1,src/help/helpdata_messages.cpp,true,true,true,,,"owner_scope=COMMAND:DDICT ; facility_derived=DDICT ; default_text_shape=singleline ; source=all_messages() ; enrichment_pending=HELP_TOPIC,CMDHELPCHK"
MSG_DDICT_TAGS_PHYSICAL_85217887,DDICT_TAGS_PHYSICAL_NO_CATALOG_LINE,DDictTagsPhysicalNoCatalogLine,en-US,GLOBAL,STATUS,INFO,DDICT,active,,,Result : PHYSICAL_TAGS_FOUND_NO_CATALOG_ROWS,implemented,core,COMMAND:DDICT,compiled_registry_v1,src/help/helpdata_messages.cpp,true,true,true,,,"owner_scope=COMMAND:DDICT ; facility_derived=DDICT ; default_text_shape=singleline ; source=all_messages() ; enrichment_pending=HELP_TOPIC,CMDHELPCHK"
MSG_DDICT_TAGS_NO_CATAL_B6D349CD,DDICT_TAGS_NO_CATALOG_LINE,DDictTagsNoCatalogLine,en-US,GLOBAL,STATUS,INFO,DDICT,active,,,Result : NO_CATALOG_TAGS_FOUND,implemented,core,COMMAND:DDICT,compiled_registry_v1,src/help/helpdata_messages.cpp,true,true,true,,,"owner_scope=COMMAND:DDICT ; facility_derived=DDICT ; default_text_shape=singleline ; source=all_messages() ; enrichment_pending=HELP_TOPIC,CMDHELPCHK"
MSG_DDICT_TAGS_PHYSICAL_56B667F7,DDICT_TAGS_PHYSICAL_ARTIFACTS_NOTE,DDictTagsPhysicalArtifactsNote,en-US,GLOBAL,STATUS,INFO,DDICT,active,,,"Note : physical DBF/CDX/LMDB artifacts exist, but no DDOBJECT CATALOG_TAG rows were found for OWNER in {owners}",implemented,core,COMMAND:DDICT,compiled_registry_v1,src/help/helpdata_messages.cpp,true,true,true,,,"owner_scope=COMMAND:DDICT ; facility_derived=DDICT ; default_text_shape=singleline ; source=all_messages() ; enrichment_pending=HELP_TOPIC,CMDHELPCHK"
MSG_DDICT_TAGS_EXPECTED_603A72AF,DDICT_TAGS_EXPECTED_OWNERS_NOTE,DDictTagsExpectedOwnersNote,en-US,GLOBAL,STATUS,INFO,DDICT,active,,,Note : expected DDOBJECT rows where OBJTYPE=CATALOG_TAG and OWNER in {owners},implemented,core,COMMAND:DDICT,compiled_registry_v1,src/help/helpdata_messages.cpp,true,true,true,,,"owner_scope=COMMAND:DDICT ; facility_derived=DDICT ; default_text_shape=singleline ; source=all_messages() ; enrichment_pending=HELP_TOPIC,CMDHELPCHK"
MSG_DDICT_TAGS_COLUMN_H_7A7ED26F,DDICT_TAGS_COLUMN_HEADER,DDictTagsColumnHeader,en-US,GLOBAL,STATUS,INFO,DDICT,active,,,Tag OBJID STATUS PROFILE ATTRS,implemented,core,COMMAND:DDICT,compiled_registry_v1,src/help/helpdata_messages.cpp,true,true,true,,,"owner_scope=COMMAND:DDICT ; facility_derived=DDICT ; default_text_shape=singleline ; source=all_messages() ; enrichment_pending=HELP_TOPIC,CMDHELPCHK"
MSG_DDICT_TAGS_DIVIDER_5618B470,DDICT_TAGS_DIVIDER,DDictTagsDivider,en-US,GLOBAL,STATUS,INFO,DDICT,active,,,---------- ------------------------ ------------------------ ------------ -----,implemented,core,COMMAND:DDICT,compiled_registry_v1,src/help/helpdata_messages.cpp,true,true,true,,,"owner_scope=COMMAND:DDICT ; facility_derived=DDICT ; default_text_shape=singleline ; source=all_messages() ; enrichment_pending=HELP_TOPIC,CMDHELPCHK"
MSG_DDICT_UNKNOWN_SUBCO_FA99CC2C,DDICT_UNKNOWN_SUBCOMMAND,DDictUnknownSubcommand,en-US,GLOBAL,ERROR,ERROR,DDICT,active,,,unknown subcommand '{subcommand}'.,implemented,core,COMMAND:DDICT,compiled_registry_v1,src/help/helpdata_messages.cpp,true,true,true,,,"owner_scope=COMMAND:DDICT ; facility_derived=DDICT ; default_text_shape=singleline ; source=all_messages() ; enrichment_pending=HELP_TOPIC,CMDHELPCHK"
MSG_DDICT_REL_REQUIRES__24BCC166,DDICT_REL_REQUIRES_OBJECT_TOKEN,DDictRelRequiresObjectToken,en-US,GLOBAL,ERROR,ERROR,DDICT,active,,,REL requires an object id or name.,implemented,core,COMMAND:DDICT,compiled_registry_v1,src/help/helpdata_messages.cpp,true,true,true,,,"owner_scope=COMMAND:DDICT ; facility_derived=DDICT ; default_text_shape=singleline ; source=all_messages() ; enrichment_pending=HELP_TOPIC,CMDHELPCHK"
MSG_DDICT_REL_INVALID_D_430113DB,DDICT_REL_INVALID_DIRECTION,DDictRelInvalidDirection,en-US,GLOBAL,ERROR,ERROR,DDICT,active,,,"REL direction must be IN, OUT, or BOTH.",implemented,core,COMMAND:DDICT,compiled_registry_v1,src/help/helpdata_messages.cpp,true,true,true,,,"owner_scope=COMMAND:DDICT ; facility_derived=DDICT ; default_text_shape=singleline ; source=all_messages() ; enrichment_pending=HELP_TOPIC,CMDHELPCHK"
MSG_DDICT_REL_TITLE_D007C568,DDICT_REL_TITLE,DDictRelTitle,en-US,GLOBAL,STATUS,INFO,DDICT,active,,,DDICT REL {token} {direction},implemented,core,COMMAND:DDICT,compiled_registry_v1,src/help/helpdata_messages.cpp,true,true,true,,,"owner_scope=COMMAND:DDICT ; facility_derived=DDICT ; default_text_shape=singleline ; source=all_messages() ; enrichment_pending=HELP_TOPIC,CMDHELPCHK"
MSG_DDICT_OBJECT_NOT_FO_3E9B29A7,DDICT_OBJECT_NOT_FOUND_LINE,DDictObjectNotFoundLine,en-US,GLOBAL,STATUS,INFO,DDICT,active,,,Result : OBJECT_NOT_FOUND,implemented,core,COMMAND:DDICT,compiled_registry_v1,src/help/helpdata_messages.cpp,true,true,true,,,"owner_scope=COMMAND:DDICT ; facility_derived=DDICT ; default_text_shape=singleline ; source=all_messages() ; enrichment_pending=HELP_TOPIC,CMDHELPCHK"
MSG_DDICT_OBJECT_LOOKUP_8ACD9CDF,DDICT_OBJECT_LOOKUP_NOTE,DDictObjectLookupNote,en-US,GLOBAL,STATUS,INFO,DDICT,active,,,Note : token was matched against OBJID and DDOBJECT NAME/OWNER.,implemented,core,COMMAND:DDICT,compiled_registry_v1,src/help/helpdata_messages.cpp,true,true,true,,,"owner_scope=COMMAND:DDICT ; facility_derived=DDICT ; default_text_shape=singleline ; source=all_messages() ; enrichment_pending=HELP_TOPIC,CMDHELPCHK"
MSG_DDICT_OBJECT_OBJID__0E49A2B3,DDICT_OBJECT_OBJID_LINE,DDictObjectObjidLine,en-US,GLOBAL,STATUS,INFO,DDICT,active,,,Object OBJID : {value},implemented,core,COMMAND:DDICT,compiled_registry_v1,src/help/helpdata_messages.cpp,true,true,true,,,"owner_scope=COMMAND:DDICT ; facility_derived=DDICT ; default_text_shape=singleline ; source=all_messages() ; enrichment_pending=HELP_TOPIC,CMDHELPCHK"
MSG_DDICT_OBJECT_TYPE_L_08959357,DDICT_OBJECT_TYPE_LINE,DDictObjectTypeLine,en-US,GLOBAL,STATUS,INFO,DDICT,active,,,Object type : {value},implemented,core,COMMAND:DDICT,compiled_registry_v1,src/help/helpdata_messages.cpp,true,true,true,,,"owner_scope=COMMAND:DDICT ; facility_derived=DDICT ; default_text_shape=singleline ; source=all_messages() ; enrichment_pending=HELP_TOPIC,CMDHELPCHK"
MSG_DDICT_OBJECT_OWNER__C87B66FF,DDICT_OBJECT_OWNER_LINE,DDictObjectOwnerLine,en-US,GLOBAL,STATUS,INFO,DDICT,active,,,Object owner : {value},implemented,core,COMMAND:DDICT,compiled_registry_v1,src/help/helpdata_messages.cpp,true,true,true,,,"owner_scope=COMMAND:DDICT ; facility_derived=DDICT ; default_text_shape=singleline ; source=all_messages() ; enrichment_pending=HELP_TOPIC,CMDHELPCHK"
MSG_DDICT_OBJECT_NAME_L_B94CE2AD,DDICT_OBJECT_NAME_LINE,DDictObjectNameLine,en-US,GLOBAL,STATUS,INFO,DDICT,active,,,Object name : {value},implemented,core,COMMAND:DDICT,compiled_registry_v1,src/help/helpdata_messages.cpp,true,true,true,,,"owner_scope=COMMAND:DDICT ; facility_derived=DDICT ; default_text_shape=singleline ; source=all_messages() ; enrichment_pending=HELP_TOPIC,CMDHELPCHK"
MSG_DDICT_INCOMING_EDGE_3CD7DF5B,DDICT_INCOMING_EDGES_LINE,DDictIncomingEdgesLine,en-US,GLOBAL,STATUS,INFO,DDICT,active,,,Incoming edges: {count},implemented,core,COMMAND:DDICT,compiled_registry_v1,src/help/helpdata_messages.cpp,true,true,true,,,"owner_scope=COMMAND:DDICT ; facility_derived=DDICT ; default_text_shape=singleline ; source=all_messages() ; enrichment_pending=HELP_TOPIC,CMDHELPCHK"
MSG_DDICT_OUTGOING_EDGE_2119025C,DDICT_OUTGOING_EDGES_LINE,DDictOutgoingEdgesLine,en-US,GLOBAL,STATUS,INFO,DDICT,active,,,Outgoing edges: {count},implemented,core,COMMAND:DDICT,compiled_registry_v1,src/help/helpdata_messages.cpp,true,true,true,,,"owner_scope=COMMAND:DDICT ; facility_derived=DDICT ; default_text_shape=singleline ; source=all_messages() ; enrichment_pending=HELP_TOPIC,CMDHELPCHK"
MSG_DDICT_ROWS_SHOWN_PE_E9831A49,DDICT_ROWS_SHOWN_PER_DIRECTION_LINE,DDictRowsShownPerDirectionLine,en-US,GLOBAL,STATUS,INFO,DDICT,active,,,Rows shown : bounded to {count} per direction,implemented,core,COMMAND:DDICT,compiled_registry_v1,src/help/helpdata_messages.cpp,true,true,true,,,"owner_scope=COMMAND:DDICT ; facility_derived=DDICT ; default_text_shape=singleline ; source=all_messages() ; enrichment_pending=HELP_TOPIC,CMDHELPCHK"
MSG_DDICT_REL_COLUMN_HE_325B890E,DDICT_REL_COLUMN_HEADER,DDictRelColumnHeader,en-US,GLOBAL,STATUS,INFO,DDICT,active,,,Dir EdgeType OtherOBJ OtherType OtherOwner OtherName EVID,implemented,core,COMMAND:DDICT,compiled_registry_v1,src/help/helpdata_messages.cpp,true,true,true,,,"owner_scope=COMMAND:DDICT ; facility_derived=DDICT ; default_text_shape=singleline ; source=all_messages() ; enrichment_pending=HELP_TOPIC,CMDHELPCHK"
MSG_DDICT_REL_DIVIDER_F33AE4DE,DDICT_REL_DIVIDER,DDictRelDivider,en-US,GLOBAL,STATUS,INFO,DDICT,active,,,--- ------------------ ------------------------ ----------------- -------------- -------------- --------------------,implemented,core,COMMAND:DDICT,compiled_registry_v1,src/help/helpdata_messages.cpp,true,true,true,,,"owner_scope=COMMAND:DDICT ; facility_derived=DDICT ; default_text_shape=singleline ; source=all_messages() ; enrichment_pending=HELP_TOPIC,CMDHELPCHK"
MSG_DDICT_EVIDENCE_REQU_8A749AFA,DDICT_EVIDENCE_REQUIRES_OBJECT_TOKEN,DDictEvidenceRequiresObjectToken,en-US,GLOBAL,ERROR,ERROR,DDICT,active,,,EVIDENCE requires an object id or name.,implemented,core,COMMAND:DDICT,compiled_registry_v1,src/help/helpdata_messages.cpp,true,true,true,,,"owner_scope=COMMAND:DDICT ; facility_derived=DDICT ; default_text_shape=singleline ; source=all_messages() ; enrichment_pending=HELP_TOPIC,CMDHELPCHK"
MSG_DDICT_EVIDENCE_TITL_7F162406,DDICT_EVIDENCE_TITLE,DDictEvidenceTitle,en-US,GLOBAL,STATUS,INFO,DDICT,active,,,DDICT EVIDENCE {token},implemented,core,COMMAND:DDICT,compiled_registry_v1,src/help/helpdata_messages.cpp,true,true,true,,,"owner_scope=COMMAND:DDICT ; facility_derived=DDICT ; default_text_shape=singleline ; source=all_messages() ; enrichment_pending=HELP_TOPIC,CMDHELPCHK"
MSG_DDICT_DIRECT_EVIDEN_90FB3F87,DDICT_DIRECT_EVIDENCE_ROWS_LINE,DDictDirectEvidenceRowsLine,en-US,GLOBAL,STATUS,INFO,DDICT,active,,,Direct evidence rows: {count},implemented,core,COMMAND:DDICT,compiled_registry_v1,src/help/helpdata_messages.cpp,true,true,true,,,"owner_scope=COMMAND:DDICT ; facility_derived=DDICT ; default_text_shape=singleline ; source=all_messages() ; enrichment_pending=HELP_TOPIC,CMDHELPCHK"
MSG_DDICT_ATTRIBUTE_EVI_6D05954E,DDICT_ATTRIBUTE_EVIDENCE_ROWS_LINE,DDictAttributeEvidenceRowsLine,en-US,GLOBAL,STATUS,INFO,DDICT,active,,,Attribute evidence rows: {count},implemented,core,COMMAND:DDICT,compiled_registry_v1,src/help/helpdata_messages.cpp,true,true,true,,,"owner_scope=COMMAND:DDICT ; facility_derived=DDICT ; default_text_shape=singleline ; source=all_messages() ; enrichment_pending=HELP_TOPIC,CMDHELPCHK"
MSG_DDICT_ROWS_SHOWN_PE_A2A94DA1,DDICT_ROWS_SHOWN_PER_SECTION_LINE,DDictRowsShownPerSectionLine,en-US,GLOBAL,STATUS,INFO,DDICT,active,,,Rows shown : bounded to {count} per section,implemented,core,COMMAND:DDICT,compiled_registry_v1,src/help/helpdata_messages.cpp,true,true,true,,,"owner_scope=COMMAND:DDICT ; facility_derived=DDICT ; default_text_shape=singleline ; source=all_messages() ; enrichment_pending=HELP_TOPIC,CMDHELPCHK"
MSG_DDICT_EVIDENCE_ROWS_DE835596,DDICT_EVIDENCE_ROWS_TITLE,DDictEvidenceRowsTitle,en-US,GLOBAL,STATUS,INFO,DDICT,active,,,Evidence rows,implemented,core,COMMAND:DDICT,compiled_registry_v1,src/help/helpdata_messages.cpp,true,true,true,,,"owner_scope=COMMAND:DDICT ; facility_derived=DDICT ; default_text_shape=singleline ; source=all_messages() ; enrichment_pending=HELP_TOPIC,CMDHELPCHK"
MSG_DDICT_EVIDENCE_COLU_007B56A7,DDICT_EVIDENCE_COLUMN_HEADER,DDictEvidenceColumnHeader,en-US,GLOBAL,STATUS,INFO,DDICT,active,,,EVID KIND SRCID SOURCE ARTIFACT,implemented,core,COMMAND:DDICT,compiled_registry_v1,src/help/helpdata_messages.cpp,true,true,true,,,"owner_scope=COMMAND:DDICT ; facility_derived=DDICT ; default_text_shape=singleline ; source=all_messages() ; enrichment_pending=HELP_TOPIC,CMDHELPCHK"
MSG_DDICT_EVIDENCE_DIVI_51651534,DDICT_EVIDENCE_DIVIDER,DDictEvidenceDivider,en-US,GLOBAL,STATUS,INFO,DDICT,active,,,-------------------- -------------------- -------------------- ------------------ ------------------,implemented,core,COMMAND:DDICT,compiled_registry_v1,src/help/helpdata_messages.cpp,true,true,true,,,"owner_scope=COMMAND:DDICT ; facility_derived=DDICT ; default_text_shape=singleline ; source=all_messages() ; enrichment_pending=HELP_TOPIC,CMDHELPCHK"
MSG_DDICT_NONE_LINE_08B61692,DDICT_NONE_LINE,DDictNoneLine,en-US,GLOBAL,STATUS,INFO,DDICT,active,,,(none),implemented,core,COMMAND:DDICT,compiled_registry_v1,src/help/helpdata_messages.cpp,true,true,true,,,"owner_scope=COMMAND:DDICT ; facility_derived=DDICT ; default_text_shape=singleline ; source=all_messages() ; enrichment_pending=HELP_TOPIC,CMDHELPCHK"
MSG_DDICT_ATTRIBUTE_EVI_6C37E359,DDICT_ATTRIBUTE_EVIDENCE_TITLE,DDictAttributeEvidenceTitle,en-US,GLOBAL,STATUS,INFO,DDICT,active,,,Attribute evidence,implemented,core,COMMAND:DDICT,compiled_registry_v1,src/help/helpdata_messages.cpp,true,true,true,,,"owner_scope=COMMAND:DDICT ; facility_derived=DDICT ; default_text_shape=singleline ; source=all_messages() ; enrichment_pending=HELP_TOPIC,CMDHELPCHK"
MSG_DDICT_ATTRIBUTE_EVI_BF92FED2,DDICT_ATTRIBUTE_EVIDENCE_COLUMN_HEADER,DDictAttributeEvidenceColumnHeader,en-US,GLOBAL,STATUS,INFO,DDICT,active,,,ATTRNAME ATTRVAL EVID,implemented,core,COMMAND:DDICT,compiled_registry_v1,src/help/helpdata_messages.cpp,true,true,true,,,"owner_scope=COMMAND:DDICT ; facility_derived=DDICT ; default_text_shape=singleline ; source=all_messages() ; enrichment_pending=HELP_TOPIC,CMDHELPCHK"
MSG_DDICT_ATTRIBUTE_EVI_2EA6742E,DDICT_ATTRIBUTE_EVIDENCE_DIVIDER,DDictAttributeEvidenceDivider,en-US,GLOBAL,STATUS,INFO,DDICT,active,,,------------------ ------------------------------ --------------------,implemented,core,COMMAND:DDICT,compiled_registry_v1,src/help/helpdata_messages.cpp,true,true,true,,,"owner_scope=COMMAND:DDICT ; facility_derived=DDICT ; default_text_shape=singleline ; source=all_messages() ; enrichment_pending=HELP_TOPIC,CMDHELPCHK"
MSG_DDICT_OBJECTS_TITLE_77093CE2,DDICT_OBJECTS_TITLE,DDictObjectsTitle,en-US,GLOBAL,STATUS,INFO,DDICT,active,,,DDICT OBJECTS,implemented,core,COMMAND:DDICT,compiled_registry_v1,src/help/helpdata_messages.cpp,true,true,true,,,"owner_scope=COMMAND:DDICT ; facility_derived=DDICT ; default_text_shape=singleline ; source=all_messages() ; enrichment_pending=HELP_TOPIC,CMDHELPCHK"
MSG_DDICT_TYPE_FILTER_L_078240A6,DDICT_TYPE_FILTER_LINE,DDictTypeFilterLine,en-US,GLOBAL,STATUS,INFO,DDICT,active,,,Type filter : {value},implemented,core,COMMAND:DDICT,compiled_registry_v1,src/help/helpdata_messages.cpp,true,true,true,,,"owner_scope=COMMAND:DDICT ; facility_derived=DDICT ; default_text_shape=singleline ; source=all_messages() ; enrichment_pending=HELP_TOPIC,CMDHELPCHK"
MSG_DDICT_PROFILE_FILTE_347AFFE1,DDICT_PROFILE_FILTER_LINE,DDictProfileFilterLine,en-US,GLOBAL,STATUS,INFO,DDICT,active,,,Profile filter: {value},implemented,core,COMMAND:DDICT,compiled_registry_v1,src/help/helpdata_messages.cpp,true,true,true,,,"owner_scope=COMMAND:DDICT ; facility_derived=DDICT ; default_text_shape=singleline ; source=all_messages() ; enrichment_pending=HELP_TOPIC,CMDHELPCHK"
MSG_DDICT_OBJECT_ROWS_L_3F3845D1,DDICT_OBJECT_ROWS_LINE,DDictObjectRowsLine,en-US,GLOBAL,STATUS,INFO,DDICT,active,,,Object rows : {count},implemented,core,COMMAND:DDICT,compiled_registry_v1,src/help/helpdata_messages.cpp,true,true,true,,,"owner_scope=COMMAND:DDICT ; facility_derived=DDICT ; default_text_shape=singleline ; source=all_messages() ; enrichment_pending=HELP_TOPIC,CMDHELPCHK"
MSG_DDICT_ROWS_SHOWN_BO_29898A02,DDICT_ROWS_SHOWN_BOUNDED_LINE,DDictRowsShownBoundedLine,en-US,GLOBAL,STATUS,INFO,DDICT,active,,,Rows shown : bounded to {count},implemented,core,COMMAND:DDICT,compiled_registry_v1,src/help/helpdata_messages.cpp,true,true,true,,,"owner_scope=COMMAND:DDICT ; facility_derived=DDICT ; default_text_shape=singleline ; source=all_messages() ; enrichment_pending=HELP_TOPIC,CMDHELPCHK"
MSG_DDICT_OBJECTS_COLUM_1D765FD2,DDICT_OBJECTS_COLUMN_HEADER,DDictObjectsColumnHeader,en-US,GLOBAL,STATUS,INFO,DDICT,active,,,OBJTYPE NAME OWNER STATUS PROFILE ATTRS,implemented,core,COMMAND:DDICT,compiled_registry_v1,src/help/helpdata_messages.cpp,true,true,true,,,"owner_scope=COMMAND:DDICT ; facility_derived=DDICT ; default_text_shape=singleline ; source=all_messages() ; enrichment_pending=HELP_TOPIC,CMDHELPCHK"
MSG_DDICT_OBJECTS_DIVID_5A9D6918,DDICT_OBJECTS_DIVIDER,DDictObjectsDivider,en-US,GLOBAL,STATUS,INFO,DDICT,active,,,------------------ ---------------- ---------------- ------------------------ ------------ -----,implemented,core,COMMAND:DDICT,compiled_registry_v1,src/help/helpdata_messages.cpp,true,true,true,,,"owner_scope=COMMAND:DDICT ; facility_derived=DDICT ; default_text_shape=singleline ; source=all_messages() ; enrichment_pending=HELP_TOPIC,CMDHELPCHK"
MSG_CMDHELPCHK_REFLECTI_C461A149,CMDHELPCHK_REFLECTION_REPORTS_TITLE,CmdHelpChkReflectionReportsTitle,en-US,GLOBAL,STATUS,INFO,CMDHELPCHK,active,,,=== REFLECTION REPORTS ===,implemented,core,COMMAND:CMDHELPCHK,compiled_registry_v1,src/help/helpdata_messages.cpp,true,true,true,,,"owner_scope=COMMAND:CMDHELPCHK ; facility_derived=CMDHELPCHK ; default_text_shape=singleline ; source=all_messages() ; enrichment_pending=HELP_TOPIC,CMDHELPCHK"
MSG_CMDHELPCHK_ARTIFACT_BA34B2DD,CMDHELPCHK_ARTIFACTS_SUMMARY_TITLE,CmdHelpChkArtifactsSummaryTitle,en-US,GLOBAL,STATUS,INFO,CMDHELPCHK,active,,,HELP DATA v2 artifact summary,implemented,core,COMMAND:CMDHELPCHK,compiled_registry_v1,src/help/helpdata_messages.cpp,true,true,true,,,"owner_scope=COMMAND:CMDHELPCHK ; facility_derived=CMDHELPCHK ; default_text_shape=singleline ; source=all_messages() ; enrichment_pending=HELP_TOPIC,CMDHELPCHK"
MSG_CMDHELPCHK_SET_FAMI_6E793F15,CMDHELPCHK_SET_FAMILY_CANONICALIZATION_TITLE,CmdHelpChkSetFamilyCanonicalizationTitle,en-US,GLOBAL,STATUS,INFO,CMDHELPCHK,active,,,SET-family canonicalization,implemented,core,COMMAND:CMDHELPCHK,compiled_registry_v1,src/help/helpdata_messages.cpp,true,true,true,,,"owner_scope=COMMAND:CMDHELPCHK ; facility_derived=CMDHELPCHK ; default_text_shape=singleline ; source=all_messages() ; enrichment_pending=HELP_TOPIC,CMDHELPCHK"
MSG_CMDHELPCHK_MISSING__015E039F,CMDHELPCHK_MISSING_V2_COLUMNS,CmdHelpChkMissingV2Columns,en-US,GLOBAL,ERROR,ERROR,CMDHELPCHK,active,,,"Missing expected HELP DATA v2 columns; need at least KIND, SOURCE, CONFID.",implemented,core,COMMAND:CMDHELPCHK,compiled_registry_v1,src/help/helpdata_messages.cpp,true,true,true,,,"owner_scope=COMMAND:CMDHELPCHK ; facility_derived=CMDHELPCHK ; default_text_shape=singleline ; source=all_messages() ; enrichment_pending=HELP_TOPIC,CMDHELPCHK"
MSG_CMDHELPCHK_MISSING__D9A8E1DD,CMDHELPCHK_MISSING_LEGACY_COLUMNS,CmdHelpChkMissingLegacyColumns,en-US,GLOBAL,ERROR,ERROR,CMDHELPCHK,active,,,"Missing expected columns; need at least ID, COMMAND, and one memo (USAGE).",implemented,core,COMMAND:CMDHELPCHK,compiled_registry_v1,src/help/helpdata_messages.cpp,true,true,true,,,"owner_scope=COMMAND:CMDHELPCHK ; facility_derived=CMDHELPCHK ; default_text_shape=singleline ; source=all_messages() ; enrichment_pending=HELP_TOPIC,CMDHELPCHK"
MSG_CMDHELPCHK_ARTIFACT_14B16418,CMDHELPCHK_ARTIFACTS_ERROR,CmdHelpChkArtifactsError,en-US,GLOBAL,ERROR,ERROR,CMDHELPCHK,active,,,ARTIFACTS error: {detail},implemented,core,COMMAND:CMDHELPCHK,compiled_registry_v1,src/help/helpdata_messages.cpp,true,true,true,,,"owner_scope=COMMAND:CMDHELPCHK ; facility_derived=CMDHELPCHK ; default_text_shape=singleline ; source=all_messages() ; enrichment_pending=HELP_TOPIC,CMDHELPCHK"
MSG_CMDHELPCHK_RUNTIME__09C4C8FE,CMDHELPCHK_RUNTIME_ERROR,CmdHelpChkRuntimeError,en-US,GLOBAL,ERROR,ERROR,CMDHELPCHK,active,,,error: {detail},implemented,core,COMMAND:CMDHELPCHK,compiled_registry_v1,src/help/helpdata_messages.cpp,true,true,true,,,"owner_scope=COMMAND:CMDHELPCHK ; facility_derived=CMDHELPCHK ; default_text_shape=singleline ; source=all_messages() ; enrichment_pending=HELP_TOPIC,CMDHELPCHK"
MSG_CMDHELPCHK_NO_ROWS__2E00B8DB,CMDHELPCHK_NO_ROWS_SHOWN,CmdHelpChkNoRowsShown,en-US,GLOBAL,STATUS,INFO,CMDHELPCHK,active,,,(no rows shown; try increasing limit),implemented,core,COMMAND:CMDHELPCHK,compiled_registry_v1,src/help/helpdata_messages.cpp,true,true,true,,,"owner_scope=COMMAND:CMDHELPCHK ; facility_derived=CMDHELPCHK ; default_text_shape=singleline ; source=all_messages() ; enrichment_pending=HELP_TOPIC,CMDHELPCHK"
MSG_MSGMGR_USAGE_TEXT_41FBE274,MSGMGR_USAGE_TEXT,MsgMgrUsageText,en-US,GLOBAL,STATUS,INFO,MSGMGR,active,,,Usage: / MSGMGR (Show this usage) / MSGMGR USAGE (Show this usage) / MSGMGR STATUS (Report Message Manager command-house status) / MSGMGR CHECK (Read-only command-house check) / No,implemented,core,COMMAND:MSGMGR,compiled_registry_v1,src/help/helpdata_messages.cpp,true,true,true,,,"owner_scope=COMMAND:MSGMGR ; facility_derived=MSGMGR ; default_text_shape=multiline ; source=all_messages() ; enrichment_pending=HELP_TOPIC,CMDHELPCHK"
MSG_MSGMGR_STATUS_TITLE_43EE44F7,MSGMGR_STATUS_TITLE,MsgMgrStatusTitle,en-US,GLOBAL,STATUS,INFO,MSGMGR,active,,,MSGMGR STATUS,implemented,core,COMMAND:MSGMGR,compiled_registry_v1,src/help/helpdata_messages.cpp,true,true,true,,,"owner_scope=COMMAND:MSGMGR ; facility_derived=MSGMGR ; default_text_shape=singleline ; source=all_messages() ; enrichment_pending=HELP_TOPIC,CMDHELPCHK"
MSG_MSGMGR_STATUS_BODY__895883EF,MSGMGR_STATUS_BODY_TEXT,MsgMgrStatusBodyText,en-US,GLOBAL,STATUS,INFO,MSGMGR,active,,,command house : registered / read mode : read-only / active message check : SET MESSAGE CATALOG CHECK / active message get : SET MESSAGE CATALOG GET / provider mode : active_dbf / ,implemented,core,COMMAND:MSGMGR,compiled_registry_v1,src/help/helpdata_messages.cpp,true,true,true,,,"owner_scope=COMMAND:MSGMGR ; facility_derived=MSGMGR ; default_text_shape=multiline ; source=all_messages() ; enrichment_pending=HELP_TOPIC,CMDHELPCHK"
MSG_MSGMGR_UNKNOWN_SUBC_7F12D378,MSGMGR_UNKNOWN_SUBCOMMAND,MsgMgrUnknownSubcommand,en-US,GLOBAL,ERROR,ERROR,MSGMGR,active,,,Unknown subcommand: {command},implemented,core,COMMAND:MSGMGR,compiled_registry_v1,src/help/helpdata_messages.cpp,true,true,true,,,"owner_scope=COMMAND:MSGMGR ; facility_derived=MSGMGR ; default_text_shape=singleline ; source=all_messages() ; enrichment_pending=HELP_TOPIC,CMDHELPCHK"
MSG_HELP_NO_FUNCTION_FO_0C1DA8ED,HELP_NO_FUNCTION_FOUND,HelpNoFunctionFound,en-US,GLOBAL,ERROR,ERROR,HELP,active,,,No function help found for: {command},implemented,core,COMMAND:HELP,compiled_registry_v1,src/help/helpdata_messages.cpp,true,true,true,,,"owner_scope=COMMAND:HELP ; facility_derived=HELP ; default_text_shape=singleline ; source=all_messages() ; enrichment_pending=HELP_TOPIC,CMDHELPCHK"
MSG_HELP_NO_DOTTALK_TOP_01CCA9B0,HELP_NO_DOTTALK_TOPIC_FOUND,HelpNoDotTalkTopicFound,en-US,GLOBAL,ERROR,ERROR,HELP,active,,,No DotTalk help found for: {command},implemented,core,COMMAND:HELP,compiled_registry_v1,src/help/helpdata_messages.cpp,true,true,true,,,"owner_scope=COMMAND:HELP ; facility_derived=HELP ; default_text_shape=singleline ; source=all_messages() ; enrichment_pending=HELP_TOPIC,CMDHELPCHK"
MSG_HELP_NO_EDUCATIONAL_26787ADE,HELP_NO_EDUCATIONAL_TOPIC_FOUND,HelpNoEducationalTopicFound,en-US,GLOBAL,ERROR,ERROR,HELP,active,,,No educational help found for: {command},implemented,core,COMMAND:HELP,compiled_registry_v1,src/help/helpdata_messages.cpp,true,true,true,,,"owner_scope=COMMAND:HELP ; facility_derived=HELP ; default_text_shape=singleline ; source=all_messages() ; enrichment_pending=HELP_TOPIC,CMDHELPCHK"
MSG_HELP_NO_TOPIC_FOUND_5C9CACEC,HELP_NO_TOPIC_FOUND,HelpNoTopicFound,en-US,GLOBAL,ERROR,ERROR,HELP,active,,,No help found for: {command},implemented,core,COMMAND:HELP,compiled_registry_v1,src/help/helpdata_messages.cpp,true,true,true,,,"owner_scope=COMMAND:HELP ; facility_derived=HELP ; default_text_shape=singleline ; source=all_messages() ; enrichment_pending=HELP_TOPIC,CMDHELPCHK"
MSG_HELP_TOP_LEVEL_HINT_8104C1BE,HELP_TOP_LEVEL_HINT,HelpTopLevelHint,en-US,GLOBAL,HINT,INFO,HELP,active,,,"Type HELP GIANT, HELP /GIANT, HELP GIANT TOPICS, HELP BETA, HELP PS, HELP SQL, HELP FUNCTION <name>, or HELP <command>",implemented,core,COMMAND:HELP,compiled_registry_v1,src/help/helpdata_messages.cpp,true,true,true,,,"owner_scope=COMMAND:HELP ; facility_derived=HELP ; default_text_shape=singleline ; source=all_messages() ; enrichment_pending=HELP_TOPIC,CMDHELPCHK"
MSG_HELP_USAGE_TEXT_918367F9,HELP_USAGE_TEXT,HelpUsageText,en-US,GLOBAL,USAGE,INFO,HELP,active,,,DotTalk++ Help System / / HELP GIANT - full HELP DATA report / HELP GIANT USAGE - GIANT surface usage / HELP GIANT TOPICS - list current HELP DATA topics / HELP GIANT KIND - group current HELP DATA by kind / HELP GIANT SOURCE - group current HELP DATA by source / HELP /GIANT ... - alias for GIANT help surface / HELP BETA - beta checklist / HELP PS / PSHELL - PowerShell helpers / HELP SQL - SQL reference (SQLite + MSSQL) / HELP PREDICATES - COUNT/LOCATE syntax / HELP FUNCTION <name> - expression function help / HELP FUNCTIONS - list documented expression functions / HELP /FOX <topic> - FoxPro compatibility reference / HELP /DOT <topic> - DotTalk-native command reference / HELP /ED <topic> - educational/system concepts / HELP <command> - default topic lookup / / Paging for long HELP GIANT output follows SET PAGING ON|OFF.,implemented,core,COMMAND:HELP,compiled_registry_v1,src/help/helpdata_messages.cpp,true,true,true,,,"owner_scope=COMMAND:HELP ; facility_derived=HELP ; default_text_shape=multiline ; source=all_messages() ; enrichment_pending=HELP_TOPIC,CMDHELPCHK"
MSG_CMDHELP_CURRENT_LOA_6F066D7C,CMDHELP_CURRENT_LOAD_FAILED,CmdHelpCurrentLoadFailed,en-US,GLOBAL,ERROR,ERROR,CMDHELP,active,,,"could not load current HELP DATA lines from ""{dir}"".",implemented,core,COMMAND:CMDHELP,compiled_registry_v1,src/help/helpdata_messages.cpp,true,true,true,,,"owner_scope=COMMAND:CMDHELP ; facility_derived=CMDHELP ; default_text_shape=singleline ; source=all_messages() ; enrichment_pending=HELP_TOPIC,CMDHELPCHK"
MSG_CMDHELP_BUILD_TIP_08AA941E,CMDHELP_BUILD_TIP,CmdHelpBuildTip,en-US,GLOBAL,HINT,INFO,CMDHELP,active,,,Tip: run CMDHELP BUILD . <source-root>,implemented,core,COMMAND:CMDHELP,compiled_registry_v1,src/help/helpdata_messages.cpp,true,true,true,,,"owner_scope=COMMAND:CMDHELP ; facility_derived=CMDHELP ; default_text_shape=singleline ; source=all_messages() ; enrichment_pending=HELP_TOPIC,CMDHELPCHK"
MSG_CMDHELP_NO_TOPIC_MA_21107A5C,CMDHELP_NO_TOPIC_MATCHED,CmdHelpNoTopicMatched,en-US,GLOBAL,ERROR,ERROR,CMDHELP,active,,,"no current HELP DATA topic matched ""{topic}"".",implemented,core,COMMAND:CMDHELP,compiled_registry_v1,src/help/helpdata_messages.cpp,true,true,true,,,"owner_scope=COMMAND:CMDHELP ; facility_derived=CMDHELP ; default_text_shape=singleline ; source=all_messages() ; enrichment_pending=HELP_TOPIC,CMDHELPCHK"
MSG_CMDHELP_SUMMARY_TIP_51C87134,CMDHELP_SUMMARY_TIP,CmdHelpSummaryTip,en-US,GLOBAL,HINT,INFO,CMDHELP,active,,,Tip: run CMDHELP with no arguments for a HELP DATA summary.,implemented,core,COMMAND:CMDHELP,compiled_registry_v1,src/help/helpdata_messages.cpp,true,true,true,,,"owner_scope=COMMAND:CMDHELP ; facility_derived=CMDHELP ; default_text_shape=singleline ; source=all_messages() ; enrichment_pending=HELP_TOPIC,CMDHELPCHK"
MSG_CMDHELP_CURRENT_BUI_18192A8C,CMDHELP_CURRENT_BUILD_WRITTEN,CmdHelpCurrentBuildWritten,en-US,GLOBAL,STATUS,INFO,CMDHELP,active,,,CMDHELP wrote current HELP DATA -> {dir},implemented,core,COMMAND:CMDHELP,compiled_registry_v1,src/help/helpdata_messages.cpp,true,true,true,,,"owner_scope=COMMAND:CMDHELP ; facility_derived=CMDHELP ; default_text_shape=singleline ; source=all_messages() ; enrichment_pending=HELP_TOPIC,CMDHELPCHK"
MSG_CMDHELP_ARTIFACTS_M_13EDE9CE,CMDHELP_ARTIFACTS_MINED_FROM,CmdHelpArtifactsMinedFrom,en-US,GLOBAL,STATUS,INFO,CMDHELP,active,,,Artifacts mined from: {root},implemented,core,COMMAND:CMDHELP,compiled_registry_v1,src/help/helpdata_messages.cpp,true,true,true,,,"owner_scope=COMMAND:CMDHELP ; facility_derived=CMDHELP ; default_text_shape=singleline ; source=all_messages() ; enrichment_pending=HELP_TOPIC,CMDHELPCHK"
MSG_CMDHELP_USAGE_CONTR_C8611BC2,CMDHELP_USAGE_CONTRACTS_MINED,CmdHelpUsageContractsMined,en-US,GLOBAL,STATUS,INFO,CMDHELP,active,,,Usage contracts mined directly: {rows} row(s) from {files} file(s),implemented,core,COMMAND:CMDHELP,compiled_registry_v1,src/help/helpdata_messages.cpp,true,true,true,,,"owner_scope=COMMAND:CMDHELP ; facility_derived=CMDHELP ; default_text_shape=singleline ; source=all_messages() ; enrichment_pending=HELP_TOPIC,CMDHELPCHK"
MSG_CMDHELP_LEGACY_BUIL_67487F61,CMDHELP_LEGACY_BUILD_WRITTEN,CmdHelpLegacyBuildWritten,en-US,GLOBAL,STATUS,INFO,CMDHELP,active,,,"CMDHELP LEGACY wrote: {commands} command rows, {args} arg rows -> {dir}",implemented,core,COMMAND:CMDHELP,compiled_registry_v1,src/help/helpdata_messages.cpp,true,true,true,,,"owner_scope=COMMAND:CMDHELP ; facility_derived=CMDHELP ; default_text_shape=singleline ; source=all_messages() ; enrichment_pending=HELP_TOPIC,CMDHELPCHK"
MSG_CMDHELP_SWITCHES_MI_8CCB9798,CMDHELP_SWITCHES_MINED_FROM,CmdHelpSwitchesMinedFrom,en-US,GLOBAL,STATUS,INFO,CMDHELP,active,,,Switches mined from: {root},implemented,core,COMMAND:CMDHELP,compiled_registry_v1,src/help/helpdata_messages.cpp,true,true,true,,,"owner_scope=COMMAND:CMDHELP ; facility_derived=CMDHELP ; default_text_shape=singleline ; source=all_messages() ; enrichment_pending=HELP_TOPIC,CMDHELPCHK"
MSG_CMDHELP_LEGACY_READ_0C751294,CMDHELP_LEGACY_READ_FAILED,CmdHelpLegacyReadFailed,en-US,GLOBAL,ERROR,ERROR,CMDHELP,active,,,"LEGACY: could not read commands.dbf/cmd_args.dbf in ""{dir}"".",implemented,core,COMMAND:CMDHELP,compiled_registry_v1,src/help/helpdata_messages.cpp,true,true,true,,,"owner_scope=COMMAND:CMDHELP ; facility_derived=CMDHELP ; default_text_shape=singleline ; source=all_messages() ; enrichment_pending=HELP_TOPIC,CMDHELPCHK"
MSG_CMDHELP_LEGACY_BUIL_E2F93561,CMDHELP_LEGACY_BUILD_TIP,CmdHelpLegacyBuildTip,en-US,GLOBAL,HINT,INFO,CMDHELP,active,,,Tip: run: CMDHELP BUILD LEGACY,implemented,core,COMMAND:CMDHELP,compiled_registry_v1,src/help/helpdata_messages.cpp,true,true,true,,,"owner_scope=COMMAND:CMDHELP ; facility_derived=CMDHELP ; default_text_shape=singleline ; source=all_messages() ; enrichment_pending=HELP_TOPIC,CMDHELPCHK"
MSG_CMDHELP_CURRENT_REA_CB370ADB,CMDHELP_CURRENT_READ_FAILED,CmdHelpCurrentReadFailed,en-US,GLOBAL,ERROR,ERROR,CMDHELP,active,,,"could not read current HELP DATA in ""{dir}"".",implemented,core,COMMAND:CMDHELP,compiled_registry_v1,src/help/helpdata_messages.cpp,true,true,true,,,"owner_scope=COMMAND:CMDHELP ; facility_derived=CMDHELP ; default_text_shape=singleline ; source=all_messages() ; enrichment_pending=HELP_TOPIC,CMDHELPCHK"
MSG_CMDHELP_CURRENT_EXP_1BA5F7D3,CMDHELP_CURRENT_EXPECTED_FILE,CmdHelpCurrentExpectedFile,en-US,GLOBAL,HINT,INFO,CMDHELP,active,,,Expected: help_line.dbf,implemented,core,COMMAND:CMDHELP,compiled_registry_v1,src/help/helpdata_messages.cpp,true,true,true,,,"owner_scope=COMMAND:CMDHELP ; facility_derived=CMDHELP ; default_text_shape=singleline ; source=all_messages() ; enrichment_pending=HELP_TOPIC,CMDHELPCHK"
MSG_CMDHELP_CURRENT_MIS_7D5B2500,CMDHELP_CURRENT_MISSING_COLUMNS,CmdHelpCurrentMissingColumns,en-US,GLOBAL,ERROR,ERROR,CMDHELP,active,,,help_line.dbf is missing expected columns.,implemented,core,COMMAND:CMDHELP,compiled_registry_v1,src/help/helpdata_messages.cpp,true,true,true,,,"owner_scope=COMMAND:CMDHELP ; facility_derived=CMDHELP ; default_text_shape=singleline ; source=all_messages() ; enrichment_pending=HELP_TOPIC,CMDHELPCHK"
MSG_CMDHELP_CURRENT_NEE_3C844252,CMDHELP_CURRENT_NEED_COLUMNS,CmdHelpCurrentNeedColumns,en-US,GLOBAL,HINT,INFO,CMDHELP,active,,,"Need at least TOPICKEY, KIND, SOURCE, TEXT.",implemented,core,COMMAND:CMDHELP,compiled_registry_v1,src/help/helpdata_messages.cpp,true,true,true,,,"owner_scope=COMMAND:CMDHELP ; facility_derived=CMDHELP ; default_text_shape=singleline ; source=all_messages() ; enrichment_pending=HELP_TOPIC,CMDHELPCHK"
MSG_CMDHELP_CURRENT_REP_2A082D76,CMDHELP_CURRENT_REPORT_TITLE,CmdHelpCurrentReportTitle,en-US,GLOBAL,STATUS,INFO,CMDHELP,active,,,CMDHELP Report (current HELP DATA),implemented,core,COMMAND:CMDHELP,compiled_registry_v1,src/help/helpdata_messages.cpp,true,true,true,,,"owner_scope=COMMAND:CMDHELP ; facility_derived=CMDHELP ; default_text_shape=singleline ; source=all_messages() ; enrichment_pending=HELP_TOPIC,CMDHELPCHK"
MSG_CMDHELP_PREVIEW_ROW_79E03F68,CMDHELP_PREVIEW_ROWS_TITLE,CmdHelpPreviewRowsTitle,en-US,GLOBAL,STATUS,INFO,CMDHELP,active,,,Preview rows,implemented,core,COMMAND:CMDHELP,compiled_registry_v1,src/help/helpdata_messages.cpp,true,true,true,,,"owner_scope=COMMAND:CMDHELP ; facility_derived=CMDHELP ; default_text_shape=singleline ; source=all_messages() ; enrichment_pending=HELP_TOPIC,CMDHELPCHK"
MSG_CMDHELP_TOPIC_NO_RE_6BF6615E,CMDHELP_TOPIC_NO_RENDERABLE_SECTIONS,CmdHelpTopicNoRenderableSections,en-US,GLOBAL,STATUS,INFO,CMDHELP,active,,,"(topic exists, but no renderable help sections were found)",implemented,core,COMMAND:CMDHELP,compiled_registry_v1,src/help/helpdata_messages.cpp,true,true,true,,,"owner_scope=COMMAND:CMDHELP ; facility_derived=CMDHELP ; default_text_shape=singleline ; source=all_messages() ; enrichment_pending=HELP_TOPIC,CMDHELPCHK"
MSG_CMDHELP_USAGE_TITLE_660A1CB9,CMDHELP_USAGE_TITLE,CmdHelpUsageTitle,en-US,GLOBAL,STATUS,INFO,CMDHELP,active,,,CMDHELP usage,implemented,core,COMMAND:CMDHELP,compiled_registry_v1,src/help/helpdata_messages.cpp,true,true,true,,,"owner_scope=COMMAND:CMDHELP ; facility_derived=CMDHELP ; default_text_shape=singleline ; source=all_messages() ; enrichment_pending=HELP_TOPIC,CMDHELPCHK"
MSG_CMDHELP_NOTES_TITLE_9FFEA215,CMDHELP_NOTES_TITLE,CmdHelpNotesTitle,en-US,GLOBAL,STATUS,INFO,CMDHELP,active,,,Notes:,implemented,core,COMMAND:CMDHELP,compiled_registry_v1,src/help/helpdata_messages.cpp,true,true,true,,,"owner_scope=COMMAND:CMDHELP ; facility_derived=CMDHELP ; default_text_shape=singleline ; source=all_messages() ; enrichment_pending=HELP_TOPIC,CMDHELPCHK"
MSG_CMDHELP_USAGE_NOTE__1667481B,CMDHELP_USAGE_NOTE_BUILD,CmdHelpUsageNoteBuild,en-US,GLOBAL,HINT,INFO,CMDHELP,active,,,CMDHELP BUILD writes current HELP DATA tables.,implemented,core,COMMAND:CMDHELP,compiled_registry_v1,src/help/helpdata_messages.cpp,true,true,true,,,"owner_scope=COMMAND:CMDHELP ; facility_derived=CMDHELP ; default_text_shape=singleline ; source=all_messages() ; enrichment_pending=HELP_TOPIC,CMDHELPCHK"
MSG_CMDHELP_USAGE_NOTE__52E3358B,CMDHELP_USAGE_NOTE_LEGACY,CmdHelpUsageNoteLegacy,en-US,GLOBAL,HINT,INFO,CMDHELP,active,,,CMDHELP LEGACY reads the old commands.dbf/cmd_args.dbf report.,implemented,core,COMMAND:CMDHELP,compiled_registry_v1,src/help/helpdata_messages.cpp,true,true,true,,,"owner_scope=COMMAND:CMDHELP ; facility_derived=CMDHELP ; default_text_shape=singleline ; source=all_messages() ; enrichment_pending=HELP_TOPIC,CMDHELPCHK"
MSG_CMDHELP_CURRENT_DIR_97014D44,CMDHELP_CURRENT_DIRECTORY_LINE,CmdHelpCurrentDirectoryLine,en-US,GLOBAL,STATUS,INFO,CMDHELP,active,,,directory : {dir},implemented,core,COMMAND:CMDHELP,compiled_registry_v1,src/help/helpdata_messages.cpp,true,true,true,,,"owner_scope=COMMAND:CMDHELP ; facility_derived=CMDHELP ; default_text_shape=singleline ; source=all_messages() ; enrichment_pending=HELP_TOPIC,CMDHELPCHK"
MSG_CMDHELP_CURRENT_LIN_4AAAF76E,CMDHELP_CURRENT_LINE_ROWS_LINE,CmdHelpCurrentLineRowsLine,en-US,GLOBAL,STATUS,INFO,CMDHELP,active,,,line rows : {count},implemented,core,COMMAND:CMDHELP,compiled_registry_v1,src/help/helpdata_messages.cpp,true,true,true,,,"owner_scope=COMMAND:CMDHELP ; facility_derived=CMDHELP ; default_text_shape=singleline ; source=all_messages() ; enrichment_pending=HELP_TOPIC,CMDHELPCHK"
MSG_CMDHELP_CURRENT_TOP_59602D5F,CMDHELP_CURRENT_TOPICS_LINE,CmdHelpCurrentTopicsLine,en-US,GLOBAL,STATUS,INFO,CMDHELP,active,,,topics : {count},implemented,core,COMMAND:CMDHELP,compiled_registry_v1,src/help/helpdata_messages.cpp,true,true,true,,,"owner_scope=COMMAND:CMDHELP ; facility_derived=CMDHELP ; default_text_shape=singleline ; source=all_messages() ; enrichment_pending=HELP_TOPIC,CMDHELPCHK"
MSG_CMDHELP_BY_KIND_TIT_5549C105,CMDHELP_BY_KIND_TITLE,CmdHelpByKindTitle,en-US,GLOBAL,STATUS,INFO,CMDHELP,active,,,By KIND,implemented,core,COMMAND:CMDHELP,compiled_registry_v1,src/help/helpdata_messages.cpp,true,true,true,,,"owner_scope=COMMAND:CMDHELP ; facility_derived=CMDHELP ; default_text_shape=singleline ; source=all_messages() ; enrichment_pending=HELP_TOPIC,CMDHELPCHK"
MSG_CMDHELP_BY_SOURCE_T_9140C5FB,CMDHELP_BY_SOURCE_TITLE,CmdHelpBySourceTitle,en-US,GLOBAL,STATUS,INFO,CMDHELP,active,,,By SOURCE,implemented,core,COMMAND:CMDHELP,compiled_registry_v1,src/help/helpdata_messages.cpp,true,true,true,,,"owner_scope=COMMAND:CMDHELP ; facility_derived=CMDHELP ; default_text_shape=singleline ; source=all_messages() ; enrichment_pending=HELP_TOPIC,CMDHELPCHK"
MSG_CMDHELP_MATCHED_TOP_BE1D7668,CMDHELP_MATCHED_TOPICS_LABEL,CmdHelpMatchedTopicsLabel,en-US,GLOBAL,STATUS,INFO,CMDHELP,active,,,Matched topics:,implemented,core,COMMAND:CMDHELP,compiled_registry_v1,src/help/helpdata_messages.cpp,true,true,true,,,"owner_scope=COMMAND:CMDHELP ; facility_derived=CMDHELP ; default_text_shape=singleline ; source=all_messages() ; enrichment_pending=HELP_TOPIC,CMDHELPCHK"
MSG_CMDHELP_PREVIEW_TOP_4E65DBBD,CMDHELP_PREVIEW_TOPICKEY_HEADER,CmdHelpPreviewTopicKeyHeader,en-US,GLOBAL,STATUS,INFO,CMDHELP,active,,,TOPICKEY,implemented,core,COMMAND:CMDHELP,compiled_registry_v1,src/help/helpdata_messages.cpp,true,true,true,,,"owner_scope=COMMAND:CMDHELP ; facility_derived=CMDHELP ; default_text_shape=singleline ; source=all_messages() ; enrichment_pending=HELP_TOPIC,CMDHELPCHK"
MSG_CMDHELP_PREVIEW_KIN_25D0B8F4,CMDHELP_PREVIEW_KIND_HEADER,CmdHelpPreviewKindHeader,en-US,GLOBAL,STATUS,INFO,CMDHELP,active,,,KIND,implemented,core,COMMAND:CMDHELP,compiled_registry_v1,src/help/helpdata_messages.cpp,true,true,true,,,"owner_scope=COMMAND:CMDHELP ; facility_derived=CMDHELP ; default_text_shape=singleline ; source=all_messages() ; enrichment_pending=HELP_TOPIC,CMDHELPCHK"
MSG_CMDHELP_PREVIEW_SOU_7AFB867C,CMDHELP_PREVIEW_SOURCE_HEADER,CmdHelpPreviewSourceHeader,en-US,GLOBAL,STATUS,INFO,CMDHELP,active,,,SOURCE,implemented,core,COMMAND:CMDHELP,compiled_registry_v1,src/help/helpdata_messages.cpp,true,true,true,,,"owner_scope=COMMAND:CMDHELP ; facility_derived=CMDHELP ; default_text_shape=singleline ; source=all_messages() ; enrichment_pending=HELP_TOPIC,CMDHELPCHK"
MSG_CMDHELP_PREVIEW_CON_E7277C90,CMDHELP_PREVIEW_CONFID_HEADER,CmdHelpPreviewConfidHeader,en-US,GLOBAL,STATUS,INFO,CMDHELP,active,,,CONFID,implemented,core,COMMAND:CMDHELP,compiled_registry_v1,src/help/helpdata_messages.cpp,true,true,true,,,"owner_scope=COMMAND:CMDHELP ; facility_derived=CMDHELP ; default_text_shape=singleline ; source=all_messages() ; enrichment_pending=HELP_TOPIC,CMDHELPCHK"
MSG_CMDHELP_PREVIEW_ROL_158E6F68,CMDHELP_PREVIEW_ROLE_HEADER,CmdHelpPreviewRoleHeader,en-US,GLOBAL,STATUS,INFO,CMDHELP,active,,,ROLE,implemented,core,COMMAND:CMDHELP,compiled_registry_v1,src/help/helpdata_messages.cpp,true,true,true,,,"owner_scope=COMMAND:CMDHELP ; facility_derived=CMDHELP ; default_text_shape=singleline ; source=all_messages() ; enrichment_pending=HELP_TOPIC,CMDHELPCHK"
MSG_CMDHELP_PREVIEW_TEX_7B7C14D8,CMDHELP_PREVIEW_TEXT_HEADER,CmdHelpPreviewTextHeader,en-US,GLOBAL,STATUS,INFO,CMDHELP,active,,,TEXT,implemented,core,COMMAND:CMDHELP,compiled_registry_v1,src/help/helpdata_messages.cpp,true,true,true,,,"owner_scope=COMMAND:CMDHELP ; facility_derived=CMDHELP ; default_text_shape=singleline ; source=all_messages() ; enrichment_pending=HELP_TOPIC,CMDHELPCHK"
MSG_CMDHELP_PREVIEW_DIV_2CB13D06,CMDHELP_PREVIEW_DIVIDER,CmdHelpPreviewDivider,en-US,GLOBAL,STATUS,INFO,CMDHELP,active,,,--------------------------------------------------------------------------------,implemented,core,COMMAND:CMDHELP,compiled_registry_v1,src/help/helpdata_messages.cpp,true,true,true,,,"owner_scope=COMMAND:CMDHELP ; facility_derived=CMDHELP ; default_text_shape=singleline ; source=all_messages() ; enrichment_pending=HELP_TOPIC,CMDHELPCHK"
MSG_CMDHELP_QUERY_LINE_C65A7F32,CMDHELP_QUERY_LINE,CmdHelpQueryLine,en-US,GLOBAL,STATUS,INFO,CMDHELP,active,,,CMDHELP {qualifier}{query},implemented,core,COMMAND:CMDHELP,compiled_registry_v1,src/help/helpdata_messages.cpp,true,true,true,,,"owner_scope=COMMAND:CMDHELP ; facility_derived=CMDHELP ; default_text_shape=singleline ; source=all_messages() ; enrichment_pending=HELP_TOPIC,CMDHELPCHK"
MSG_CMDHELP_USAGE_BODY__B740E771,CMDHELP_USAGE_BODY_TEXT,CmdHelpUsageBodyText,en-US,GLOBAL,STATUS,INFO,CMDHELP,active,,,CMDHELP / CMDHELP USAGE / CMDHELP BUILD / CMDHELP BUILD . <source-root> / CMDHELP <topic> / CMDHELP USAGE <topic> / CMDHELP <topic> USAGE / CMDHELP BUILD LEGACY / CMDHELP LEGACY,implemented,core,COMMAND:CMDHELP,compiled_registry_v1,src/help/helpdata_messages.cpp,true,true,true,,,"owner_scope=COMMAND:CMDHELP ; facility_derived=CMDHELP ; default_text_shape=multiline ; source=all_messages() ; enrichment_pending=HELP_TOPIC,CMDHELPCHK"
MSG_CMDHELP_LEGACY_REPO_75901C67,CMDHELP_LEGACY_REPORT_LINE,CmdHelpLegacyReportLine,en-US,GLOBAL,STATUS,INFO,CMDHELP,active,,,"CMDHELP LEGACY Report: {commands} command rows, {args} arg rows -> {dir}",implemented,core,COMMAND:CMDHELP,compiled_registry_v1,src/help/helpdata_messages.cpp,true,true,true,,,"owner_scope=COMMAND:CMDHELP ; facility_derived=CMDHELP ; default_text_shape=singleline ; source=all_messages() ; enrichment_pending=HELP_TOPIC,CMDHELPCHK"
MSG_LMDB_USAGE_TEXT_CFE5369E,LMDB_USAGE_TEXT,LmdbUsageText,en-US,GLOBAL,USAGE,INFO,LMDB,active,,,Usage: / LMDB USAGE / LMDB INFO / LMDB OPEN <container.cdx> / LMDB OPEN <envdir.cdx.d> / LMDB OPEN <stem> / LMDB USE <tag> / LMDB SEEK <key> / LMDB DUMP / LMDB DUMP <max> / LMDB SC,implemented,core,COMMAND:LMDB,compiled_registry_v1,src/help/helpdata_messages.cpp,true,true,true,,,"owner_scope=COMMAND:LMDB ; facility_derived=LMDB ; default_text_shape=multiline ; source=all_messages() ; enrichment_pending=HELP_TOPIC,CMDHELPCHK"
MSG_LMDB_ACTION_NO_TABL_F1ACB643,LMDB_ACTION_NO_TABLE_OPEN_TEXT,LmdbActionNoTableOpenText,en-US,GLOBAL,ERROR,ERROR,LMDB,active,,,{action}: no table open in current area,implemented,core,COMMAND:LMDB,compiled_registry_v1,src/help/helpdata_messages.cpp,true,true,true,,,"owner_scope=COMMAND:LMDB ; facility_derived=LMDB ; default_text_shape=singleline ; source=all_messages() ; enrichment_pending=HELP_TOPIC,CMDHELPCHK"
MSG_LMDB_INFO_NONE_TEXT_DC15FB1E,LMDB_INFO_NONE_TEXT,LmdbInfoNoneText,en-US,GLOBAL,STATUS,INFO,LMDB,active,,,(none),implemented,core,COMMAND:LMDB,compiled_registry_v1,src/help/helpdata_messages.cpp,true,true,true,,,"owner_scope=COMMAND:LMDB ; facility_derived=LMDB ; default_text_shape=singleline ; source=all_messages() ; enrichment_pending=HELP_TOPIC,CMDHELPCHK"
MSG_LMDB_INFO_TITLE_TEX_BBCCAB07,LMDB_INFO_TITLE_TEXT,LmdbInfoTitleText,en-US,GLOBAL,STATUS,INFO,LMDB,active,,,LMDB INFO,implemented,core,COMMAND:LMDB,compiled_registry_v1,src/help/helpdata_messages.cpp,true,true,true,,,"owner_scope=COMMAND:LMDB ; facility_derived=LMDB ; default_text_shape=singleline ; source=all_messages() ; enrichment_pending=HELP_TOPIC,CMDHELPCHK"
MSG_LMDB_INFO_CONTAINER_5965E487,LMDB_INFO_CONTAINER_LINE_TEXT,LmdbInfoContainerLineText,en-US,GLOBAL,STATUS,INFO,LMDB,active,,,container: {path},implemented,core,COMMAND:LMDB,compiled_registry_v1,src/help/helpdata_messages.cpp,true,true,true,,,"owner_scope=COMMAND:LMDB ; facility_derived=LMDB ; default_text_shape=singleline ; source=all_messages() ; enrichment_pending=HELP_TOPIC,CMDHELPCHK"
MSG_LMDB_INFO_TAG_LINE__06706751,LMDB_INFO_TAG_LINE_TEXT,LmdbInfoTagLineText,en-US,GLOBAL,STATUS,INFO,LMDB,active,,,tag : {tag},implemented,core,COMMAND:LMDB,compiled_registry_v1,src/help/helpdata_messages.cpp,true,true,true,,,"owner_scope=COMMAND:LMDB ; facility_derived=LMDB ; default_text_shape=singleline ; source=all_messages() ; enrichment_pending=HELP_TOPIC,CMDHELPCHK"
MSG_LMDB_OPEN_MISSING_P_250E14CB,LMDB_OPEN_MISSING_PATH_TEXT,LmdbOpenMissingPathText,en-US,GLOBAL,ERROR,ERROR,LMDB,active,,,missing path,implemented,core,COMMAND:LMDB,compiled_registry_v1,src/help/helpdata_messages.cpp,true,true,true,,,"owner_scope=COMMAND:LMDB ; facility_derived=LMDB ; default_text_shape=singleline ; source=all_messages() ; enrichment_pending=HELP_TOPIC,CMDHELPCHK"
MSG_LMDB_OPEN_INVALID_P_5057CE05,LMDB_OPEN_INVALID_PATH_TEXT,LmdbOpenInvalidPathText,en-US,GLOBAL,ERROR,ERROR,LMDB,active,,,invalid path,implemented,core,COMMAND:LMDB,compiled_registry_v1,src/help/helpdata_messages.cpp,true,true,true,,,"owner_scope=COMMAND:LMDB ; facility_derived=LMDB ; default_text_shape=singleline ; source=all_messages() ; enrichment_pending=HELP_TOPIC,CMDHELPCHK"
MSG_LMDB_OPEN_FAILED_TE_5759E9EB,LMDB_OPEN_FAILED_TEXT,LmdbOpenFailedText,en-US,GLOBAL,ERROR,ERROR,LMDB,active,,,OPEN failed: {detail},implemented,core,COMMAND:LMDB,compiled_registry_v1,src/help/helpdata_messages.cpp,true,true,true,,,"owner_scope=COMMAND:LMDB ; facility_derived=LMDB ; default_text_shape=singleline ; source=all_messages() ; enrichment_pending=HELP_TOPIC,CMDHELPCHK"
MSG_LMDB_OPEN_TEXT_6039BE9C,LMDB_OPEN_TEXT,LmdbOpenText,en-US,GLOBAL,STATUS,INFO,LMDB,active,,,OPEN: {path},implemented,core,COMMAND:LMDB,compiled_registry_v1,src/help/helpdata_messages.cpp,true,true,true,,,"owner_scope=COMMAND:LMDB ; facility_derived=LMDB ; default_text_shape=singleline ; source=all_messages() ; enrichment_pending=HELP_TOPIC,CMDHELPCHK"
MSG_LMDB_USE_MISSING_TA_9685CC8C,LMDB_USE_MISSING_TAG_TEXT,LmdbUseMissingTagText,en-US,GLOBAL,ERROR,ERROR,LMDB,active,,,missing TAG,implemented,core,COMMAND:LMDB,compiled_registry_v1,src/help/helpdata_messages.cpp,true,true,true,,,"owner_scope=COMMAND:LMDB ; facility_derived=LMDB ; default_text_shape=singleline ; source=all_messages() ; enrichment_pending=HELP_TOPIC,CMDHELPCHK"
MSG_LMDB_USE_FAILED_TEX_5375A23D,LMDB_USE_FAILED_TEXT,LmdbUseFailedText,en-US,GLOBAL,ERROR,ERROR,LMDB,active,,,USE failed: {detail},implemented,core,COMMAND:LMDB,compiled_registry_v1,src/help/helpdata_messages.cpp,true,true,true,,,"owner_scope=COMMAND:LMDB ; facility_derived=LMDB ; default_text_shape=singleline ; source=all_messages() ; enrichment_pending=HELP_TOPIC,CMDHELPCHK"
MSG_LMDB_USE_TEXT_E1FF8291,LMDB_USE_TEXT,LmdbUseText,en-US,GLOBAL,STATUS,INFO,LMDB,active,,,USE: {tag},implemented,core,COMMAND:LMDB,compiled_registry_v1,src/help/helpdata_messages.cpp,true,true,true,,,"owner_scope=COMMAND:LMDB ; facility_derived=LMDB ; default_text_shape=singleline ; source=all_messages() ; enrichment_pending=HELP_TOPIC,CMDHELPCHK"
MSG_LMDB_SEEK_MISSING_K_EFB5F7E8,LMDB_SEEK_MISSING_KEY_TEXT,LmdbSeekMissingKeyText,en-US,GLOBAL,ERROR,ERROR,LMDB,active,,,missing key,implemented,core,COMMAND:LMDB,compiled_registry_v1,src/help/helpdata_messages.cpp,true,true,true,,,"owner_scope=COMMAND:LMDB ; facility_derived=LMDB ; default_text_shape=singleline ; source=all_messages() ; enrichment_pending=HELP_TOPIC,CMDHELPCHK"
MSG_LMDB_SEEK_FAILED_TE_687470E5,LMDB_SEEK_FAILED_TEXT,LmdbSeekFailedText,en-US,GLOBAL,ERROR,ERROR,LMDB,active,,,SEEK failed: {detail},implemented,core,COMMAND:LMDB,compiled_registry_v1,src/help/helpdata_messages.cpp,true,true,true,,,"owner_scope=COMMAND:LMDB ; facility_derived=LMDB ; default_text_shape=singleline ; source=all_messages() ; enrichment_pending=HELP_TOPIC,CMDHELPCHK"
MSG_LMDB_SEEK_RECNO_TEX_D704A612,LMDB_SEEK_RECNO_TEXT,LmdbSeekRecnoText,en-US,GLOBAL,STATUS,INFO,LMDB,active,,,SEEK: recno={recno},implemented,core,COMMAND:LMDB,compiled_registry_v1,src/help/helpdata_messages.cpp,true,true,true,,,"owner_scope=COMMAND:LMDB ; facility_derived=LMDB ; default_text_shape=singleline ; source=all_messages() ; enrichment_pending=HELP_TOPIC,CMDHELPCHK"
MSG_LMDB_DUMP_NONE_TEXT_572437DB,LMDB_DUMP_NONE_TEXT,LmdbDumpNoneText,en-US,GLOBAL,STATUS,INFO,LMDB,active,,,DUMP: (none),implemented,core,COMMAND:LMDB,compiled_registry_v1,src/help/helpdata_messages.cpp,true,true,true,,,"owner_scope=COMMAND:LMDB ; facility_derived=LMDB ; default_text_shape=singleline ; source=all_messages() ; enrichment_pending=HELP_TOPIC,CMDHELPCHK"
MSG_LMDB_DUMP_NO_TAG_SE_54541C29,LMDB_DUMP_NO_TAG_SELECTED_TEXT,LmdbDumpNoTagSelectedText,en-US,GLOBAL,ERROR,ERROR,LMDB,active,,,DUMP: no TAG selected. Try: LMDB USE <TAG>,implemented,core,COMMAND:LMDB,compiled_registry_v1,src/help/helpdata_messages.cpp,true,true,true,,,"owner_scope=COMMAND:LMDB ; facility_derived=LMDB ; default_text_shape=singleline ; source=all_messages() ; enrichment_pending=HELP_TOPIC,CMDHELPCHK"
MSG_LMDB_DUMP_CURSOR_OP_C7A90533,LMDB_DUMP_CURSOR_OPEN_FAILED_TEXT,LmdbDumpCursorOpenFailedText,en-US,GLOBAL,ERROR,ERROR,LMDB,active,,,DUMP: cursor open failed,implemented,core,COMMAND:LMDB,compiled_registry_v1,src/help/helpdata_messages.cpp,true,true,true,,,"owner_scope=COMMAND:LMDB ; facility_derived=LMDB ; default_text_shape=singleline ; source=all_messages() ; enrichment_pending=HELP_TOPIC,CMDHELPCHK"
MSG_LMDB_DUMP_PRINTED_T_BE8E4DA8,LMDB_DUMP_PRINTED_TEXT,LmdbDumpPrintedText,en-US,GLOBAL,STATUS,INFO,LMDB,active,,,DUMP: printed {count},implemented,core,COMMAND:LMDB,compiled_registry_v1,src/help/helpdata_messages.cpp,true,true,true,,,"owner_scope=COMMAND:LMDB ; facility_derived=LMDB ; default_text_shape=singleline ; source=all_messages() ; enrichment_pending=HELP_TOPIC,CMDHELPCHK"
MSG_LMDB_SCAN_USAGE_TEX_D369271A,LMDB_SCAN_USAGE_TEXT,LmdbScanUsageText,en-US,GLOBAL,USAGE,INFO,LMDB,active,,,SCAN usage: LMDB SCAN <low> <high>,implemented,core,COMMAND:LMDB,compiled_registry_v1,src/help/helpdata_messages.cpp,true,true,true,,,"owner_scope=COMMAND:LMDB ; facility_derived=LMDB ; default_text_shape=singleline ; source=all_messages() ; enrichment_pending=HELP_TOPIC,CMDHELPCHK"
MSG_LMDB_SCAN_NONE_TEXT_100E0A75,LMDB_SCAN_NONE_TEXT,LmdbScanNoneText,en-US,GLOBAL,STATUS,INFO,LMDB,active,,,SCAN: (none),implemented,core,COMMAND:LMDB,compiled_registry_v1,src/help/helpdata_messages.cpp,true,true,true,,,"owner_scope=COMMAND:LMDB ; facility_derived=LMDB ; default_text_shape=singleline ; source=all_messages() ; enrichment_pending=HELP_TOPIC,CMDHELPCHK"
MSG_LMDB_SCAN_NO_TAG_SE_4855773B,LMDB_SCAN_NO_TAG_SELECTED_TEXT,LmdbScanNoTagSelectedText,en-US,GLOBAL,ERROR,ERROR,LMDB,active,,,SCAN: no TAG selected. Try: LMDB USE <TAG>,implemented,core,COMMAND:LMDB,compiled_registry_v1,src/help/helpdata_messages.cpp,true,true,true,,,"owner_scope=COMMAND:LMDB ; facility_derived=LMDB ; default_text_shape=singleline ; source=all_messages() ; enrichment_pending=HELP_TOPIC,CMDHELPCHK"
MSG_LMDB_SCAN_CURSOR_OP_79A73D5A,LMDB_SCAN_CURSOR_OPEN_FAILED_TEXT,LmdbScanCursorOpenFailedText,en-US,GLOBAL,ERROR,ERROR,LMDB,active,,,SCAN: cursor open failed,implemented,core,COMMAND:LMDB,compiled_registry_v1,src/help/helpdata_messages.cpp,true,true,true,,,"owner_scope=COMMAND:LMDB ; facility_derived=LMDB ; default_text_shape=singleline ; source=all_messages() ; enrichment_pending=HELP_TOPIC,CMDHELPCHK"
MSG_LMDB_SCAN_SHOWN_TEX_20FD3098,LMDB_SCAN_SHOWN_TEXT,LmdbScanShownText,en-US,GLOBAL,STATUS,INFO,LMDB,active,,,SCAN: shown {count},implemented,core,COMMAND:LMDB,compiled_registry_v1,src/help/helpdata_messages.cpp,true,true,true,,,"owner_scope=COMMAND:LMDB ; facility_derived=LMDB ; default_text_shape=singleline ; source=all_messages() ; enrichment_pending=HELP_TOPIC,CMDHELPCHK"
MSG_LMDB_CLOSE_TEXT_54A118A6,LMDB_CLOSE_TEXT,LmdbCloseText,en-US,GLOBAL,STATUS,INFO,LMDB,active,,,CLOSE,implemented,core,COMMAND:LMDB,compiled_registry_v1,src/help/helpdata_messages.cpp,true,true,true,,,"owner_scope=COMMAND:LMDB ; facility_derived=LMDB ; default_text_shape=singleline ; source=all_messages() ; enrichment_pending=HELP_TOPIC,CMDHELPCHK"
MSG_LMDB_UTIL_DISABLED__22114782,LMDB_UTIL_DISABLED_TEXT,LmdbUtilDisabledText,en-US,GLOBAL,STATUS,INFO,LMDB_UTIL,active,,,LMDB_UTIL is deprecated and disabled. / Use: LMDB (per-area) / Usage: / LMDB_UTIL / LMDB_UTIL USAGE / Related: / LMDB INFO / LMDB OPEN <container.cdx> / LMDB USE <tag> / LMDB SEEK ,implemented,core,COMMAND:LMDB_UTIL,compiled_registry_v1,src/help/helpdata_messages.cpp,true,true,true,,,"owner_scope=COMMAND:LMDB_UTIL ; facility_derived=LMDB_UTIL ; default_text_shape=multiline ; source=all_messages() ; enrichment_pending=HELP_TOPIC,CMDHELPCHK"
MSG_MANUAL_CATALOG_STAT_416C30E3,MANUAL_CATALOG_STATUS_TITLE,ManualCatalogStatusTitle,en-US,GLOBAL,STATUS,INFO,MANUAL,active,,,MANUAL CATALOG STATUS,implemented,core,COMMAND:MANUAL,compiled_registry_v1,src/help/helpdata_messages.cpp,true,true,true,,,"owner_scope=COMMAND:MANUAL ; facility_derived=MANUAL ; default_text_shape=singleline ; source=all_messages() ; enrichment_pending=HELP_TOPIC,CMDHELPCHK"
MSG_MANUAL_CATALOG_TABL_28D3B454,MANUAL_CATALOG_TABLES_TITLE,ManualCatalogTablesTitle,en-US,GLOBAL,STATUS,INFO,MANUAL,active,,,MANUAL CATALOG TABLES,implemented,core,COMMAND:MANUAL,compiled_registry_v1,src/help/helpdata_messages.cpp,true,true,true,,,"owner_scope=COMMAND:MANUAL ; facility_derived=MANUAL ; default_text_shape=singleline ; source=all_messages() ; enrichment_pending=HELP_TOPIC,CMDHELPCHK"
MSG_MANUAL_CATALOG_COUN_1575A2DA,MANUAL_CATALOG_COUNTS_TITLE,ManualCatalogCountsTitle,en-US,GLOBAL,STATUS,INFO,MANUAL,active,,,MANUAL CATALOG COUNTS,implemented,core,COMMAND:MANUAL,compiled_registry_v1,src/help/helpdata_messages.cpp,true,true,true,,,"owner_scope=COMMAND:MANUAL ; facility_derived=MANUAL ; default_text_shape=singleline ; source=all_messages() ; enrichment_pending=HELP_TOPIC,CMDHELPCHK"
MSG_MANUAL_CATALOG_COUN_213F5827,MANUAL_CATALOG_COUNTS_NOTE,ManualCatalogCountsNote,en-US,GLOBAL,HINT,INFO,MANUAL,active,,,note: this lightweight native surface reports expected counts and DBF presence; DBF row readback remains in manualgen reports.,implemented,core,COMMAND:MANUAL,compiled_registry_v1,src/help/helpdata_messages.cpp,true,true,true,,,"owner_scope=COMMAND:MANUAL ; facility_derived=MANUAL ; default_text_shape=singleline ; source=all_messages() ; enrichment_pending=HELP_TOPIC,CMDHELPCHK"
MSG_MANUAL_CATALOG_RESO_F7FA5667,MANUAL_CATALOG_RESOLVE_TITLE,ManualCatalogResolveTitle,en-US,GLOBAL,STATUS,INFO,MANUAL,active,,,MANUAL CATALOG RESOLVE,implemented,core,COMMAND:MANUAL,compiled_registry_v1,src/help/helpdata_messages.cpp,true,true,true,,,"owner_scope=COMMAND:MANUAL ; facility_derived=MANUAL ; default_text_shape=singleline ; source=all_messages() ; enrichment_pending=HELP_TOPIC,CMDHELPCHK"
MSG_MANUAL_RESOLVE_UNKN_0EAA8E00,MANUAL_RESOLVE_UNKNOWN_TOKEN,ManualResolveUnknownToken,en-US,GLOBAL,ERROR,ERROR,MANUAL,active,,,unknown MAN* table token or alias,implemented,core,COMMAND:MANUAL,compiled_registry_v1,src/help/helpdata_messages.cpp,true,true,true,,,"owner_scope=COMMAND:MANUAL ; facility_derived=MANUAL ; default_text_shape=singleline ; source=all_messages() ; enrichment_pending=HELP_TOPIC,CMDHELPCHK"
MSG_MANUAL_INTERNAL_TAB_ED1B015F,MANUAL_INTERNAL_TABLE_SPEC_MISSING,ManualInternalTableSpecMissing,en-US,GLOBAL,ERROR,ERROR,MANUAL,active,,,internal error: table specification missing,implemented,core,COMMAND:MANUAL,compiled_registry_v1,src/help/helpdata_messages.cpp,true,true,true,,,"owner_scope=COMMAND:MANUAL ; facility_derived=MANUAL ; default_text_shape=singleline ; source=all_messages() ; enrichment_pending=HELP_TOPIC,CMDHELPCHK"
MSG_MANUAL_USAGE_TITLE_DD10947B,MANUAL_USAGE_TITLE,ManualUsageTitle,en-US,GLOBAL,STATUS,INFO,MANUAL,active,,,Usage:,implemented,core,COMMAND:MANUAL,compiled_registry_v1,src/help/helpdata_messages.cpp,true,true,true,,,"owner_scope=COMMAND:MANUAL ; facility_derived=MANUAL ; default_text_shape=singleline ; source=all_messages() ; enrichment_pending=HELP_TOPIC,CMDHELPCHK"
MSG_MANUAL_NOTES_TITLE_096C2666,MANUAL_NOTES_TITLE,ManualNotesTitle,en-US,GLOBAL,STATUS,INFO,MANUAL,active,,,Notes:,implemented,core,COMMAND:MANUAL,compiled_registry_v1,src/help/helpdata_messages.cpp,true,true,true,,,"owner_scope=COMMAND:MANUAL ; facility_derived=MANUAL ; default_text_shape=singleline ; source=all_messages() ; enrichment_pending=HELP_TOPIC,CMDHELPCHK"
MSG_MANUAL_READ_ONLY_NO_3056BAE3,MANUAL_READ_ONLY_NOTE,ManualReadOnlyNote,en-US,GLOBAL,HINT,INFO,MANUAL,active,,,MANUAL is read-only.,implemented,core,COMMAND:MANUAL,compiled_registry_v1,src/help/helpdata_messages.cpp,true,true,true,,,"owner_scope=COMMAND:MANUAL ; facility_derived=MANUAL ; default_text_shape=singleline ; source=all_messages() ; enrichment_pending=HELP_TOPIC,CMDHELPCHK"
MSG_MANUAL_REPORTS_EVID_46268027,MANUAL_REPORTS_EVIDENCE_NOTE,ManualReportsEvidenceNote,en-US,GLOBAL,HINT,INFO,MANUAL,active,,,MANUAL reports accepted MAN* manualgen catalog evidence.,implemented,core,COMMAND:MANUAL,compiled_registry_v1,src/help/helpdata_messages.cpp,true,true,true,,,"owner_scope=COMMAND:MANUAL ; facility_derived=MANUAL ; default_text_shape=singleline ; source=all_messages() ; enrichment_pending=HELP_TOPIC,CMDHELPCHK"
MSG_MANUAL_DOES_NOT_MUT_485FB640,MANUAL_DOES_NOT_MUTATE_NOTE,ManualDoesNotMutateNote,en-US,GLOBAL,HINT,INFO,MANUAL,active,,,"MANUAL does not mutate DBFs, HELP, META, CMDHELPCHK, source, or publication artifacts.",implemented,core,COMMAND:MANUAL,compiled_registry_v1,src/help/helpdata_messages.cpp,true,true,true,,,"owner_scope=COMMAND:MANUAL ; facility_derived=MANUAL ; default_text_shape=singleline ; source=all_messages() ; enrichment_pending=HELP_TOPIC,CMDHELPCHK"
MSG_MANUAL_SECTIONS_TIT_47109679,MANUAL_SECTIONS_TITLE,ManualSectionsTitle,en-US,GLOBAL,STATUS,INFO,MANUAL,active,,,MANUAL SECTIONS,implemented,core,COMMAND:MANUAL,compiled_registry_v1,src/help/helpdata_messages.cpp,true,true,true,,,"owner_scope=COMMAND:MANUAL ; facility_derived=MANUAL ; default_text_shape=singleline ; source=all_messages() ; enrichment_pending=HELP_TOPIC,CMDHELPCHK"
MSG_MANUAL_MEDIA_TITLE_7B5387DE,MANUAL_MEDIA_TITLE,ManualMediaTitle,en-US,GLOBAL,STATUS,INFO,MANUAL,active,,,MANUAL MEDIA,implemented,core,COMMAND:MANUAL,compiled_registry_v1,src/help/helpdata_messages.cpp,true,true,true,,,"owner_scope=COMMAND:MANUAL ; facility_derived=MANUAL ; default_text_shape=singleline ; source=all_messages() ; enrichment_pending=HELP_TOPIC,CMDHELPCHK"
MSG_MANUAL_MEDIA_ANCHOR_D0D2F704,MANUAL_MEDIA_ANCHORS_TITLE,ManualMediaAnchorsTitle,en-US,GLOBAL,STATUS,INFO,MANUAL,active,,,MANUAL MEDIA ANCHORS,implemented,core,COMMAND:MANUAL,compiled_registry_v1,src/help/helpdata_messages.cpp,true,true,true,,,"owner_scope=COMMAND:MANUAL ; facility_derived=MANUAL ; default_text_shape=singleline ; source=all_messages() ; enrichment_pending=HELP_TOPIC,CMDHELPCHK"
MSG_MANUAL_REVIEW_TITLE_C299F5AC,MANUAL_REVIEW_TITLE,ManualReviewTitle,en-US,GLOBAL,STATUS,INFO,MANUAL,active,,,MANUAL REVIEW,implemented,core,COMMAND:MANUAL,compiled_registry_v1,src/help/helpdata_messages.cpp,true,true,true,,,"owner_scope=COMMAND:MANUAL ; facility_derived=MANUAL ; default_text_shape=singleline ; source=all_messages() ; enrichment_pending=HELP_TOPIC,CMDHELPCHK"
MSG_MANUAL_STATUS_MODE__5D18BB03,MANUAL_STATUS_MODE_LINE,ManualStatusModeLine,en-US,GLOBAL,STATUS,INFO,MANUAL,active,,,mode: read-only,implemented,core,COMMAND:MANUAL,compiled_registry_v1,src/help/helpdata_messages.cpp,true,true,true,,,"owner_scope=COMMAND:MANUAL ; facility_derived=MANUAL ; default_text_shape=singleline ; source=all_messages() ; enrichment_pending=HELP_TOPIC,CMDHELPCHK"
MSG_MANUAL_STATUS_REPO__D79BACC0,MANUAL_STATUS_REPO_ROOT_LINE,ManualStatusRepoRootLine,en-US,GLOBAL,STATUS,INFO,MANUAL,active,,,repo_root: {value},implemented,core,COMMAND:MANUAL,compiled_registry_v1,src/help/helpdata_messages.cpp,true,true,true,,,"owner_scope=COMMAND:MANUAL ; facility_derived=MANUAL ; default_text_shape=singleline ; source=all_messages() ; enrichment_pending=HELP_TOPIC,CMDHELPCHK"
MSG_MANUAL_STATUS_ACCEP_C771CCB0,MANUAL_STATUS_ACCEPTED_DBF_DIR_LINE,ManualStatusAcceptedDbfDirLine,en-US,GLOBAL,STATUS,INFO,MANUAL,active,,,accepted_dbf_dir: {value},implemented,core,COMMAND:MANUAL,compiled_registry_v1,src/help/helpdata_messages.cpp,true,true,true,,,"owner_scope=COMMAND:MANUAL ; facility_derived=MANUAL ; default_text_shape=singleline ; source=all_messages() ; enrichment_pending=HELP_TOPIC,CMDHELPCHK"
MSG_MANUAL_STATUS_ACCEP_24DC1689,MANUAL_STATUS_ACCEPTED_DBF_DIR_EXISTS_LINE,ManualStatusAcceptedDbfDirExistsLine,en-US,GLOBAL,STATUS,INFO,MANUAL,active,,,accepted_dbf_dir_exists: {value},implemented,core,COMMAND:MANUAL,compiled_registry_v1,src/help/helpdata_messages.cpp,true,true,true,,,"owner_scope=COMMAND:MANUAL ; facility_derived=MANUAL ; default_text_shape=singleline ; source=all_messages() ; enrichment_pending=HELP_TOPIC,CMDHELPCHK"
MSG_MANUAL_STATUS_EXPEC_7A83E893,MANUAL_STATUS_EXPECTED_TABLES_LINE,ManualStatusExpectedTablesLine,en-US,GLOBAL,STATUS,INFO,MANUAL,active,,,expected_MAN_tables: {value},implemented,core,COMMAND:MANUAL,compiled_registry_v1,src/help/helpdata_messages.cpp,true,true,true,,,"owner_scope=COMMAND:MANUAL ; facility_derived=MANUAL ; default_text_shape=singleline ; source=all_messages() ; enrichment_pending=HELP_TOPIC,CMDHELPCHK"
MSG_MANUAL_STATUS_PRESE_7159E673,MANUAL_STATUS_PRESENT_TABLES_LINE,ManualStatusPresentTablesLine,en-US,GLOBAL,STATUS,INFO,MANUAL,active,,,present_MAN_tables: {value},implemented,core,COMMAND:MANUAL,compiled_registry_v1,src/help/helpdata_messages.cpp,true,true,true,,,"owner_scope=COMMAND:MANUAL ; facility_derived=MANUAL ; default_text_shape=singleline ; source=all_messages() ; enrichment_pending=HELP_TOPIC,CMDHELPCHK"
MSG_MANUAL_TABLE_LINE_B0F9BA3C,MANUAL_TABLE_LINE,ManualTableLine,en-US,GLOBAL,STATUS,INFO,MANUAL,active,,,"{compact} alias={alias} expected={expected} exists={exists} purpose=""{purpose}""",implemented,core,COMMAND:MANUAL,compiled_registry_v1,src/help/helpdata_messages.cpp,true,true,true,,,"owner_scope=COMMAND:MANUAL ; facility_derived=MANUAL ; default_text_shape=singleline ; source=all_messages() ; enrichment_pending=HELP_TOPIC,CMDHELPCHK"
MSG_MANUAL_COUNT_LINE_B953594B,MANUAL_COUNT_LINE,ManualCountLine,en-US,GLOBAL,STATUS,INFO,MANUAL,active,,,{compact} expected={expected} dbf_exists={exists},implemented,core,COMMAND:MANUAL,compiled_registry_v1,src/help/helpdata_messages.cpp,true,true,true,,,"owner_scope=COMMAND:MANUAL ; facility_derived=MANUAL ; default_text_shape=singleline ; source=all_messages() ; enrichment_pending=HELP_TOPIC,CMDHELPCHK"
MSG_MANUAL_RESOLVE_REQU_5C811DA1,MANUAL_RESOLVE_REQUESTED_TOKEN_LINE,ManualResolveRequestedTokenLine,en-US,GLOBAL,STATUS,INFO,MANUAL,active,,,requested_token: {value},implemented,core,COMMAND:MANUAL,compiled_registry_v1,src/help/helpdata_messages.cpp,true,true,true,,,"owner_scope=COMMAND:MANUAL ; facility_derived=MANUAL ; default_text_shape=singleline ; source=all_messages() ; enrichment_pending=HELP_TOPIC,CMDHELPCHK"
MSG_MANUAL_RESOLVE_RESO_12E9F426,MANUAL_RESOLVE_RESOLVED_LINE,ManualResolveResolvedLine,en-US,GLOBAL,STATUS,INFO,MANUAL,active,,,resolved: {value},implemented,core,COMMAND:MANUAL,compiled_registry_v1,src/help/helpdata_messages.cpp,true,true,true,,,"owner_scope=COMMAND:MANUAL ; facility_derived=MANUAL ; default_text_shape=singleline ; source=all_messages() ; enrichment_pending=HELP_TOPIC,CMDHELPCHK"
MSG_MANUAL_RESOLVE_MESS_1E5AA96A,MANUAL_RESOLVE_MESSAGE_LINE,ManualResolveMessageLine,en-US,GLOBAL,STATUS,INFO,MANUAL,active,,,message: {value},implemented,core,COMMAND:MANUAL,compiled_registry_v1,src/help/helpdata_messages.cpp,true,true,true,,,"owner_scope=COMMAND:MANUAL ; facility_derived=MANUAL ; default_text_shape=singleline ; source=all_messages() ; enrichment_pending=HELP_TOPIC,CMDHELPCHK"
MSG_MANUAL_RESOLVE_COMP_3BD585A2,MANUAL_RESOLVE_COMPACT_NAME_LINE,ManualResolveCompactNameLine,en-US,GLOBAL,STATUS,INFO,MANUAL,active,,,compact_name: {value},implemented,core,COMMAND:MANUAL,compiled_registry_v1,src/help/helpdata_messages.cpp,true,true,true,,,"owner_scope=COMMAND:MANUAL ; facility_derived=MANUAL ; default_text_shape=singleline ; source=all_messages() ; enrichment_pending=HELP_TOPIC,CMDHELPCHK"
MSG_MANUAL_RESOLVE_ALIA_AA5E3299,MANUAL_RESOLVE_ALIAS_CANDIDATE_LINE,ManualResolveAliasCandidateLine,en-US,GLOBAL,STATUS,INFO,MANUAL,active,,,alias_candidate: {value},implemented,core,COMMAND:MANUAL,compiled_registry_v1,src/help/helpdata_messages.cpp,true,true,true,,,"owner_scope=COMMAND:MANUAL ; facility_derived=MANUAL ; default_text_shape=singleline ; source=all_messages() ; enrichment_pending=HELP_TOPIC,CMDHELPCHK"
MSG_MANUAL_RESOLVE_PHYS_47DC8E7A,MANUAL_RESOLVE_PHYSICAL_TABLE_LINE,ManualResolvePhysicalTableLine,en-US,GLOBAL,STATUS,INFO,MANUAL,active,,,physical_table: {value},implemented,core,COMMAND:MANUAL,compiled_registry_v1,src/help/helpdata_messages.cpp,true,true,true,,,"owner_scope=COMMAND:MANUAL ; facility_derived=MANUAL ; default_text_shape=singleline ; source=all_messages() ; enrichment_pending=HELP_TOPIC,CMDHELPCHK"
MSG_MANUAL_RESOLVE_DBF__17D71BDF,MANUAL_RESOLVE_DBF_EXISTS_LINE,ManualResolveDbfExistsLine,en-US,GLOBAL,STATUS,INFO,MANUAL,active,,,dbf_exists: {value},implemented,core,COMMAND:MANUAL,compiled_registry_v1,src/help/helpdata_messages.cpp,true,true,true,,,"owner_scope=COMMAND:MANUAL ; facility_derived=MANUAL ; default_text_shape=singleline ; source=all_messages() ; enrichment_pending=HELP_TOPIC,CMDHELPCHK"
MSG_MANUAL_FOCUS_COMPAC_954B4359,MANUAL_FOCUS_COMPACT_NAME_LINE,ManualFocusCompactNameLine,en-US,GLOBAL,STATUS,INFO,MANUAL,active,,,compact_name: {value},implemented,core,COMMAND:MANUAL,compiled_registry_v1,src/help/helpdata_messages.cpp,true,true,true,,,"owner_scope=COMMAND:MANUAL ; facility_derived=MANUAL ; default_text_shape=singleline ; source=all_messages() ; enrichment_pending=HELP_TOPIC,CMDHELPCHK"
MSG_MANUAL_FOCUS_ALIAS__6764459C,MANUAL_FOCUS_ALIAS_CANDIDATE_LINE,ManualFocusAliasCandidateLine,en-US,GLOBAL,STATUS,INFO,MANUAL,active,,,alias_candidate: {value},implemented,core,COMMAND:MANUAL,compiled_registry_v1,src/help/helpdata_messages.cpp,true,true,true,,,"owner_scope=COMMAND:MANUAL ; facility_derived=MANUAL ; default_text_shape=singleline ; source=all_messages() ; enrichment_pending=HELP_TOPIC,CMDHELPCHK"
MSG_MANUAL_FOCUS_EXPECT_8C9A4F58,MANUAL_FOCUS_EXPECTED_RECORDS_LINE,ManualFocusExpectedRecordsLine,en-US,GLOBAL,STATUS,INFO,MANUAL,active,,,expected_records: {value},implemented,core,COMMAND:MANUAL,compiled_registry_v1,src/help/helpdata_messages.cpp,true,true,true,,,"owner_scope=COMMAND:MANUAL ; facility_derived=MANUAL ; default_text_shape=singleline ; source=all_messages() ; enrichment_pending=HELP_TOPIC,CMDHELPCHK"
MSG_MANUAL_FOCUS_DBF_EX_8D86FC2B,MANUAL_FOCUS_DBF_EXISTS_LINE,ManualFocusDbfExistsLine,en-US,GLOBAL,STATUS,INFO,MANUAL,active,,,dbf_exists: {value},implemented,core,COMMAND:MANUAL,compiled_registry_v1,src/help/helpdata_messages.cpp,true,true,true,,,"owner_scope=COMMAND:MANUAL ; facility_derived=MANUAL ; default_text_shape=singleline ; source=all_messages() ; enrichment_pending=HELP_TOPIC,CMDHELPCHK"
MSG_MANUAL_FOCUS_PHYSIC_27365126,MANUAL_FOCUS_PHYSICAL_TABLE_LINE,ManualFocusPhysicalTableLine,en-US,GLOBAL,STATUS,INFO,MANUAL,active,,,physical_table: {value},implemented,core,COMMAND:MANUAL,compiled_registry_v1,src/help/helpdata_messages.cpp,true,true,true,,,"owner_scope=COMMAND:MANUAL ; facility_derived=MANUAL ; default_text_shape=singleline ; source=all_messages() ; enrichment_pending=HELP_TOPIC,CMDHELPCHK"
MSG_MANUAL_FOCUS_DETAIL_AA4F1975,MANUAL_FOCUS_DETAIL_FUTURE_NOTE_LINE,ManualFocusDetailFutureNoteLine,en-US,GLOBAL,HINT,INFO,MANUAL,active,,,note: detailed row rendering remains a future read-only native enhancement.,implemented,core,COMMAND:MANUAL,compiled_registry_v1,src/help/helpdata_messages.cpp,true,true,true,,,"owner_scope=COMMAND:MANUAL ; facility_derived=MANUAL ; default_text_shape=singleline ; source=all_messages() ; enrichment_pending=HELP_TOPIC,CMDHELPCHK"
MSG_MANUAL_UNSUPPORTED__B7F58EDF,MANUAL_UNSUPPORTED_SUBCOMMAND,ManualUnsupportedSubcommand,en-US,GLOBAL,ERROR,ERROR,MANUAL,active,,,unsupported read-only subcommand. Use MANUAL USAGE.,implemented,core,COMMAND:MANUAL,compiled_registry_v1,src/help/helpdata_messages.cpp,true,true,true,,,"owner_scope=COMMAND:MANUAL ; facility_derived=MANUAL ; default_text_shape=singleline ; source=all_messages() ; enrichment_pending=HELP_TOPIC,CMDHELPCHK"
MSG_PRN_USAGE_TEXT_F8C7AFD1,PRN_USAGE_TEXT,PrnUsageText,en-US,GLOBAL,USAGE,INFO,PRN,active,,,Usage: / PRN / PRN USAGE / PRN STATUS / PRN SHOW / PRN OFF / PRN TO CONSOLE / PRN TO SCREEN / PRN TO FILE <path> / PRN TO PRINTER / PRN TO PRINTER <name> / PRN TO NULL,implemented,core,COMMAND:PRN,compiled_registry_v1,src/help/helpdata_messages.cpp,true,true,true,,,"owner_scope=COMMAND:PRN ; facility_derived=PRN ; default_text_shape=multiline ; source=all_messages() ; enrichment_pending=HELP_TOPIC,CMDHELPCHK"
MSG_PRN_STATUS_LINE_TEX_2E72361D,PRN_STATUS_LINE_TEXT,PrnStatusLineText,en-US,GLOBAL,STATUS,INFO,PRN,active,,,PRN: {dest},implemented,core,COMMAND:PRN,compiled_registry_v1,src/help/helpdata_messages.cpp,true,true,true,,,"owner_scope=COMMAND:PRN ; facility_derived=PRN ; default_text_shape=singleline ; source=all_messages() ; enrichment_pending=HELP_TOPIC,CMDHELPCHK"
MSG_PRN_FILE_LINE_TEXT_0F19AEBE,PRN_FILE_LINE_TEXT,PrnFileLineText,en-US,GLOBAL,STATUS,INFO,PRN,active,,,File : {path},implemented,core,COMMAND:PRN,compiled_registry_v1,src/help/helpdata_messages.cpp,true,true,true,,,"owner_scope=COMMAND:PRN ; facility_derived=PRN ; default_text_shape=singleline ; source=all_messages() ; enrichment_pending=HELP_TOPIC,CMDHELPCHK"
MSG_PRN_PRINTER_DEFAULT_433DC9D0,PRN_PRINTER_DEFAULT_LINE_TEXT,PrnPrinterDefaultLineText,en-US,GLOBAL,STATUS,INFO,PRN,active,,,Printer : (system default),implemented,core,COMMAND:PRN,compiled_registry_v1,src/help/helpdata_messages.cpp,true,true,true,,,"owner_scope=COMMAND:PRN ; facility_derived=PRN ; default_text_shape=singleline ; source=all_messages() ; enrichment_pending=HELP_TOPIC,CMDHELPCHK"
MSG_PRN_PRINTER_NAMED_L_E612BF32,PRN_PRINTER_NAMED_LINE_TEXT,PrnPrinterNamedLineText,en-US,GLOBAL,STATUS,INFO,PRN,active,,,Printer : {name},implemented,core,COMMAND:PRN,compiled_registry_v1,src/help/helpdata_messages.cpp,true,true,true,,,"owner_scope=COMMAND:PRN ; facility_derived=PRN ; default_text_shape=singleline ; source=all_messages() ; enrichment_pending=HELP_TOPIC,CMDHELPCHK"
MSG_PRN_PRINTER_JOB_LIN_25713280,PRN_PRINTER_JOB_LINE_TEXT,PrnPrinterJobLineText,en-US,GLOBAL,STATUS,INFO,PRN,active,,,Printer job: staged only (OS handoff disabled),implemented,core,COMMAND:PRN,compiled_registry_v1,src/help/helpdata_messages.cpp,true,true,true,,,"owner_scope=COMMAND:PRN ; facility_derived=PRN ; default_text_shape=singleline ; source=all_messages() ; enrichment_pending=HELP_TOPIC,CMDHELPCHK"
MSG_PRN_ALTERNATE_LINE__BA60DBBD,PRN_ALTERNATE_LINE_TEXT,PrnAlternateLineText,en-US,GLOBAL,STATUS,INFO,PRN,active,,,Alternate : {value},implemented,core,COMMAND:PRN,compiled_registry_v1,src/help/helpdata_messages.cpp,true,true,true,,,"owner_scope=COMMAND:PRN ; facility_derived=PRN ; default_text_shape=singleline ; source=all_messages() ; enrichment_pending=HELP_TOPIC,CMDHELPCHK"
MSG_PRN_PAGING_LINE_TEX_FF48DAF5,PRN_PAGING_LINE_TEXT,PrnPagingLineText,en-US,GLOBAL,STATUS,INFO,PRN,active,,,Paging : {state},implemented,core,COMMAND:PRN,compiled_registry_v1,src/help/helpdata_messages.cpp,true,true,true,,,"owner_scope=COMMAND:PRN ; facility_derived=PRN ; default_text_shape=singleline ; source=all_messages() ; enrichment_pending=HELP_TOPIC,CMDHELPCHK"
MSG_PRN_FILE_USAGE_TEXT_2F518E4D,PRN_FILE_USAGE_TEXT,PrnFileUsageText,en-US,GLOBAL,USAGE,INFO,PRN,active,,,Usage: PRN TO FILE <path>,implemented,core,COMMAND:PRN,compiled_registry_v1,src/help/helpdata_messages.cpp,true,true,true,,,"owner_scope=COMMAND:PRN ; facility_derived=PRN ; default_text_shape=singleline ; source=all_messages() ; enrichment_pending=HELP_TOPIC,CMDHELPCHK"
MSG_PRN_FILE_OPEN_FAILE_87EE86D3,PRN_FILE_OPEN_FAILED_TEXT,PrnFileOpenFailedText,en-US,GLOBAL,ERROR,ERROR,PRN,active,,,PRN: failed to open file: {path},implemented,core,COMMAND:PRN,compiled_registry_v1,src/help/helpdata_messages.cpp,true,true,true,,,"owner_scope=COMMAND:PRN ; facility_derived=PRN ; default_text_shape=singleline ; source=all_messages() ; enrichment_pending=HELP_TOPIC,CMDHELPCHK"
MSG_PRN_PRINTER_CONFIGU_4243E47B,PRN_PRINTER_CONFIGURE_FAILED_TEXT,PrnPrinterConfigureFailedText,en-US,GLOBAL,ERROR,ERROR,PRN,active,,,PRN: failed to configure printer destination.,implemented,core,COMMAND:PRN,compiled_registry_v1,src/help/helpdata_messages.cpp,true,true,true,,,"owner_scope=COMMAND:PRN ; facility_derived=PRN ; default_text_shape=singleline ; source=all_messages() ; enrichment_pending=HELP_TOPIC,CMDHELPCHK"
MSG_BANG_USAGE_TEXT_BBAB51E1,BANG_USAGE_TEXT,BangUsageText,en-US,GLOBAL,USAGE,INFO,BANG,active,,,Usage: / BANG / BANG USAGE / BANG <command> / ! / ! <command> / Notes: / - BANG with no arguments launches an interactive host shell. / - BANG <command> executes a host shell comma,implemented,core,COMMAND:BANG,compiled_registry_v1,src/help/helpdata_messages.cpp,true,true,true,,,"owner_scope=COMMAND:BANG ; facility_derived=BANG ; default_text_shape=multiline ; source=all_messages() ; enrichment_pending=HELP_TOPIC,CMDHELPCHK"
MSG_BELL_USAGE_TEXT_1AC3A01A,BELL_USAGE_TEXT,BellUsageText,en-US,GLOBAL,USAGE,INFO,BELL,active,,,Usage: / BELL / BELL USAGE / BELL ON / BELL OFF,implemented,core,COMMAND:BELL,compiled_registry_v1,src/help/helpdata_messages.cpp,true,true,true,,,"owner_scope=COMMAND:BELL ; facility_derived=BELL ; default_text_shape=multiline ; source=all_messages() ; enrichment_pending=HELP_TOPIC,CMDHELPCHK"
MSG_BELL_RUNG_TEXT_B9534569,BELL_RUNG_TEXT,BellRungText,en-US,GLOBAL,STATUS,INFO,BELL,active,,,Bell rung.,implemented,core,COMMAND:BELL,compiled_registry_v1,src/help/helpdata_messages.cpp,true,true,true,,,"owner_scope=COMMAND:BELL ; facility_derived=BELL ; default_text_shape=singleline ; source=all_messages() ; enrichment_pending=HELP_TOPIC,CMDHELPCHK"
MSG_BELL_IS_OFF_TEXT_3BD2F18E,BELL_IS_OFF_TEXT,BellIsOffText,en-US,GLOBAL,STATUS,INFO,BELL,active,,,Bell is OFF.,implemented,core,COMMAND:BELL,compiled_registry_v1,src/help/helpdata_messages.cpp,true,true,true,,,"owner_scope=COMMAND:BELL ; facility_derived=BELL ; default_text_shape=singleline ; source=all_messages() ; enrichment_pending=HELP_TOPIC,CMDHELPCHK"
MSG_BELL_STATUS_TEXT_E697D598,BELL_STATUS_TEXT,BellStatusText,en-US,GLOBAL,STATUS,INFO,BELL,active,,,Bell is {state},implemented,core,COMMAND:BELL,compiled_registry_v1,src/help/helpdata_messages.cpp,true,true,true,,,"owner_scope=COMMAND:BELL ; facility_derived=BELL ; default_text_shape=singleline ; source=all_messages() ; enrichment_pending=HELP_TOPIC,CMDHELPCHK"
MSG_CDX_USAGE_TEXT_ED1C0C74,CDX_USAGE_TEXT,CdxUsageText,en-US,GLOBAL,USAGE,INFO,CDX,active,,,Usage: / CDX USAGE / CDX INFO [<path.cdx>] / CDX TAGS [<path.cdx>] / CDX CREATE [<path.cdx>] / CDX ADDTAG <name> [<path.cdx>] / CDX DROPTAG <name> [<path.cdx>] / Notes: / - CDX wit,implemented,core,COMMAND:CDX,compiled_registry_v1,src/help/helpdata_messages.cpp,true,true,true,,,"owner_scope=COMMAND:CDX ; facility_derived=CDX ; default_text_shape=multiline ; source=all_messages() ; enrichment_pending=HELP_TOPIC,CMDHELPCHK"
MSG_CDX_CREATE_UNABLE_R_B5D95875,CDX_CREATE_UNABLE_RESOLVE_PATH_TEXT,CdxCreateUnableResolvePathText,en-US,GLOBAL,ERROR,ERROR,CDX,active,,,unable to resolve path.,implemented,core,COMMAND:CDX,compiled_registry_v1,src/help/helpdata_messages.cpp,true,true,true,,,"owner_scope=COMMAND:CDX ; facility_derived=CDX ; default_text_shape=singleline ; source=all_messages() ; enrichment_pending=HELP_TOPIC,CMDHELPCHK"
MSG_CDX_CREATE_FILE_EXI_71187CBF,CDX_CREATE_FILE_EXISTS_TEXT,CdxCreateFileExistsText,en-US,GLOBAL,ERROR,ERROR,CDX,active,,,"file already exists: ""{path}""",implemented,core,COMMAND:CDX,compiled_registry_v1,src/help/helpdata_messages.cpp,true,true,true,,,"owner_scope=COMMAND:CDX ; facility_derived=CDX ; default_text_shape=singleline ; source=all_messages() ; enrichment_pending=HELP_TOPIC,CMDHELPCHK"
MSG_CDX_CREATE_OPEN_FAI_4AEA88F1,CDX_CREATE_OPEN_FAILED_TEXT,CdxCreateOpenFailedText,en-US,GLOBAL,ERROR,ERROR,CDX,active,,,open/create failed.,implemented,core,COMMAND:CDX,compiled_registry_v1,src/help/helpdata_messages.cpp,true,true,true,,,"owner_scope=COMMAND:CDX ; facility_derived=CDX ; default_text_shape=singleline ; source=all_messages() ; enrichment_pending=HELP_TOPIC,CMDHELPCHK"
MSG_CDX_CREATED_TEXT_065CF3CE,CDX_CREATED_TEXT,CdxCreatedText,en-US,GLOBAL,STATUS,INFO,CDX,active,,,"created: ""{path}""",implemented,core,COMMAND:CDX,compiled_registry_v1,src/help/helpdata_messages.cpp,true,true,true,,,"owner_scope=COMMAND:CDX ; facility_derived=CDX ; default_text_shape=singleline ; source=all_messages() ; enrichment_pending=HELP_TOPIC,CMDHELPCHK"
MSG_CDX_FILE_NOT_FOUND__BB0F93FF,CDX_FILE_NOT_FOUND_TEXT,CdxFileNotFoundText,en-US,GLOBAL,ERROR,ERROR,CDX,active,,,"file not found: ""{path}""",implemented,core,COMMAND:CDX,compiled_registry_v1,src/help/helpdata_messages.cpp,true,true,true,,,"owner_scope=COMMAND:CDX ; facility_derived=CDX ; default_text_shape=singleline ; source=all_messages() ; enrichment_pending=HELP_TOPIC,CMDHELPCHK"
MSG_CDX_UNABLE_OPEN_TEX_2FA86DDC,CDX_UNABLE_OPEN_TEXT,CdxUnableOpenText,en-US,GLOBAL,ERROR,ERROR,CDX,active,,,"unable to open: ""{path}""",implemented,core,COMMAND:CDX,compiled_registry_v1,src/help/helpdata_messages.cpp,true,true,true,,,"owner_scope=COMMAND:CDX ; facility_derived=CDX ; default_text_shape=singleline ; source=all_messages() ; enrichment_pending=HELP_TOPIC,CMDHELPCHK"
MSG_CDX_INFO_INVALID_HE_B60509C7,CDX_INFO_INVALID_HEADER_TEXT,CdxInfoInvalidHeaderText,en-US,GLOBAL,ERROR,ERROR,CDX,active,,,invalid header.,implemented,core,COMMAND:CDX,compiled_registry_v1,src/help/helpdata_messages.cpp,true,true,true,,,"owner_scope=COMMAND:CDX ; facility_derived=CDX ; default_text_shape=singleline ; source=all_messages() ; enrichment_pending=HELP_TOPIC,CMDHELPCHK"
MSG_CDX_INFO_FILE_LINE__2BA156F2,CDX_INFO_FILE_LINE_TEXT,CdxInfoFileLineText,en-US,GLOBAL,STATUS,INFO,CDX,active,,,CDX file : {path},implemented,core,COMMAND:CDX,compiled_registry_v1,src/help/helpdata_messages.cpp,true,true,true,,,"owner_scope=COMMAND:CDX ; facility_derived=CDX ; default_text_shape=singleline ; source=all_messages() ; enrichment_pending=HELP_TOPIC,CMDHELPCHK"
MSG_CDX_INFO_TAGS_LINE__5C139114,CDX_INFO_TAGS_LINE_TEXT,CdxInfoTagsLineText,en-US,GLOBAL,STATUS,INFO,CDX,active,,,Tags : {count},implemented,core,COMMAND:CDX,compiled_registry_v1,src/help/helpdata_messages.cpp,true,true,true,,,"owner_scope=COMMAND:CDX ; facility_derived=CDX ; default_text_shape=singleline ; source=all_messages() ; enrichment_pending=HELP_TOPIC,CMDHELPCHK"
MSG_CDX_INFO_TAG_LINE_T_A86F09F3,CDX_INFO_TAG_LINE_TEXT,CdxInfoTagLineText,en-US,GLOBAL,STATUS,INFO,CDX,active,,,[{tag_id}] {name} root_off={root_off} recs={recs},implemented,core,COMMAND:CDX,compiled_registry_v1,src/help/helpdata_messages.cpp,true,true,true,,,"owner_scope=COMMAND:CDX ; facility_derived=CDX ; default_text_shape=singleline ; source=all_messages() ; enrichment_pending=HELP_TOPIC,CMDHELPCHK"
MSG_CDX_TAGS_READ_FAILE_2A4A1DF0,CDX_TAGS_READ_FAILED_TEXT,CdxTagsReadFailedText,en-US,GLOBAL,ERROR,ERROR,CDX,active,,,read failed.,implemented,core,COMMAND:CDX,compiled_registry_v1,src/help/helpdata_messages.cpp,true,true,true,,,"owner_scope=COMMAND:CDX ; facility_derived=CDX ; default_text_shape=singleline ; source=all_messages() ; enrichment_pending=HELP_TOPIC,CMDHELPCHK"
MSG_CDX_NO_TAGS_TEXT_387EF239,CDX_NO_TAGS_TEXT,CdxNoTagsText,en-US,GLOBAL,STATUS,INFO,CDX,active,,,(no tags),implemented,core,COMMAND:CDX,compiled_registry_v1,src/help/helpdata_messages.cpp,true,true,true,,,"owner_scope=COMMAND:CDX ; facility_derived=CDX ; default_text_shape=singleline ; source=all_messages() ; enrichment_pending=HELP_TOPIC,CMDHELPCHK"
MSG_CDX_TAG_LINE_TEXT_04FC6826,CDX_TAG_LINE_TEXT,CdxTagLineText,en-US,GLOBAL,STATUS,INFO,CDX,active,,,[{tag_id}] {name},implemented,core,COMMAND:CDX,compiled_registry_v1,src/help/helpdata_messages.cpp,true,true,true,,,"owner_scope=COMMAND:CDX ; facility_derived=CDX ; default_text_shape=singleline ; source=all_messages() ; enrichment_pending=HELP_TOPIC,CMDHELPCHK"
MSG_CDX_ADDTAG_MISSING__CA075E1C,CDX_ADDTAG_MISSING_NAME_TEXT,CdxAddTagMissingNameText,en-US,GLOBAL,ERROR,ERROR,CDX,active,,,missing <name>.,implemented,core,COMMAND:CDX,compiled_registry_v1,src/help/helpdata_messages.cpp,true,true,true,,,"owner_scope=COMMAND:CDX ; facility_derived=CDX ; default_text_shape=singleline ; source=all_messages() ; enrichment_pending=HELP_TOPIC,CMDHELPCHK"
MSG_CDX_ADDTAG_UNABLE_R_A119DBB1,CDX_ADDTAG_UNABLE_RESOLVE_PATH_TEXT,CdxAddTagUnableResolvePathText,en-US,GLOBAL,ERROR,ERROR,CDX,active,,,unable to resolve path.,implemented,core,COMMAND:CDX,compiled_registry_v1,src/help/helpdata_messages.cpp,true,true,true,,,"owner_scope=COMMAND:CDX ; facility_derived=CDX ; default_text_shape=singleline ; source=all_messages() ; enrichment_pending=HELP_TOPIC,CMDHELPCHK"
MSG_CDX_ADDTAG_OPEN_FAI_89733299,CDX_ADDTAG_OPEN_FAILED_TEXT,CdxAddTagOpenFailedText,en-US,GLOBAL,ERROR,ERROR,CDX,active,,,open failed.,implemented,core,COMMAND:CDX,compiled_registry_v1,src/help/helpdata_messages.cpp,true,true,true,,,"owner_scope=COMMAND:CDX ; facility_derived=CDX ; default_text_shape=singleline ; source=all_messages() ; enrichment_pending=HELP_TOPIC,CMDHELPCHK"
MSG_CDX_ADDTAG_ALREADY__C7A0A9DF,CDX_ADDTAG_ALREADY_EXISTS_TEXT,CdxAddTagAlreadyExistsText,en-US,GLOBAL,ERROR,ERROR,CDX,active,,,tag already exists.,implemented,core,COMMAND:CDX,compiled_registry_v1,src/help/helpdata_messages.cpp,true,true,true,,,"owner_scope=COMMAND:CDX ; facility_derived=CDX ; default_text_shape=singleline ; source=all_messages() ; enrichment_pending=HELP_TOPIC,CMDHELPCHK"
MSG_CDX_ADDTAG_ADDED_TE_43511CA8,CDX_ADDTAG_ADDED_TEXT,CdxAddTagAddedText,en-US,GLOBAL,STATUS,INFO,CDX,active,,,added '{tag}'.,implemented,core,COMMAND:CDX,compiled_registry_v1,src/help/helpdata_messages.cpp,true,true,true,,,"owner_scope=COMMAND:CDX ; facility_derived=CDX ; default_text_shape=singleline ; source=all_messages() ; enrichment_pending=HELP_TOPIC,CMDHELPCHK"
MSG_CDX_DROPTAG_MISSING_4A1C4189,CDX_DROPTAG_MISSING_NAME_TEXT,CdxDropTagMissingNameText,en-US,GLOBAL,ERROR,ERROR,CDX,active,,,missing <name>.,implemented,core,COMMAND:CDX,compiled_registry_v1,src/help/helpdata_messages.cpp,true,true,true,,,"owner_scope=COMMAND:CDX ; facility_derived=CDX ; default_text_shape=singleline ; source=all_messages() ; enrichment_pending=HELP_TOPIC,CMDHELPCHK"
MSG_CDX_DROPTAG_UNABLE__2E8E9862,CDX_DROPTAG_UNABLE_RESOLVE_PATH_TEXT,CdxDropTagUnableResolvePathText,en-US,GLOBAL,ERROR,ERROR,CDX,active,,,unable to resolve path.,implemented,core,COMMAND:CDX,compiled_registry_v1,src/help/helpdata_messages.cpp,true,true,true,,,"owner_scope=COMMAND:CDX ; facility_derived=CDX ; default_text_shape=singleline ; source=all_messages() ; enrichment_pending=HELP_TOPIC,CMDHELPCHK"
MSG_CDX_DROPTAG_OPEN_FA_57F943AD,CDX_DROPTAG_OPEN_FAILED_TEXT,CdxDropTagOpenFailedText,en-US,GLOBAL,ERROR,ERROR,CDX,active,,,open failed.,implemented,core,COMMAND:CDX,compiled_registry_v1,src/help/helpdata_messages.cpp,true,true,true,,,"owner_scope=COMMAND:CDX ; facility_derived=CDX ; default_text_shape=singleline ; source=all_messages() ; enrichment_pending=HELP_TOPIC,CMDHELPCHK"
MSG_CDX_DROPTAG_NOT_FOU_20E2EDEC,CDX_DROPTAG_NOT_FOUND_TEXT,CdxDropTagNotFoundText,en-US,GLOBAL,ERROR,ERROR,CDX,active,,,not found.,implemented,core,COMMAND:CDX,compiled_registry_v1,src/help/helpdata_messages.cpp,true,true,true,,,"owner_scope=COMMAND:CDX ; facility_derived=CDX ; default_text_shape=singleline ; source=all_messages() ; enrichment_pending=HELP_TOPIC,CMDHELPCHK"
MSG_CDX_DROPTAG_REMOVED_65CD4C3A,CDX_DROPTAG_REMOVED_TEXT,CdxDropTagRemovedText,en-US,GLOBAL,STATUS,INFO,CDX,active,,,removed '{tag}'.,implemented,core,COMMAND:CDX,compiled_registry_v1,src/help/helpdata_messages.cpp,true,true,true,,,"owner_scope=COMMAND:CDX ; facility_derived=CDX ; default_text_shape=singleline ; source=all_messages() ; enrichment_pending=HELP_TOPIC,CMDHELPCHK"
MSG_CDX_UNKNOWN_SUBCOMM_B4B234C0,CDX_UNKNOWN_SUBCOMMAND_TEXT,CdxUnknownSubcommandText,en-US,GLOBAL,ERROR,ERROR,CDX,active,,,unknown subcommand: {subcommand},implemented,core,COMMAND:CDX,compiled_registry_v1,src/help/helpdata_messages.cpp,true,true,true,,,"owner_scope=COMMAND:CDX ; facility_derived=CDX ; default_text_shape=singleline ; source=all_messages() ; enrichment_pending=HELP_TOPIC,CMDHELPCHK"
MSG_CNX_USAGE_TEXT_5A6D9A9D,CNX_USAGE_TEXT,CnxUsageText,en-US,GLOBAL,USAGE,INFO,CNX,active,,,Usage: / CNX USAGE / CNX INFO [<path.cnx>] / CNX TAGS [<path.cnx>] / CNX CREATE [<path.cnx>] / CNX ADDTAG <name> [<path.cnx>] / CNX DROPTAG <name> [<path.cnx>] / CNX WALK <tag> [<p,implemented,core,COMMAND:CNX,compiled_registry_v1,src/help/helpdata_messages.cpp,true,true,true,,,"owner_scope=COMMAND:CNX ; facility_derived=CNX ; default_text_shape=multiline ; source=all_messages() ; enrichment_pending=HELP_TOPIC,CMDHELPCHK"
MSG_CNX_CREATE_UNABLE_R_3B70E71A,CNX_CREATE_UNABLE_RESOLVE_PATH_TEXT,CnxCreateUnableResolvePathText,en-US,GLOBAL,ERROR,ERROR,CNX,active,,,unable to resolve path.,implemented,core,COMMAND:CNX,compiled_registry_v1,src/help/helpdata_messages.cpp,true,true,true,,,"owner_scope=COMMAND:CNX ; facility_derived=CNX ; default_text_shape=singleline ; source=all_messages() ; enrichment_pending=HELP_TOPIC,CMDHELPCHK"
MSG_CNX_CREATE_FILE_EXI_6E2DC019,CNX_CREATE_FILE_EXISTS_TEXT,CnxCreateFileExistsText,en-US,GLOBAL,ERROR,ERROR,CNX,active,,,"file already exists: ""{path}""",implemented,core,COMMAND:CNX,compiled_registry_v1,src/help/helpdata_messages.cpp,true,true,true,,,"owner_scope=COMMAND:CNX ; facility_derived=CNX ; default_text_shape=singleline ; source=all_messages() ; enrichment_pending=HELP_TOPIC,CMDHELPCHK"
MSG_CNX_CREATE_OPEN_FAI_4CA86D35,CNX_CREATE_OPEN_FAILED_TEXT,CnxCreateOpenFailedText,en-US,GLOBAL,ERROR,ERROR,CNX,active,,,open/create failed.,implemented,core,COMMAND:CNX,compiled_registry_v1,src/help/helpdata_messages.cpp,true,true,true,,,"owner_scope=COMMAND:CNX ; facility_derived=CNX ; default_text_shape=singleline ; source=all_messages() ; enrichment_pending=HELP_TOPIC,CMDHELPCHK"
MSG_CNX_CREATED_TEXT_064BEBC7,CNX_CREATED_TEXT,CnxCreatedText,en-US,GLOBAL,STATUS,INFO,CNX,active,,,"created: ""{path}""",implemented,core,COMMAND:CNX,compiled_registry_v1,src/help/helpdata_messages.cpp,true,true,true,,,"owner_scope=COMMAND:CNX ; facility_derived=CNX ; default_text_shape=singleline ; source=all_messages() ; enrichment_pending=HELP_TOPIC,CMDHELPCHK"
MSG_CNX_FILE_NOT_FOUND__7C8FD844,CNX_FILE_NOT_FOUND_TEXT,CnxFileNotFoundText,en-US,GLOBAL,ERROR,ERROR,CNX,active,,,"file not found: ""{path}""",implemented,core,COMMAND:CNX,compiled_registry_v1,src/help/helpdata_messages.cpp,true,true,true,,,"owner_scope=COMMAND:CNX ; facility_derived=CNX ; default_text_shape=singleline ; source=all_messages() ; enrichment_pending=HELP_TOPIC,CMDHELPCHK"
MSG_CNX_UNABLE_OPEN_TEX_85C9B148,CNX_UNABLE_OPEN_TEXT,CnxUnableOpenText,en-US,GLOBAL,ERROR,ERROR,CNX,active,,,"unable to open: ""{path}""",implemented,core,COMMAND:CNX,compiled_registry_v1,src/help/helpdata_messages.cpp,true,true,true,,,"owner_scope=COMMAND:CNX ; facility_derived=CNX ; default_text_shape=singleline ; source=all_messages() ; enrichment_pending=HELP_TOPIC,CMDHELPCHK"
MSG_CNX_INFO_INVALID_HE_6AF1FE17,CNX_INFO_INVALID_HEADER_TEXT,CnxInfoInvalidHeaderText,en-US,GLOBAL,ERROR,ERROR,CNX,active,,,invalid header.,implemented,core,COMMAND:CNX,compiled_registry_v1,src/help/helpdata_messages.cpp,true,true,true,,,"owner_scope=COMMAND:CNX ; facility_derived=CNX ; default_text_shape=singleline ; source=all_messages() ; enrichment_pending=HELP_TOPIC,CMDHELPCHK"
MSG_CNX_INFO_FILE_LINE__AA87DF16,CNX_INFO_FILE_LINE_TEXT,CnxInfoFileLineText,en-US,GLOBAL,STATUS,INFO,CNX,active,,,CNX file : {path},implemented,core,COMMAND:CNX,compiled_registry_v1,src/help/helpdata_messages.cpp,true,true,true,,,"owner_scope=COMMAND:CNX ; facility_derived=CNX ; default_text_shape=singleline ; source=all_messages() ; enrichment_pending=HELP_TOPIC,CMDHELPCHK"
MSG_CNX_INFO_TAGS_LINE__B6AE983F,CNX_INFO_TAGS_LINE_TEXT,CnxInfoTagsLineText,en-US,GLOBAL,STATUS,INFO,CNX,active,,,Tags : {count},implemented,core,COMMAND:CNX,compiled_registry_v1,src/help/helpdata_messages.cpp,true,true,true,,,"owner_scope=COMMAND:CNX ; facility_derived=CNX ; default_text_shape=singleline ; source=all_messages() ; enrichment_pending=HELP_TOPIC,CMDHELPCHK"
MSG_CNX_INFO_TAG_LINE_T_8C1A569C,CNX_INFO_TAG_LINE_TEXT,CnxInfoTagLineText,en-US,GLOBAL,STATUS,INFO,CNX,active,,,[{tag_id}] {name} root_off={root_off} recs={recs},implemented,core,COMMAND:CNX,compiled_registry_v1,src/help/helpdata_messages.cpp,true,true,true,,,"owner_scope=COMMAND:CNX ; facility_derived=CNX ; default_text_shape=singleline ; source=all_messages() ; enrichment_pending=HELP_TOPIC,CMDHELPCHK"
MSG_CNX_TAGS_READ_FAILE_D4842955,CNX_TAGS_READ_FAILED_TEXT,CnxTagsReadFailedText,en-US,GLOBAL,ERROR,ERROR,CNX,active,,,read failed.,implemented,core,COMMAND:CNX,compiled_registry_v1,src/help/helpdata_messages.cpp,true,true,true,,,"owner_scope=COMMAND:CNX ; facility_derived=CNX ; default_text_shape=singleline ; source=all_messages() ; enrichment_pending=HELP_TOPIC,CMDHELPCHK"
MSG_CNX_NO_TAGS_TEXT_043A9E9D,CNX_NO_TAGS_TEXT,CnxNoTagsText,en-US,GLOBAL,STATUS,INFO,CNX,active,,,(no tags),implemented,core,COMMAND:CNX,compiled_registry_v1,src/help/helpdata_messages.cpp,true,true,true,,,"owner_scope=COMMAND:CNX ; facility_derived=CNX ; default_text_shape=singleline ; source=all_messages() ; enrichment_pending=HELP_TOPIC,CMDHELPCHK"
MSG_CNX_TAG_LINE_TEXT_8D2D8AEE,CNX_TAG_LINE_TEXT,CnxTagLineText,en-US,GLOBAL,STATUS,INFO,CNX,active,,,[{tag_id}] {name},implemented,core,COMMAND:CNX,compiled_registry_v1,src/help/helpdata_messages.cpp,true,true,true,,,"owner_scope=COMMAND:CNX ; facility_derived=CNX ; default_text_shape=singleline ; source=all_messages() ; enrichment_pending=HELP_TOPIC,CMDHELPCHK"
MSG_CNX_WALK_MISSING_TA_937E953A,CNX_WALK_MISSING_TAG_TEXT,CnxWalkMissingTagText,en-US,GLOBAL,ERROR,ERROR,CNX,active,,,missing <tag>.,implemented,core,COMMAND:CNX,compiled_registry_v1,src/help/helpdata_messages.cpp,true,true,true,,,"owner_scope=COMMAND:CNX ; facility_derived=CNX ; default_text_shape=singleline ; source=all_messages() ; enrichment_pending=HELP_TOPIC,CMDHELPCHK"
MSG_CNX_WALK_UNABLE_RES_F79027DB,CNX_WALK_UNABLE_RESOLVE_PATH_TEXT,CnxWalkUnableResolvePathText,en-US,GLOBAL,ERROR,ERROR,CNX,active,,,unable to resolve path.,implemented,core,COMMAND:CNX,compiled_registry_v1,src/help/helpdata_messages.cpp,true,true,true,,,"owner_scope=COMMAND:CNX ; facility_derived=CNX ; default_text_shape=singleline ; source=all_messages() ; enrichment_pending=HELP_TOPIC,CMDHELPCHK"
MSG_CNX_WALK_UNABLE_OPE_9999BD7A,CNX_WALK_UNABLE_OPEN_TEXT,CnxWalkUnableOpenText,en-US,GLOBAL,ERROR,ERROR,CNX,active,,,"unable to open: ""{path}""",implemented,core,COMMAND:CNX,compiled_registry_v1,src/help/helpdata_messages.cpp,true,true,true,,,"owner_scope=COMMAND:CNX ; facility_derived=CNX ; default_text_shape=singleline ; source=all_messages() ; enrichment_pending=HELP_TOPIC,CMDHELPCHK"
MSG_CNX_WALK_READ_TAG_D_1CFC1D28,CNX_WALK_READ_TAG_DIRECTORY_FAILED_TEXT,CnxWalkReadTagDirectoryFailedText,en-US,GLOBAL,ERROR,ERROR,CNX,active,,,failed to read tag directory.,implemented,core,COMMAND:CNX,compiled_registry_v1,src/help/helpdata_messages.cpp,true,true,true,,,"owner_scope=COMMAND:CNX ; facility_derived=CNX ; default_text_shape=singleline ; source=all_messages() ; enrichment_pending=HELP_TOPIC,CMDHELPCHK"
MSG_CNX_WALK_TAG_NOT_FO_6B8F8E7F,CNX_WALK_TAG_NOT_FOUND_TEXT,CnxWalkTagNotFoundText,en-US,GLOBAL,ERROR,ERROR,CNX,active,,,tag not found: {tag},implemented,core,COMMAND:CNX,compiled_registry_v1,src/help/helpdata_messages.cpp,true,true,true,,,"owner_scope=COMMAND:CNX ; facility_derived=CNX ; default_text_shape=singleline ; source=all_messages() ; enrichment_pending=HELP_TOPIC,CMDHELPCHK"
MSG_CNX_WALK_FILE_SUMMA_EA7FEBA6,CNX_WALK_FILE_SUMMARY_TEXT,CnxWalkFileSummaryText,en-US,GLOBAL,STATUS,INFO,CNX,active,,,"file=""{path}"" tag={tag} root_off={root_off} stats_rec={stats_rec}",implemented,core,COMMAND:CNX,compiled_registry_v1,src/help/helpdata_messages.cpp,true,true,true,,,"owner_scope=COMMAND:CNX ; facility_derived=CNX ; default_text_shape=singleline ; source=all_messages() ; enrichment_pending=HELP_TOPIC,CMDHELPCHK"
MSG_CNX_WALK_PAGE_SIZE__2AFFB9AD,CNX_WALK_PAGE_SIZE_TEXT,CnxWalkPageSizeText,en-US,GLOBAL,STATUS,INFO,CNX,active,,,page_size={size},implemented,core,COMMAND:CNX,compiled_registry_v1,src/help/helpdata_messages.cpp,true,true,true,,,"owner_scope=COMMAND:CNX ; facility_derived=CNX ; default_text_shape=singleline ; source=all_messages() ; enrichment_pending=HELP_TOPIC,CMDHELPCHK"
MSG_CNX_WALK_ROOT_ZERO__DF615499,CNX_WALK_ROOT_ZERO_TEXT,CnxWalkRootZeroText,en-US,GLOBAL,ERROR,ERROR,CNX,active,,,root_page_off is 0,implemented,core,COMMAND:CNX,compiled_registry_v1,src/help/helpdata_messages.cpp,true,true,true,,,"owner_scope=COMMAND:CNX ; facility_derived=CNX ; default_text_shape=singleline ; source=all_messages() ; enrichment_pending=HELP_TOPIC,CMDHELPCHK"
MSG_CNX_ADDTAG_MISSING__77FB1917,CNX_ADDTAG_MISSING_NAME_TEXT,CnxAddTagMissingNameText,en-US,GLOBAL,ERROR,ERROR,CNX,active,,,missing <name>.,implemented,core,COMMAND:CNX,compiled_registry_v1,src/help/helpdata_messages.cpp,true,true,true,,,"owner_scope=COMMAND:CNX ; facility_derived=CNX ; default_text_shape=singleline ; source=all_messages() ; enrichment_pending=HELP_TOPIC,CMDHELPCHK"
MSG_CNX_ADDTAG_UNABLE_R_BE143BB5,CNX_ADDTAG_UNABLE_RESOLVE_PATH_TEXT,CnxAddTagUnableResolvePathText,en-US,GLOBAL,ERROR,ERROR,CNX,active,,,unable to resolve path.,implemented,core,COMMAND:CNX,compiled_registry_v1,src/help/helpdata_messages.cpp,true,true,true,,,"owner_scope=COMMAND:CNX ; facility_derived=CNX ; default_text_shape=singleline ; source=all_messages() ; enrichment_pending=HELP_TOPIC,CMDHELPCHK"
MSG_CNX_ADDTAG_OPEN_FAI_02A2CB10,CNX_ADDTAG_OPEN_FAILED_TEXT,CnxAddTagOpenFailedText,en-US,GLOBAL,ERROR,ERROR,CNX,active,,,open failed.,implemented,core,COMMAND:CNX,compiled_registry_v1,src/help/helpdata_messages.cpp,true,true,true,,,"owner_scope=COMMAND:CNX ; facility_derived=CNX ; default_text_shape=singleline ; source=all_messages() ; enrichment_pending=HELP_TOPIC,CMDHELPCHK"
MSG_CNX_ADDTAG_ALREADY__796011C2,CNX_ADDTAG_ALREADY_EXISTS_TEXT,CnxAddTagAlreadyExistsText,en-US,GLOBAL,ERROR,ERROR,CNX,active,,,tag already exists.,implemented,core,COMMAND:CNX,compiled_registry_v1,src/help/helpdata_messages.cpp,true,true,true,,,"owner_scope=COMMAND:CNX ; facility_derived=CNX ; default_text_shape=singleline ; source=all_messages() ; enrichment_pending=HELP_TOPIC,CMDHELPCHK"
MSG_CNX_ADDTAG_ADDED_TE_251920E4,CNX_ADDTAG_ADDED_TEXT,CnxAddTagAddedText,en-US,GLOBAL,STATUS,INFO,CNX,active,,,added '{tag}'.,implemented,core,COMMAND:CNX,compiled_registry_v1,src/help/helpdata_messages.cpp,true,true,true,,,"owner_scope=COMMAND:CNX ; facility_derived=CNX ; default_text_shape=singleline ; source=all_messages() ; enrichment_pending=HELP_TOPIC,CMDHELPCHK"
MSG_CNX_DROPTAG_MISSING_B7E5B0E4,CNX_DROPTAG_MISSING_NAME_TEXT,CnxDropTagMissingNameText,en-US,GLOBAL,ERROR,ERROR,CNX,active,,,missing <name>.,implemented,core,COMMAND:CNX,compiled_registry_v1,src/help/helpdata_messages.cpp,true,true,true,,,"owner_scope=COMMAND:CNX ; facility_derived=CNX ; default_text_shape=singleline ; source=all_messages() ; enrichment_pending=HELP_TOPIC,CMDHELPCHK"
MSG_CNX_DROPTAG_UNABLE__F41CC203,CNX_DROPTAG_UNABLE_RESOLVE_PATH_TEXT,CnxDropTagUnableResolvePathText,en-US,GLOBAL,ERROR,ERROR,CNX,active,,,unable to resolve path.,implemented,core,COMMAND:CNX,compiled_registry_v1,src/help/helpdata_messages.cpp,true,true,true,,,"owner_scope=COMMAND:CNX ; facility_derived=CNX ; default_text_shape=singleline ; source=all_messages() ; enrichment_pending=HELP_TOPIC,CMDHELPCHK"
MSG_CNX_DROPTAG_OPEN_FA_0F029531,CNX_DROPTAG_OPEN_FAILED_TEXT,CnxDropTagOpenFailedText,en-US,GLOBAL,ERROR,ERROR,CNX,active,,,open failed.,implemented,core,COMMAND:CNX,compiled_registry_v1,src/help/helpdata_messages.cpp,true,true,true,,,"owner_scope=COMMAND:CNX ; facility_derived=CNX ; default_text_shape=singleline ; source=all_messages() ; enrichment_pending=HELP_TOPIC,CMDHELPCHK"
MSG_CNX_DROPTAG_NOT_FOU_52E57034,CNX_DROPTAG_NOT_FOUND_TEXT,CnxDropTagNotFoundText,en-US,GLOBAL,ERROR,ERROR,CNX,active,,,not found.,implemented,core,COMMAND:CNX,compiled_registry_v1,src/help/helpdata_messages.cpp,true,true,true,,,"owner_scope=COMMAND:CNX ; facility_derived=CNX ; default_text_shape=singleline ; source=all_messages() ; enrichment_pending=HELP_TOPIC,CMDHELPCHK"
MSG_CNX_DROPTAG_REMOVED_BB4F101F,CNX_DROPTAG_REMOVED_TEXT,CnxDropTagRemovedText,en-US,GLOBAL,STATUS,INFO,CNX,active,,,removed '{tag}'.,implemented,core,COMMAND:CNX,compiled_registry_v1,src/help/helpdata_messages.cpp,true,true,true,,,"owner_scope=COMMAND:CNX ; facility_derived=CNX ; default_text_shape=singleline ; source=all_messages() ; enrichment_pending=HELP_TOPIC,CMDHELPCHK"
MSG_CNX_UNKNOWN_SUBCOMM_7C0C6FFF,CNX_UNKNOWN_SUBCOMMAND_TEXT,CnxUnknownSubcommandText,en-US,GLOBAL,ERROR,ERROR,CNX,active,,,unknown subcommand: {subcommand},implemented,core,COMMAND:CNX,compiled_registry_v1,src/help/helpdata_messages.cpp,true,true,true,,,"owner_scope=COMMAND:CNX ; facility_derived=CNX ; default_text_shape=singleline ; source=all_messages() ; enrichment_pending=HELP_TOPIC,CMDHELPCHK"
MSG_CLEAR_USAGE_TEXT_AA6E4CBC,CLEAR_USAGE_TEXT,ClearUsageText,en-US,GLOBAL,USAGE,INFO,CLEAR,active,,,Usage: / CLEAR USAGE / CLEAR / CLS / Notes: / - Clears the console screen only.,implemented,core,COMMAND:CLEAR,compiled_registry_v1,src/help/helpdata_messages.cpp,true,true,true,,,"owner_scope=COMMAND:CLEAR ; facility_derived=CLEAR ; default_text_shape=multiline ; source=all_messages() ; enrichment_pending=HELP_TOPIC,CMDHELPCHK"
MSG_QUIT_USAGE_TEXT_6614C7E9,QUIT_USAGE_TEXT,QuitUsageText,en-US,GLOBAL,USAGE,INFO,QUIT,active,,,Usage: / QUIT / EXIT / Notes: / Requests normal DotTalk++ shutdown.,implemented,core,COMMAND:QUIT,compiled_registry_v1,src/help/helpdata_messages.cpp,true,true,true,,,"owner_scope=COMMAND:QUIT ; facility_derived=QUIT ; default_text_shape=multiline ; source=all_messages() ; enrichment_pending=HELP_TOPIC,CMDHELPCHK"
MSG_UNLOCK_USAGE_TEXT_2E20596F,UNLOCK_USAGE_TEXT,UnlockUsageText,en-US,GLOBAL,USAGE,INFO,UNLOCK,active,,,Usage: / UNLOCK USAGE / UNLOCK / UNLOCK <recno> / UNLOCK ALL / UNLOCK TABLE / Examples: / UNLOCK / UNLOCK 10 / UNLOCK ALL / UNLOCK TABLE / Notes: / - UNLOCK USAGE does not require ,implemented,core,COMMAND:UNLOCK,compiled_registry_v1,src/help/helpdata_messages.cpp,true,true,true,,,"owner_scope=COMMAND:UNLOCK ; facility_derived=UNLOCK ; default_text_shape=multiline ; source=all_messages() ; enrichment_pending=HELP_TOPIC,CMDHELPCHK"
MSG_UNLOCK_NO_TABLE_OPE_49D52EE9,UNLOCK_NO_TABLE_OPEN_TEXT,UnlockNoTableOpenText,en-US,GLOBAL,ERROR,ERROR,UNLOCK,active,,,UNLOCK: no table open.,implemented,core,COMMAND:UNLOCK,compiled_registry_v1,src/help/helpdata_messages.cpp,true,true,true,,,"owner_scope=COMMAND:UNLOCK ; facility_derived=UNLOCK ; default_text_shape=singleline ; source=all_messages() ; enrichment_pending=HELP_TOPIC,CMDHELPCHK"
MSG_UNLOCK_NO_CURRENT_R_E527049C,UNLOCK_NO_CURRENT_RECORD_TEXT,UnlockNoCurrentRecordText,en-US,GLOBAL,ERROR,ERROR,UNLOCK,active,,,UNLOCK: no current record.,implemented,core,COMMAND:UNLOCK,compiled_registry_v1,src/help/helpdata_messages.cpp,true,true,true,,,"owner_scope=COMMAND:UNLOCK ; facility_derived=UNLOCK ; default_text_shape=singleline ; source=all_messages() ; enrichment_pending=HELP_TOPIC,CMDHELPCHK"
MSG_UNLOCK_RECORD_UNLOC_E1AF0611,UNLOCK_RECORD_UNLOCKED_TEXT,UnlockRecordUnlockedText,en-US,GLOBAL,STATUS,INFO,UNLOCK,active,,,UNLOCK: record {recno} unlocked.,implemented,core,COMMAND:UNLOCK,compiled_registry_v1,src/help/helpdata_messages.cpp,true,true,true,,,"owner_scope=COMMAND:UNLOCK ; facility_derived=UNLOCK ; default_text_shape=singleline ; source=all_messages() ; enrichment_pending=HELP_TOPIC,CMDHELPCHK"
MSG_UNLOCK_TABLE_UNLOCK_F614B4AB,UNLOCK_TABLE_UNLOCKED_TEXT,UnlockTableUnlockedText,en-US,GLOBAL,STATUS,INFO,UNLOCK,active,,,UNLOCK: table unlocked.,implemented,core,COMMAND:UNLOCK,compiled_registry_v1,src/help/helpdata_messages.cpp,true,true,true,,,"owner_scope=COMMAND:UNLOCK ; facility_derived=UNLOCK ; default_text_shape=singleline ; source=all_messages() ; enrichment_pending=HELP_TOPIC,CMDHELPCHK"
MSG_REFRESH_USAGE_TEXT_13BCE943,REFRESH_USAGE_TEXT,RefreshUsageText,en-US,GLOBAL,USAGE,INFO,REFRESH,active,,,Usage: / REFRESH / REFRESH USAGE,implemented,core,COMMAND:REFRESH,compiled_registry_v1,src/help/helpdata_messages.cpp,true,true,true,,,"owner_scope=COMMAND:REFRESH ; facility_derived=REFRESH ; default_text_shape=multiline ; source=all_messages() ; enrichment_pending=HELP_TOPIC,CMDHELPCHK"
MSG_REFRESH_NO_TABLE_OP_1F764AC1,REFRESH_NO_TABLE_OPEN_TEXT,RefreshNoTableOpenText,en-US,GLOBAL,ERROR,ERROR,REFRESH,active,,,No table open.,implemented,core,COMMAND:REFRESH,compiled_registry_v1,src/help/helpdata_messages.cpp,true,true,true,,,"owner_scope=COMMAND:REFRESH ; facility_derived=REFRESH ; default_text_shape=singleline ; source=all_messages() ; enrichment_pending=HELP_TOPIC,CMDHELPCHK"
MSG_REFRESH_MISSING_FIL_992B4F48,REFRESH_MISSING_FILENAME_TEXT,RefreshMissingFilenameText,en-US,GLOBAL,ERROR,ERROR,REFRESH,active,,,Refresh failed: current table has no filename().,implemented,core,COMMAND:REFRESH,compiled_registry_v1,src/help/helpdata_messages.cpp,true,true,true,,,"owner_scope=COMMAND:REFRESH ; facility_derived=REFRESH ; default_text_shape=singleline ; source=all_messages() ; enrichment_pending=HELP_TOPIC,CMDHELPCHK"
MSG_REFRESH_FILE_NOT_FO_3D9E9925,REFRESH_FILE_NOT_FOUND_TEXT,RefreshFileNotFoundText,en-US,GLOBAL,ERROR,ERROR,REFRESH,active,,,Refresh failed: file not found: {path},implemented,core,COMMAND:REFRESH,compiled_registry_v1,src/help/helpdata_messages.cpp,true,true,true,,,"owner_scope=COMMAND:REFRESH ; facility_derived=REFRESH ; default_text_shape=singleline ; source=all_messages() ; enrichment_pending=HELP_TOPIC,CMDHELPCHK"
MSG_REFRESH_ORDER_RESTO_96EA4750,REFRESH_ORDER_RESTORE_WARNING_TEXT,RefreshOrderRestoreWarningText,en-US,GLOBAL,WARNING,WARNING,REFRESH,active,,,REFRESH warning: order restore failed: {detail},implemented,core,COMMAND:REFRESH,compiled_registry_v1,src/help/helpdata_messages.cpp,true,true,true,,,"owner_scope=COMMAND:REFRESH ; facility_derived=REFRESH ; default_text_shape=singleline ; source=all_messages() ; enrichment_pending=HELP_TOPIC,CMDHELPCHK"
MSG_REFRESH_SUCCESS_TEX_768F3ABE,REFRESH_SUCCESS_TEXT,RefreshSuccessText,en-US,GLOBAL,STATUS,INFO,REFRESH,active,,,Refreshed {name} ({count} records).,implemented,core,COMMAND:REFRESH,compiled_registry_v1,src/help/helpdata_messages.cpp,true,true,true,,,"owner_scope=COMMAND:REFRESH ; facility_derived=REFRESH ; default_text_shape=singleline ; source=all_messages() ; enrichment_pending=HELP_TOPIC,CMDHELPCHK"
MSG_REFRESH_FAILED_TEXT_B49BDE4B,REFRESH_FAILED_TEXT,RefreshFailedText,en-US,GLOBAL,ERROR,ERROR,REFRESH,active,,,Refresh failed: {detail},implemented,core,COMMAND:REFRESH,compiled_registry_v1,src/help/helpdata_messages.cpp,true,true,true,,,"owner_scope=COMMAND:REFRESH ; facility_derived=REFRESH ; default_text_shape=singleline ; source=all_messages() ; enrichment_pending=HELP_TOPIC,CMDHELPCHK"
MSG_ERROR_CLEAR_USAGE_T_8036433F,ERROR_CLEAR_USAGE_TEXT,ErrorClearUsageText,en-US,GLOBAL,USAGE,INFO,ERROR_CLEAR,active,,,Usage: / ERROR_CLEAR / ERROR_CLEAR USAGE,implemented,core,COMMAND:ERROR_CLEAR,compiled_registry_v1,src/help/helpdata_messages.cpp,true,true,true,,,"owner_scope=COMMAND:ERROR_CLEAR ; facility_derived=ERROR_CLEAR ; default_text_shape=multiline ; source=all_messages() ; enrichment_pending=HELP_TOPIC,CMDHELPCHK"
MSG_ERROR_CLEAR_STATUS__B0CD9957,ERROR_CLEAR_STATUS_TEXT,ErrorClearStatusText,en-US,GLOBAL,STATUS,INFO,ERROR_CLEAR,active,,,Last error cleared.,implemented,core,COMMAND:ERROR_CLEAR,compiled_registry_v1,src/help/helpdata_messages.cpp,true,true,true,,,"owner_scope=COMMAND:ERROR_CLEAR ; facility_derived=ERROR_CLEAR ; default_text_shape=singleline ; source=all_messages() ; enrichment_pending=HELP_TOPIC,CMDHELPCHK"
MSG_ERROR_STATUS_USAGE__195A7749,ERROR_STATUS_USAGE_TEXT,ErrorStatusUsageText,en-US,GLOBAL,USAGE,INFO,ERROR_STATUS,active,,,Usage: / ERROR_STATUS / ERROR_STATUS USAGE,implemented,core,COMMAND:ERROR_STATUS,compiled_registry_v1,src/help/helpdata_messages.cpp,true,true,true,,,"owner_scope=COMMAND:ERROR_STATUS ; facility_derived=ERROR_STATUS ; default_text_shape=multiline ; source=all_messages() ; enrichment_pending=HELP_TOPIC,CMDHELPCHK"
MSG_ERROR_STATUS_HEADER_C89A4BD7,ERROR_STATUS_HEADER_TEXT,ErrorStatusHeaderText,en-US,GLOBAL,STATUS,INFO,ERROR_STATUS,active,,,Last Error:,implemented,core,COMMAND:ERROR_STATUS,compiled_registry_v1,src/help/helpdata_messages.cpp,true,true,true,,,"owner_scope=COMMAND:ERROR_STATUS ; facility_derived=ERROR_STATUS ; default_text_shape=singleline ; source=all_messages() ; enrichment_pending=HELP_TOPIC,CMDHELPCHK"
MSG_ERROR_STATUS_SEVERI_E01228D4,ERROR_STATUS_SEVERITY_LINE_TEXT,ErrorStatusSeverityLineText,en-US,GLOBAL,STATUS,INFO,ERROR_STATUS,active,,,Severity : {value},implemented,core,COMMAND:ERROR_STATUS,compiled_registry_v1,src/help/helpdata_messages.cpp,true,true,true,,,"owner_scope=COMMAND:ERROR_STATUS ; facility_derived=ERROR_STATUS ; default_text_shape=singleline ; source=all_messages() ; enrichment_pending=HELP_TOPIC,CMDHELPCHK"
MSG_ERROR_STATUS_FACILI_1BB25DE6,ERROR_STATUS_FACILITY_LINE_TEXT,ErrorStatusFacilityLineText,en-US,GLOBAL,STATUS,INFO,ERROR_STATUS,active,,,Facility : {value} ({hex}),implemented,core,COMMAND:ERROR_STATUS,compiled_registry_v1,src/help/helpdata_messages.cpp,true,true,true,,,"owner_scope=COMMAND:ERROR_STATUS ; facility_derived=ERROR_STATUS ; default_text_shape=singleline ; source=all_messages() ; enrichment_pending=HELP_TOPIC,CMDHELPCHK"
MSG_ERROR_STATUS_NUMBER_811EB62A,ERROR_STATUS_NUMBER_LINE_TEXT,ErrorStatusNumberLineText,en-US,GLOBAL,STATUS,INFO,ERROR_STATUS,active,,,Number : {value},implemented,core,COMMAND:ERROR_STATUS,compiled_registry_v1,src/help/helpdata_messages.cpp,true,true,true,,,"owner_scope=COMMAND:ERROR_STATUS ; facility_derived=ERROR_STATUS ; default_text_shape=singleline ; source=all_messages() ; enrichment_pending=HELP_TOPIC,CMDHELPCHK"
MSG_ERROR_STATUS_HRESUL_2DB83236,ERROR_STATUS_HRESULT_LINE_TEXT,ErrorStatusHresultLineText,en-US,GLOBAL,STATUS,INFO,ERROR_STATUS,active,,,HRESULT : {value},implemented,core,COMMAND:ERROR_STATUS,compiled_registry_v1,src/help/helpdata_messages.cpp,true,true,true,,,"owner_scope=COMMAND:ERROR_STATUS ; facility_derived=ERROR_STATUS ; default_text_shape=singleline ; source=all_messages() ; enrichment_pending=HELP_TOPIC,CMDHELPCHK"
MSG_ERROR_STATUS_MESSAG_0E8069AA,ERROR_STATUS_MESSAGE_LINE_TEXT,ErrorStatusMessageLineText,en-US,GLOBAL,STATUS,INFO,ERROR_STATUS,active,,,Message : {value},implemented,core,COMMAND:ERROR_STATUS,compiled_registry_v1,src/help/helpdata_messages.cpp,true,true,true,,,"owner_scope=COMMAND:ERROR_STATUS ; facility_derived=ERROR_STATUS ; default_text_shape=singleline ; source=all_messages() ; enrichment_pending=HELP_TOPIC,CMDHELPCHK"
MSG_ERROR_TEST_USAGE_TE_511A4CDF,ERROR_TEST_USAGE_TEXT,ErrorTestUsageText,en-US,GLOBAL,USAGE,INFO,ERROR_TEST,active,,,Usage: / ERROR_TEST / ERROR_TEST USAGE,implemented,core,COMMAND:ERROR_TEST,compiled_registry_v1,src/help/helpdata_messages.cpp,true,true,true,,,"owner_scope=COMMAND:ERROR_TEST ; facility_derived=ERROR_TEST ; default_text_shape=multiline ; source=all_messages() ; enrichment_pending=HELP_TOPIC,CMDHELPCHK"
MSG_ERROR_TEST_HEADER_T_A682C7A7,ERROR_TEST_HEADER_TEXT,ErrorTestHeaderText,en-US,GLOBAL,STATUS,INFO,ERROR_TEST,active,,,ERROR subsystem self-test:,implemented,core,COMMAND:ERROR_TEST,compiled_registry_v1,src/help/helpdata_messages.cpp,true,true,true,,,"owner_scope=COMMAND:ERROR_TEST ; facility_derived=ERROR_TEST ; default_text_shape=singleline ; source=all_messages() ; enrichment_pending=HELP_TOPIC,CMDHELPCHK"
MSG_ERROR_TEST_RESULT_L_60CC93D4,ERROR_TEST_RESULT_LINE_TEXT,ErrorTestResultLineText,en-US,GLOBAL,STATUS,INFO,ERROR_TEST,active,,,{name} {result},implemented,core,COMMAND:ERROR_TEST,compiled_registry_v1,src/help/helpdata_messages.cpp,true,true,true,,,"owner_scope=COMMAND:ERROR_TEST ; facility_derived=ERROR_TEST ; default_text_shape=singleline ; source=all_messages() ; enrichment_pending=HELP_TOPIC,CMDHELPCHK"
MSG_ERROR_TEST_PASSED_T_0A15E141,ERROR_TEST_PASSED_TEXT,ErrorTestPassedText,en-US,GLOBAL,STATUS,INFO,ERROR_TEST,active,,,All tests passed.,implemented,core,COMMAND:ERROR_TEST,compiled_registry_v1,src/help/helpdata_messages.cpp,true,true,true,,,"owner_scope=COMMAND:ERROR_TEST ; facility_derived=ERROR_TEST ; default_text_shape=singleline ; source=all_messages() ; enrichment_pending=HELP_TOPIC,CMDHELPCHK"
MSG_ERROR_TEST_FAILED_T_C8C131C0,ERROR_TEST_FAILED_TEXT,ErrorTestFailedText,en-US,GLOBAL,ERROR,ERROR,ERROR_TEST,active,,,One or more tests FAILED.,implemented,core,COMMAND:ERROR_TEST,compiled_registry_v1,src/help/helpdata_messages.cpp,true,true,true,,,"owner_scope=COMMAND:ERROR_TEST ; facility_derived=ERROR_TEST ; default_text_shape=singleline ; source=all_messages() ; enrichment_pending=HELP_TOPIC,CMDHELPCHK"
MSG_ERROR_TEST_OK_LABEL_F69D0BA0,ERROR_TEST_OK_LABEL,ErrorTestOkLabel,en-US,GLOBAL,STATUS,INFO,ERROR_TEST,active,,,OK,implemented,core,COMMAND:ERROR_TEST,compiled_registry_v1,src/help/helpdata_messages.cpp,true,true,true,,,"owner_scope=COMMAND:ERROR_TEST ; facility_derived=ERROR_TEST ; default_text_shape=singleline ; source=all_messages() ; enrichment_pending=HELP_TOPIC,CMDHELPCHK"
MSG_ERROR_TEST_FAIL_LAB_FD2BABAA,ERROR_TEST_FAIL_LABEL,ErrorTestFailLabel,en-US,GLOBAL,STATUS,ERROR,ERROR_TEST,active,,,FAIL,implemented,core,COMMAND:ERROR_TEST,compiled_registry_v1,src/help/helpdata_messages.cpp,true,true,true,,,"owner_scope=COMMAND:ERROR_TEST ; facility_derived=ERROR_TEST ; default_text_shape=singleline ; source=all_messages() ; enrichment_pending=HELP_TOPIC,CMDHELPCHK"
MSG_LOCK_USAGE_TEXT_4612A880,LOCK_USAGE_TEXT,LockUsageText,en-US,GLOBAL,USAGE,INFO,LOCK,active,,,Usage: / LOCK USAGE - show this usage / LOCK - lock current record / LOCK <n> - lock record <n> / LOCK ALL - lock entire table / LOCK TABLE - lock entire table / LOCK STATUS - show,implemented,core,COMMAND:LOCK,compiled_registry_v1,src/help/helpdata_messages.cpp,true,true,true,,,"owner_scope=COMMAND:LOCK ; facility_derived=LOCK ; default_text_shape=multiline ; source=all_messages() ; enrichment_pending=HELP_TOPIC,CMDHELPCHK"
MSG_LOCK_STATUS_NO_TABL_22212E97,LOCK_STATUS_NO_TABLE_OPEN_TEXT,LockStatusNoTableOpenText,en-US,GLOBAL,ERROR,ERROR,LOCK,active,,,LOCK STATUS: no table open.,implemented,core,COMMAND:LOCK,compiled_registry_v1,src/help/helpdata_messages.cpp,true,true,true,,,"owner_scope=COMMAND:LOCK ; facility_derived=LOCK ; default_text_shape=singleline ; source=all_messages() ; enrichment_pending=HELP_TOPIC,CMDHELPCHK"
MSG_LOCK_STATUS_TABLE_L_815FE913,LOCK_STATUS_TABLE_LINE_TEXT,LockStatusTableLineText,en-US,GLOBAL,STATUS,INFO,LOCK,active,,,Table: {state}{owner_clause},implemented,core,COMMAND:LOCK,compiled_registry_v1,src/help/helpdata_messages.cpp,true,true,true,,,"owner_scope=COMMAND:LOCK ; facility_derived=LOCK ; default_text_shape=singleline ; source=all_messages() ; enrichment_pending=HELP_TOPIC,CMDHELPCHK"
MSG_LOCK_STATUS_RECORD__5EAD31C9,LOCK_STATUS_RECORD_LINE_TEXT,LockStatusRecordLineText,en-US,GLOBAL,STATUS,INFO,LOCK,active,,,Record {recno}: {state}{owner_clause},implemented,core,COMMAND:LOCK,compiled_registry_v1,src/help/helpdata_messages.cpp,true,true,true,,,"owner_scope=COMMAND:LOCK ; facility_derived=LOCK ; default_text_shape=singleline ; source=all_messages() ; enrichment_pending=HELP_TOPIC,CMDHELPCHK"
MSG_LOCK_STATE_LOCKED_T_641939F8,LOCK_STATE_LOCKED_TEXT,LockStateLockedText,en-US,GLOBAL,STATUS,INFO,LOCK,active,,,LOCKED,implemented,core,COMMAND:LOCK,compiled_registry_v1,src/help/helpdata_messages.cpp,true,true,true,,,"owner_scope=COMMAND:LOCK ; facility_derived=LOCK ; default_text_shape=singleline ; source=all_messages() ; enrichment_pending=HELP_TOPIC,CMDHELPCHK"
MSG_LOCK_STATE_UNLOCKED_5249B7F7,LOCK_STATE_UNLOCKED_TEXT,LockStateUnlockedText,en-US,GLOBAL,STATUS,INFO,LOCK,active,,,unlocked,implemented,core,COMMAND:LOCK,compiled_registry_v1,src/help/helpdata_messages.cpp,true,true,true,,,"owner_scope=COMMAND:LOCK ; facility_derived=LOCK ; default_text_shape=singleline ; source=all_messages() ; enrichment_pending=HELP_TOPIC,CMDHELPCHK"
MSG_LOCK_OWNER_CLAUSE_T_C8A28768,LOCK_OWNER_CLAUSE_TEXT,LockOwnerClauseText,en-US,GLOBAL,STATUS,INFO,LOCK,active,,,(owner {owner}),implemented,core,COMMAND:LOCK,compiled_registry_v1,src/help/helpdata_messages.cpp,true,true,true,,,"owner_scope=COMMAND:LOCK ; facility_derived=LOCK ; default_text_shape=singleline ; source=all_messages() ; enrichment_pending=HELP_TOPIC,CMDHELPCHK"
MSG_LOCK_WHO_NONE_TEXT_6E0BDAE9,LOCK_WHO_NONE_TEXT,LockWhoNoneText,en-US,GLOBAL,STATUS,INFO,LOCK,active,,,LOCK WHO: no lock recorded for {recno}.,implemented,core,COMMAND:LOCK,compiled_registry_v1,src/help/helpdata_messages.cpp,true,true,true,,,"owner_scope=COMMAND:LOCK ; facility_derived=LOCK ; default_text_shape=singleline ; source=all_messages() ; enrichment_pending=HELP_TOPIC,CMDHELPCHK"
MSG_LOCK_WHO_OWNED_TEXT_22888FC9,LOCK_WHO_OWNED_TEXT,LockWhoOwnedText,en-US,GLOBAL,STATUS,INFO,LOCK,active,,,LOCK WHO: record {recno} owned by {owner},implemented,core,COMMAND:LOCK,compiled_registry_v1,src/help/helpdata_messages.cpp,true,true,true,,,"owner_scope=COMMAND:LOCK ; facility_derived=LOCK ; default_text_shape=singleline ; source=all_messages() ; enrichment_pending=HELP_TOPIC,CMDHELPCHK"
MSG_LOCK_NO_TABLE_OPEN__8902D873,LOCK_NO_TABLE_OPEN_TEXT,LockNoTableOpenText,en-US,GLOBAL,ERROR,ERROR,LOCK,active,,,LOCK: no table open.,implemented,core,COMMAND:LOCK,compiled_registry_v1,src/help/helpdata_messages.cpp,true,true,true,,,"owner_scope=COMMAND:LOCK ; facility_derived=LOCK ; default_text_shape=singleline ; source=all_messages() ; enrichment_pending=HELP_TOPIC,CMDHELPCHK"
MSG_LOCK_NO_CURRENT_REC_9A6118D5,LOCK_NO_CURRENT_RECORD_TEXT,LockNoCurrentRecordText,en-US,GLOBAL,ERROR,ERROR,LOCK,active,,,LOCK: no current record.,implemented,core,COMMAND:LOCK,compiled_registry_v1,src/help/helpdata_messages.cpp,true,true,true,,,"owner_scope=COMMAND:LOCK ; facility_derived=LOCK ; default_text_shape=singleline ; source=all_messages() ; enrichment_pending=HELP_TOPIC,CMDHELPCHK"
MSG_LOCK_RECORD_LOCKED__2FBCAA74,LOCK_RECORD_LOCKED_TEXT,LockRecordLockedText,en-US,GLOBAL,STATUS,INFO,LOCK,active,,,LOCK: record {recno} locked.,implemented,core,COMMAND:LOCK,compiled_registry_v1,src/help/helpdata_messages.cpp,true,true,true,,,"owner_scope=COMMAND:LOCK ; facility_derived=LOCK ; default_text_shape=singleline ; source=all_messages() ; enrichment_pending=HELP_TOPIC,CMDHELPCHK"
MSG_LOCK_TABLE_LOCKED_T_E0A91EE7,LOCK_TABLE_LOCKED_TEXT,LockTableLockedText,en-US,GLOBAL,STATUS,INFO,LOCK,active,,,LOCK: table locked.,implemented,core,COMMAND:LOCK,compiled_registry_v1,src/help/helpdata_messages.cpp,true,true,true,,,"owner_scope=COMMAND:LOCK ; facility_derived=LOCK ; default_text_shape=singleline ; source=all_messages() ; enrichment_pending=HELP_TOPIC,CMDHELPCHK"
MSG_LOCK_FAILED_TEXT_6B40444E,LOCK_FAILED_TEXT,LockFailedText,en-US,GLOBAL,ERROR,ERROR,LOCK,active,,,LOCK: failed ({detail}).,implemented,core,COMMAND:LOCK,compiled_registry_v1,src/help/helpdata_messages.cpp,true,true,true,,,"owner_scope=COMMAND:LOCK ; facility_derived=LOCK ; default_text_shape=singleline ; source=all_messages() ; enrichment_pending=HELP_TOPIC,CMDHELPCHK"
MSG_RECNO_USAGE_TEXT_A7FCE36C,RECNO_USAGE_TEXT,RecnoUsageText,en-US,GLOBAL,USAGE,INFO,RECNO,active,,,Usage: / RECNO / RECNO USAGE / RECNO <n>,implemented,core,COMMAND:RECNO,compiled_registry_v1,src/help/helpdata_messages.cpp,true,true,true,,,"owner_scope=COMMAND:RECNO ; facility_derived=RECNO ; default_text_shape=multiline ; source=all_messages() ; enrichment_pending=HELP_TOPIC,CMDHELPCHK"
MSG_RECNO_OUT_OF_RANGE__59EFCC72,RECNO_OUT_OF_RANGE_TEXT,RecnoOutOfRangeText,en-US,GLOBAL,ERROR,ERROR,RECNO,active,,,Record number out of range (1..{max}).,implemented,core,COMMAND:RECNO,compiled_registry_v1,src/help/helpdata_messages.cpp,true,true,true,,,"owner_scope=COMMAND:RECNO ; facility_derived=RECNO ; default_text_shape=singleline ; source=all_messages() ; enrichment_pending=HELP_TOPIC,CMDHELPCHK"
MSG_RECNO_UNABLE_NAVIGA_EED5AF19,RECNO_UNABLE_NAVIGATE_TEXT,RecnoUnableNavigateText,en-US,GLOBAL,ERROR,ERROR,RECNO,active,,,Unable to navigate to record {recno}.,implemented,core,COMMAND:RECNO,compiled_registry_v1,src/help/helpdata_messages.cpp,true,true,true,,,"owner_scope=COMMAND:RECNO ; facility_derived=RECNO ; default_text_shape=singleline ; source=all_messages() ; enrichment_pending=HELP_TOPIC,CMDHELPCHK"
MSG_SHOWINI_USAGE_TEXT_CFDFB066,SHOWINI_USAGE_TEXT,ShowIniUsageText,en-US,GLOBAL,USAGE,INFO,SHOWINI,active,,,Usage: / SHOWINI / SHOWINI USAGE / SHOWINI <table-or-ini> / SHOWINI PATH <ini-file> / Examples: / SHOWINI / SHOWINI students / SHOWINI students.ini / SHOWINI PATH d:\data\students.,implemented,core,COMMAND:SHOWINI,compiled_registry_v1,src/help/helpdata_messages.cpp,true,true,true,,,"owner_scope=COMMAND:SHOWINI ; facility_derived=SHOWINI ; default_text_shape=multiline ; source=all_messages() ; enrichment_pending=HELP_TOPIC,CMDHELPCHK"
MSG_SHOWINI_NO_TABLE_OP_1A32E6A3,SHOWINI_NO_TABLE_OPEN_TEXT,ShowIniNoTableOpenText,en-US,GLOBAL,ERROR,ERROR,SHOWINI,active,,,SHOWINI: no table open.,implemented,core,COMMAND:SHOWINI,compiled_registry_v1,src/help/helpdata_messages.cpp,true,true,true,,,"owner_scope=COMMAND:SHOWINI ; facility_derived=SHOWINI ; default_text_shape=singleline ; source=all_messages() ; enrichment_pending=HELP_TOPIC,CMDHELPCHK"
MSG_SHOWINI_PATH_REQUIR_6EEFC3F4,SHOWINI_PATH_REQUIRES_FILENAME_TEXT,ShowIniPathRequiresFilenameText,en-US,GLOBAL,ERROR,ERROR,SHOWINI,active,,,SHOWINI: PATH requires filename.,implemented,core,COMMAND:SHOWINI,compiled_registry_v1,src/help/helpdata_messages.cpp,true,true,true,,,"owner_scope=COMMAND:SHOWINI ; facility_derived=SHOWINI ; default_text_shape=singleline ; source=all_messages() ; enrichment_pending=HELP_TOPIC,CMDHELPCHK"
MSG_SHOWINI_FILE_NOT_FO_15BEB81D,SHOWINI_FILE_NOT_FOUND_TEXT,ShowIniFileNotFoundText,en-US,GLOBAL,ERROR,ERROR,SHOWINI,active,,,SHOWINI: ini file not found: {path},implemented,core,COMMAND:SHOWINI,compiled_registry_v1,src/help/helpdata_messages.cpp,true,true,true,,,"owner_scope=COMMAND:SHOWINI ; facility_derived=SHOWINI ; default_text_shape=singleline ; source=all_messages() ; enrichment_pending=HELP_TOPIC,CMDHELPCHK"
MSG_SHOWINI_LOAD_FAILED_CAA07CF8,SHOWINI_LOAD_FAILED_TEXT,ShowIniLoadFailedText,en-US,GLOBAL,ERROR,ERROR,SHOWINI,active,,,SHOWINI: load failed: {detail},implemented,core,COMMAND:SHOWINI,compiled_registry_v1,src/help/helpdata_messages.cpp,true,true,true,,,"owner_scope=COMMAND:SHOWINI ; facility_derived=SHOWINI ; default_text_shape=singleline ; source=all_messages() ; enrichment_pending=HELP_TOPIC,CMDHELPCHK"
MSG_SHOWINI_REPORT_TITL_59BF52E9,SHOWINI_REPORT_TITLE_TEXT,ShowIniReportTitleText,en-US,GLOBAL,STATUS,INFO,SHOWINI,active,,,INI SETTINGS REPORT,implemented,core,COMMAND:SHOWINI,compiled_registry_v1,src/help/helpdata_messages.cpp,true,true,true,,,"owner_scope=COMMAND:SHOWINI ; facility_derived=SHOWINI ; default_text_shape=singleline ; source=all_messages() ; enrichment_pending=HELP_TOPIC,CMDHELPCHK"
MSG_SHOWINI_FILE_LINE_T_9C6F0A1D,SHOWINI_FILE_LINE_TEXT,ShowIniFileLineText,en-US,GLOBAL,STATUS,INFO,SHOWINI,active,,,File: {path},implemented,core,COMMAND:SHOWINI,compiled_registry_v1,src/help/helpdata_messages.cpp,true,true,true,,,"owner_scope=COMMAND:SHOWINI ; facility_derived=SHOWINI ; default_text_shape=singleline ; source=all_messages() ; enrichment_pending=HELP_TOPIC,CMDHELPCHK"
